date,sku,asin,product,category,units,listing_price,clf,oiv,customer_price
2026-03-01,SC-BABY48244,B07Y37P1T3,Baby Mattress,Mattress,1,1650.0,457.0,2107.0,1650.0
2026-03-01,SC-F-4TFOLD-BL-72X48,B0FHF65C2R,Tri-fold Mattress,Mattress,1,4822.0,810.0,5632.0,4259.0
2026-03-01,SC-F-COMF90x60,B08KTCLX7R,Reversible Comforter,Bedding,1,1127.0,250.0,1377.0,1127.0
2026-03-01,SC-F-CON-MFPILWS2-BAM-24x14,B09XFG77VR,Contour Bamboo MF Pillow,Pillows,3,5367.0,633.0,6000.0,5367.0
2026-03-01,SC-F-HYB-LATEX-D-72x48x6,B09XFLYZ66,Hybrid Latex Mattress,Mattress,1,9065.0,950.0,10015.0,8864.0
2026-03-01,SC-F-HYB-LATEX-D-78x48x6,B09XGGGFCX,Hybrid Latex Mattress,Mattress,1,9641.0,950.0,10591.0,8231.0
2026-03-01,SC-F-HYB-LATEX-K-72x72x6,B09XGDZQPC,Hybrid Latex Mattress,Mattress,5,64959.0,6150.0,71109.0,58827.0
2026-03-01,SC-F-HYB-LATEX-K-72x72x8,B09XFMGSKV,Hybrid Latex Mattress,Mattress,2,30242.0,2860.0,33102.0,29470.0
2026-03-01,SC-F-HYB-LATEX-K-75x70x6,B0F2TGGZSR,Hybrid Latex Mattress,Mattress,1,13457.0,1230.0,14687.0,12593.0
2026-03-01,SC-F-HYB-LATEX-K-75x72x6,B09XFLVCHN,Hybrid Latex Mattress,Mattress,2,26814.0,2460.0,29274.0,23143.0
2026-03-01,SC-F-HYB-LATEX-K-75x72x8,B09XFL1FR1,Hybrid Latex Mattress,Mattress,2,30962.0,2860.0,33822.0,29123.0
2026-03-01,SC-F-HYB-LATEX-K-78x72x6,B09XFKM8V6,Hybrid Latex Mattress,Mattress,3,41881.0,3690.0,45571.0,36160.0
2026-03-01,SC-F-HYB-LATEX-K-78x72x8,B09XGCSRXY,Hybrid Latex Mattress,Mattress,3,47629.0,4290.0,51919.0,43561.0
2026-03-01,SC-F-HYB-LATEX-Q-72x60x6,B09XGNVN9N,Hybrid Latex Mattress,Mattress,1,11291.0,1230.0,12521.0,9430.0
2026-03-01,SC-F-HYB-LATEX-Q-78x66x8,B0F2TKCPX5,Hybrid Latex Mattress,Mattress,1,15263.0,0.0,15263.0,15034.0
2026-03-01,SC-F-HYB-LATEX-S-72x36x6,B09XFMX37N,Hybrid Latex Mattress,Mattress,1,7405.0,950.0,8355.0,6584.0
2026-03-01,SC-F-LITEPILWPSET2-S-27X17,B0CV17V482,Fiber Lite,Pillows,1,617.0,148.0,765.0,617.0
2026-03-01,SC-F-LTX-ORTHO-D-75X48X6,B0G3CLHBKX,Latex Ortho Mattress,Mattress,1,7807.0,950.0,8757.0,7807.0
2026-03-01,SC-F-LTX-ORTHO-K-72X72X6,B0G3C251F1,Latex Ortho Mattress,Mattress,1,11307.0,1230.0,12537.0,11307.0
2026-03-01,SC-F-LTX-ORTHO-K-72X72X8,B0G3C233F8,Latex Ortho Mattress,Mattress,1,13057.0,1230.0,14287.0,12168.0
2026-03-01,SC-F-LTX-ORTHO-Q-72X66X8,B0G3C1Z7SB,Latex Ortho Mattress,Mattress,1,12637.0,0.0,12637.0,11774.0
2026-03-01,SC-F-LTX-ORTHO-Q-78X60X6,B0G3CTR224,Latex Ortho Mattress,Mattress,1,9837.0,950.0,10787.0,9190.0
2026-03-01,SC-F-LTX-ORTHO-S-72X36X6,B0G3CC722B,Latex Ortho Mattress,Mattress,2,11974.0,1620.0,13594.0,11974.0
2026-03-01,SC-F-ORIG-D-72x48x10,B0BB7KCGYN,Original Mattress,Mattress,1,10677.0,950.0,11627.0,10677.0
2026-03-01,SC-F-ORIG-K-72x70x8,B0F2TGCPMR,Original Mattress,Mattress,1,13337.0,1230.0,14567.0,12623.0
2026-03-01,SC-F-ORIG-Q-72x60x5,B0G25BHBT6,Original Mattress,Mattress,1,8913.0,950.0,9863.0,8913.0
2026-03-01,SC-F-ORIG-Q-75x66x5,B0G256TCF3,Original Mattress,Mattress,1,10236.0,950.0,11186.0,10236.0
2026-03-01,SC-F-ORIG-S-72x30x5,B0G256TW3Q,Original Mattress,Mattress,1,5411.0,810.0,6221.0,5411.0
2026-03-01,SC-F-ORIG-S-72x36x5,B0G255BCC2,Original Mattress,Mattress,1,6167.0,810.0,6977.0,5724.0
2026-03-01,SC-F-PROT-K-72x72,B0822WG76C,Protector,Bedding,2,1483.0,382.0,1865.0,1344.0
2026-03-01,SC-F-PROT-K-75x72,B0822W6ZCG,Protector,Bedding,1,756.0,191.0,947.0,756.0
2026-03-01,SC-F-PROT-Q-78x60,B0822WJWGS,Protector,Bedding,1,684.0,141.0,825.0,618.0
2026-03-01,SC-F-PROT-S-72x36,B0822W49Z9,Protector,Bedding,1,514.0,141.0,655.0,514.0
2026-03-01,SC-F-QRMTTOPPER-K-78x72x2,B0GGZTPLCW,Aeroflow Topper,Bedding,1,4600.0,0.0,4600.0,4600.0
2026-03-01,SC-F-S2CLPILW27x18,B08R7MX63N,Cloud Pillow,Pillows,4,8616.0,844.0,9460.0,7633.0
2026-03-01,SC-F-S2MFPILW-26x16x4,B08R8DC5BB,Memory Foam Pillow,Pillows,13,21910.0,2743.0,24653.0,19530.0
2026-03-01,SC-F-S4MFPILW-26x16x4,B08R8DQ3T4,Memory Foam Pillow,Pillows,2,7192.0,422.0,7614.0,7192.0
2026-03-01,SC-F-SMFPILWSET1-BAM-S-22x14,B0F1Y416FR,Small Memory Foam Pillow,Pillows,3,1956.0,444.0,2400.0,1888.0
2026-03-01,SC-F-STD-LTX-BAM-24x16,B0F2SWXPMT,Standard Latex Pillow,Pillows,1,2096.0,211.0,2307.0,2096.0
2026-03-01,SC-MFPILW-BAM-C-25x16,B09XFF5LPL,Contour Bamboo MF Pillow,Pillows,6,5036.0,888.0,5924.0,5036.0
2026-03-01,SC-PILLOW,B0822SXQGH,Memory Foam Pillow,Pillows,10,10256.0,2110.0,12366.0,10256.0
2026-03-01,SC-SLSTFTDSHEET-K-78x72,B0C2ZQVLPS,Cotton Fitted Bedsheet,Bedding,1,1510.0,198.0,1708.0,1331.0
2026-03-01,SC-ULTM-K-78x72x10,B09XGSHBKJ,Ultima Mattress,Mattress,1,19577.0,1430.0,21007.0,19577.0
2026-03-01,SC-ULTM-K-78x72x8,B09XGRWRST,Ultima Mattress,Mattress,1,16977.0,1430.0,18407.0,16977.0
2026-03-01,SC-ULTM-Q-72x60x10,B09XGTCS7M,Ultima Mattress,Mattress,1,16977.0,1430.0,18407.0,16977.0
2026-03-01,SC-ULTM-Q-75x60x8,B09XGPK5MG,Ultima Mattress,Mattress,1,14877.0,1430.0,16307.0,12819.0
2026-03-01,SC-ULTM-Q-78x60x8,B09XGNTMB7,Ultima Mattress,Mattress,1,14877.0,1430.0,16307.0,14877.0
2026-03-01,SC72366,B078BRGTDM,Original Mattress,Mattress,1,6477.0,810.0,7287.0,6477.0
2026-03-01,SC72486,B077Q9YRMY,Original Mattress,Mattress,2,16214.0,1900.0,18114.0,16214.0
2026-03-01,SC72726,B077QJVWBR,Original Mattress,Mattress,2,23114.0,2460.0,25574.0,19833.0
2026-03-01,SC75606,B0732TMKP8,Original Mattress,Mattress,1,10257.0,950.0,11207.0,9025.0
2026-03-01,SC78606,B0732WFNVL,Original Mattress,Mattress,3,31191.0,2850.0,34041.0,30057.0
2026-03-01,SC78726,B0732Y4N37,Original Mattress,Mattress,3,35811.0,3690.0,39501.0,34394.0
2026-03-01,SCP72608,B07MHZTP8Q,Original Mattress,Mattress,2,22614.0,2460.0,25074.0,22614.0
2026-03-01,SCP72728,B07M72KSRM,Original Mattress,Mattress,1,13337.0,1230.0,14567.0,11766.0
2026-03-01,SCP75488,B07NLFVP6H,Original Mattress,Mattress,1,9487.0,950.0,10437.0,9487.0
2026-03-01,SCP75608,B07MBSJ553,Original Mattress,Mattress,1,11657.0,1230.0,12887.0,11657.0
2026-03-01,SCP75728,B07MHZVDNP,Original Mattress,Mattress,2,27374.0,2460.0,29834.0,25764.0
2026-03-01,SCP78608,B07JN4C3NB,Original Mattress,Mattress,1,11935.0,1230.0,13165.0,10518.0
2026-03-01,SCP78728,B07JM7GQG4,Original Mattress,Mattress,2,27794.0,2460.0,30254.0,27794.0
2026-03-01,SCPROD75x48,B0822XBCF1,Protector,Bedding,3,1782.0,423.0,2205.0,1782.0
2026-03-01,SCPROK78x72,B0822WWZRV,Protector,Bedding,11,8269.0,2101.0,10370.0,7361.0
2026-03-02,SC-F-4TFOLD-BL-72X48,B0FHF65C2R,Tri-fold Mattress,Mattress,3,14185.0,2430.0,16615.0,13222.0
2026-03-02,SC-F-72x60x10,B09BFDR5TH,Original Mattress,Mattress,2,25814.0,2460.0,28274.0,25121.0
2026-03-02,SC-F-BDPILW19x50,B08KS2YSFR,Cuddle Pillow,Pillows,1,1296.0,211.0,1507.0,1296.0
2026-03-02,SC-F-CLD-SPR-K-75x72x8,B0DGTCXZ9M,Cloud Spring Mattress,Mattress,1,21077.0,1430.0,22507.0,21077.0
2026-03-02,SC-F-CLD-SPR-K-78x72x8,B0DGT8T9Q4,Cloud Spring Mattress,Mattress,1,21077.0,1430.0,22507.0,19952.0
2026-03-02,SC-F-CLD-SPR-Q-75x60x8,B0DGSX75PJ,Cloud Spring Mattress,Mattress,1,18277.0,0.0,18277.0,16190.0
2026-03-02,SC-F-CON-MFPILWS2-BAM-24x14,B09XFG77VR,Contour Bamboo MF Pillow,Pillows,2,3646.0,422.0,4068.0,3646.0
2026-03-02,SC-F-DGRDVTCOVER-S-90x60,B0CW9S9W8F,Cotton Duvet cover,Bedding,1,1015.0,256.0,1271.0,1015.0
2026-03-02,SC-F-HYB-LATEX-D-72x48x6,B09XFLYZ66,Hybrid Latex Mattress,Mattress,2,18088.0,1900.0,19988.0,17887.0
2026-03-02,SC-F-HYB-LATEX-D-72x48x8,B09XGGGNN9,Hybrid Latex Mattress,Mattress,1,10721.0,950.0,11671.0,10721.0
2026-03-02,SC-F-HYB-LATEX-D-75x48x6,B09XGGFP7W,Hybrid Latex Mattress,Mattress,1,9281.0,0.0,9281.0,9281.0
2026-03-02,SC-F-HYB-LATEX-K-72x70x6,B0F2TGQH37,Hybrid Latex Mattress,Mattress,1,13457.0,1230.0,14687.0,11954.0
2026-03-02,SC-F-HYB-LATEX-K-72x72x8,B09XFMGSKV,Hybrid Latex Mattress,Mattress,1,15121.0,1430.0,16551.0,15121.0
2026-03-02,SC-F-HYB-LATEX-K-75x72x6,B09XFLVCHN,Hybrid Latex Mattress,Mattress,1,13457.0,1230.0,14687.0,11616.0
2026-03-02,SC-F-HYB-LATEX-K-78x72x8,B09XGCSRXY,Hybrid Latex Mattress,Mattress,1,15906.0,1430.0,17336.0,13301.0
2026-03-02,SC-F-HYB-LATEX-Q-72x60x6,B09XGNVN9N,Hybrid Latex Mattress,Mattress,2,22589.0,2460.0,25049.0,20630.0
2026-03-02,SC-F-HYB-LATEX-Q-72x60x8,B09XFN2QX3,Hybrid Latex Mattress,Mattress,1,13025.0,1230.0,14255.0,13025.0
2026-03-02,SC-F-HYB-LATEX-Q-75x60x6,B09XGK6Q4L,Hybrid Latex Mattress,Mattress,4,45929.0,4920.0,50849.0,44039.0
2026-03-02,SC-F-HYB-LATEX-Q-78x60x8,B09XFL1H1T,Hybrid Latex Mattress,Mattress,2,27202.0,2460.0,29662.0,24614.0
2026-03-02,SC-F-HYB-LATEX-S-72x30x6,B0C857R73C,Hybrid Latex Mattress,Mattress,2,12794.0,1900.0,14694.0,12094.0
2026-03-02,SC-F-HYB-LATEX-S-72x36x6,B09XFMX37N,Hybrid Latex Mattress,Mattress,1,7405.0,950.0,8355.0,7405.0
2026-03-02,SC-F-LITEPILWPSET2-S-27X17,B0CV17V482,Fiber Lite,Pillows,2,1314.0,296.0,1610.0,1314.0
2026-03-02,SC-F-LTX-ORTHO-D-72X48X8,B0G3CY2MBY,Latex Ortho Mattress,Mattress,1,9137.0,950.0,10087.0,9137.0
2026-03-02,SC-F-LTX-ORTHO-D-72x48x5,B0G7J4C6NX,Latex Ortho Mattress,Mattress,2,13794.0,1900.0,15694.0,13794.0
2026-03-02,SC-F-LTX-ORTHO-K-75X72X6,B0G3C92JXT,Latex Ortho Mattress,Mattress,1,11307.0,1230.0,12537.0,10932.0
2026-03-02,SC-F-LTX-ORTHO-Q-72x60x5,B0G7JSR2H8,Latex Ortho Mattress,Mattress,1,7947.0,950.0,8897.0,6572.0
2026-03-02,SC-F-MBJRFTDSHEET-Q-78x60,B0CTTMM1S1,Jersey Fitted Bed sheet,Bedding,1,1600.0,198.0,1798.0,1600.0
2026-03-02,SC-F-ORIG-D-72x48x5,B0G2599S6F,Original Mattress,Mattress,1,7940.0,0.0,7940.0,7940.0
2026-03-02,SC-F-ORIG-K-72x70x8,B0F2TGCPMR,Original Mattress,Mattress,1,13337.0,1230.0,14567.0,12480.0
2026-03-02,SC-F-ORIG-K-72x72x4,B0G726PGD2,Original Mattress,Mattress,1,8682.0,950.0,9632.0,8682.0
2026-03-02,SC-F-ORIG-K-84x72x6,B0BB72TBNX,Original Mattress,Mattress,1,12357.0,1230.0,13587.0,11107.0
2026-03-02,SC-F-ORIG-Q-72x60x5,B0G25BHBT6,Original Mattress,Mattress,1,8913.0,950.0,9863.0,8913.0
2026-03-02,SC-F-ORIG-S-75x36x5,B0G25BBWF1,Original Mattress,Mattress,1,6386.0,810.0,7196.0,6386.0
2026-03-02,SC-F-PETORIG-L-32X46,B091CW7VX5,Pet Bed,Beds,1,1075.0,352.0,1427.0,1075.0
2026-03-02,SC-F-PETORTHO-L-24x48,B091CVV1CN,Pet Bed,Beds,1,1645.0,352.0,1997.0,1562.0
2026-03-02,SC-F-PROT-K-72x72,B0822WG76C,Protector,Bedding,3,2247.0,573.0,2820.0,2025.0
2026-03-02,SC-F-PROT-Q-72x60,B0822X8LZY,Protector,Bedding,2,1368.0,282.0,1650.0,1227.0
2026-03-02,SC-F-PROT-Q-78x60,B0822WJWGS,Protector,Bedding,2,1368.0,282.0,1650.0,1236.0
2026-03-02,SC-F-PROT-S-72x36,B0822W49Z9,Protector,Bedding,2,1028.0,282.0,1310.0,1028.0
2026-03-02,SC-F-S2CLPILW27x18,B08R7MX63N,Cloud Pillow,Pillows,2,2810.0,422.0,3232.0,2504.0
2026-03-02,SC-F-S2MFPILW-26x16x4,B08R8DC5BB,Memory Foam Pillow,Pillows,9,15206.0,1899.0,17105.0,13541.0
2026-03-02,SC-F-SLSTPILWCS-S-28x18,B0CWKZHV5T,Cotton Pillow Case,Bedding,1,437.0,153.0,590.0,437.0
2026-03-02,SC-F-SMFPILWSET1-BAM-S-22x14,B0F1Y416FR,Small Memory Foam Pillow,Pillows,3,3285.0,444.0,3729.0,3285.0
2026-03-02,SC-F-SUPRSOFTPILW-S-25x16,B0CRHS55FC,Marshmallow Pillow,Pillows,1,1296.0,211.0,1507.0,1296.0
2026-03-02,SC-F-ULTM-LATEX-K-78x72x10,B0D58MW6Z4,Ultima Latex Mattress,Mattress,1,27802.0,1430.0,29232.0,26339.0
2026-03-02,SC-F-ULTM-LATEX-K-78x72x8,B0D58NBSN9,Ultima Latex Mattress,Mattress,1,24827.0,1430.0,26257.0,22267.0
2026-03-02,SC-F-ULTM-LATEX-S-72x36x8,B0D58N56P9,Ultima Latex Mattress,Mattress,1,13307.0,1230.0,14537.0,13307.0
2026-03-02,SC-MFPILW-BAM-C-25x16,B09XFF5LPL,Contour Bamboo MF Pillow,Pillows,10,11969.0,1480.0,13449.0,11969.0
2026-03-02,SC-PILLOW,B0822SXQGH,Memory Foam Pillow,Pillows,4,3854.0,844.0,4698.0,3854.0
2026-03-02,SC-ULTM-D-75x48x8,B09XGGGP3H,Ultima Mattress,Mattress,1,12357.0,1230.0,13587.0,12091.0
2026-03-02,SC-ULTM-K-78x72x8,B09XGRWRST,Ultima Mattress,Mattress,3,50931.0,4290.0,55221.0,46238.0
2026-03-02,SC-ULTM-Q-72x60x8,B09XGCYCSY,Ultima Mattress,Mattress,2,29754.0,2860.0,32614.0,27519.0
2026-03-02,SC-WNTRCOMF-D-90x100,B0BM9RZ1DT,Winter Comforter,Bedding,1,2677.0,330.0,3007.0,2677.0
2026-03-02,SC72486,B077Q9YRMY,Original Mattress,Mattress,2,16314.0,1900.0,18214.0,15883.0
2026-03-02,SC72726,B077QJVWBR,Original Mattress,Mattress,3,34908.0,3690.0,38598.0,34033.0
2026-03-02,SC75366,B077Q9YRMV,Original Mattress,Mattress,1,6617.0,810.0,7427.0,5913.0
2026-03-02,SC75726,B0732TFNYC,Original Mattress,Mattress,1,11797.0,1230.0,13027.0,11797.0
2026-03-02,SC78726,B0732Y4N37,Original Mattress,Mattress,3,35710.0,3690.0,39400.0,32885.0
2026-03-02,SCP72488,B07PVC8NR5,Original Mattress,Mattress,1,9207.0,950.0,10157.0,9207.0
2026-03-02,SCP72608,B07MHZTP8Q,Original Mattress,Mattress,1,11307.0,1230.0,12537.0,9959.0
2026-03-02,SCP72728,B07M72KSRM,Original Mattress,Mattress,1,13337.0,1230.0,14567.0,11166.0
2026-03-02,SCP75608,B07MBSJ553,Original Mattress,Mattress,2,23314.0,2460.0,25774.0,21366.0
2026-03-02,SCP75728,B07MHZVDNP,Original Mattress,Mattress,1,13687.0,1230.0,14917.0,13687.0
2026-03-02,SCP78488,B07PW985JH,Original Mattress,Mattress,1,9557.0,0.0,9557.0,9557.0
2026-03-02,SCP78608,B07JN4C3NB,Original Mattress,Mattress,4,48028.0,4920.0,52948.0,43280.0
2026-03-02,SCP78728,B07JM7GQG4,Original Mattress,Mattress,4,55488.0,4920.0,60408.0,52580.0
2026-03-02,SCPROD75x48,B0822XBCF1,Protector,Bedding,4,3564.0,564.0,4128.0,3491.0
2026-03-02,SCPROK78x72,B0822WWZRV,Protector,Bedding,11,8355.0,2101.0,10456.0,7451.0
2026-03-02,SCPROS75x36,B0822V9JY4,Protector,Bedding,2,1928.0,282.0,2210.0,1928.0
2026-03-03,SC-78x60x10,B09BFD1ZB3,Original Mattress,Mattress,1,13617.0,1230.0,14847.0,12015.0
2026-03-03,SC-BABY48244,B07Y37P1T3,Baby Mattress,Mattress,1,1641.0,457.0,2098.0,1641.0
2026-03-03,SC-F-72x60x10,B09BFDR5TH,Original Mattress,Mattress,1,12888.0,1230.0,14118.0,12058.0
2026-03-03,SC-F-72x72x10,B09BFCFQ9G,Original Mattress,Mattress,2,29654.0,2460.0,32114.0,28879.0
2026-03-03,SC-F-BDPILW19x50,B08KS2YSFR,Cuddle Pillow,Pillows,1,1256.0,211.0,1467.0,1256.0
2026-03-03,SC-F-CLD-SPR-K-78x72x8,B0DGT8T9Q4,Cloud Spring Mattress,Mattress,1,21077.0,1430.0,22507.0,21077.0
2026-03-03,SC-F-COMF90x100,B08KTCGSQW,Reversible Comforter,Bedding,1,1435.0,330.0,1765.0,1435.0
2026-03-03,SC-F-CTR-LTX-BAM-24x16,B0F2N7Q9H3,Contour Latex Pillow,Pillows,2,8384.0,422.0,8806.0,8384.0
2026-03-03,SC-F-DGRPILWCS-S-28x18,B0CWL2NG34,Cotton Pillow Case,Bedding,1,402.0,135.0,537.0,372.0
2026-03-03,SC-F-HYB-LATEX-D-72x48x6,B09XFLYZ66,Hybrid Latex Mattress,Mattress,1,9065.0,950.0,10015.0,8574.0
2026-03-03,SC-F-HYB-LATEX-K-72x70x6,B0F2TGQH37,Hybrid Latex Mattress,Mattress,1,13457.0,1230.0,14687.0,12542.0
2026-03-03,SC-F-HYB-LATEX-K-72x72x8,B09XFMGSKV,Hybrid Latex Mattress,Mattress,5,75605.0,7150.0,82755.0,71448.0
2026-03-03,SC-F-HYB-LATEX-K-75x72x8,B09XFL1FR1,Hybrid Latex Mattress,Mattress,3,46443.0,4290.0,50733.0,40926.0
2026-03-03,SC-F-HYB-LATEX-K-78x72x6,B09XFKM8V6,Hybrid Latex Mattress,Mattress,2,27747.0,2460.0,30207.0,23858.0
2026-03-03,SC-F-HYB-LATEX-K-78x72x8,B09XGCSRXY,Hybrid Latex Mattress,Mattress,2,18118.0,2860.0,20978.0,15927.0
2026-03-03,SC-F-HYB-LATEX-Q-72x60x6,B09XGNVN9N,Hybrid Latex Mattress,Mattress,1,11297.0,1230.0,12527.0,9950.0
2026-03-03,SC-F-HYB-LATEX-Q-72x60x8,B09XFN2QX3,Hybrid Latex Mattress,Mattress,1,13025.0,1230.0,14255.0,13025.0
2026-03-03,SC-F-HYB-LATEX-Q-75x60x8,B09XFRNJCD,Hybrid Latex Mattress,Mattress,1,13313.0,1230.0,14543.0,13313.0
2026-03-03,SC-F-HYB-LATEX-Q-78x60x6,B09XGPZKTZ,Hybrid Latex Mattress,Mattress,1,11783.0,1230.0,13013.0,10382.0
2026-03-03,SC-F-HYB-LATEX-Q-78x60x8,B09XFL1H1T,Hybrid Latex Mattress,Mattress,1,13601.0,1230.0,14831.0,11741.0
2026-03-03,SC-F-LITEPILWPSET2-S-27X17,B0CV17V482,Fiber Lite,Pillows,2,1274.0,296.0,1570.0,1274.0
2026-03-03,SC-F-LTX-ORTHO-D-72X48X6,B0G3CFZX69,Latex Ortho Mattress,Mattress,3,23421.0,2850.0,26271.0,22219.0
2026-03-03,SC-F-LTX-ORTHO-D-72x48x5,B0G7J4C6NX,Latex Ortho Mattress,Mattress,1,6897.0,950.0,7847.0,6897.0
2026-03-03,SC-F-LTX-ORTHO-K-75X72X6,B0G3C92JXT,Latex Ortho Mattress,Mattress,1,11307.0,1230.0,12537.0,11307.0
2026-03-03,SC-F-LTX-ORTHO-K-78X72X8,B0G3D21NYY,Latex Ortho Mattress,Mattress,1,13547.0,1230.0,14777.0,13547.0
2026-03-03,SC-F-LTX-ORTHO-Q-72X60X8,B0G3CNC7P5,Latex Ortho Mattress,Mattress,1,11093.0,1230.0,12323.0,11093.0
2026-03-03,SC-F-LTX-ORTHO-Q-72x60x5,B0G7JSR2H8,Latex Ortho Mattress,Mattress,2,15894.0,1900.0,17794.0,15626.0
2026-03-03,SC-F-MFMTTOPPER-Q-78x60,B0CRS31GSK,Memory Foam Topper,Bedding,1,4626.0,409.0,5035.0,4626.0
2026-03-03,SC-F-ORIG-D-78x48x10,B0BB7HVLKV,Original Mattress,Mattress,1,10957.0,0.0,10957.0,10957.0
2026-03-03,SC-F-ORIG-Q-72x60x4,B0G71QJRXS,Original Mattress,Mattress,2,14034.0,1620.0,15654.0,13642.0
2026-03-03,SC-F-ORIG-Q-75x60x4,B0G71MDVVD,Original Mattress,Mattress,1,7296.0,950.0,8246.0,7296.0
2026-03-03,SC-F-ORIG-Q-78x60x4,B0G71QBLSG,Original Mattress,Mattress,1,7485.0,950.0,8435.0,7070.0
2026-03-03,SC-F-ORIG-S-72x30x5,B0G256TW3Q,Original Mattress,Mattress,1,5511.0,810.0,6321.0,4730.0
2026-03-03,SC-F-PETORIG-L-32X46,B091CW7VX5,Pet Bed,Beds,1,1042.0,352.0,1394.0,1042.0
2026-03-03,SC-F-PROT-D-78x48,B0822VYH6P,Protector,Bedding,2,1152.0,282.0,1434.0,1152.0
2026-03-03,SC-F-PROT-K-72x72,B0822WG76C,Protector,Bedding,6,4449.0,1146.0,5595.0,3871.0
2026-03-03,SC-F-PROT-Q-72x60,B0822X8LZY,Protector,Bedding,5,3364.0,705.0,4069.0,3000.0
2026-03-03,SC-F-PROT-Q-75x60,B0822WH47T,Protector,Bedding,4,2695.0,564.0,3259.0,2695.0
2026-03-03,SC-F-S2MFPILW-26x16x4,B08R8DC5BB,Memory Foam Pillow,Pillows,6,10077.0,1266.0,11343.0,8961.0
2026-03-03,SC-F-SMFPILWSET1-BAM-S-22x14,B0F1Y416FR,Small Memory Foam Pillow,Pillows,1,657.0,148.0,805.0,657.0
2026-03-03,SC-F-STD-LTX-BAM-24x16,B0F2SWXPMT,Standard Latex Pillow,Pillows,1,2096.0,211.0,2307.0,2096.0
2026-03-03,SC-F-ULTM-LATEX-D-72x48x8,B0D58MYX7J,Ultima Latex Mattress,Mattress,1,17527.0,1430.0,18957.0,17527.0
2026-03-03,SC-F-ULTM-LATEX-K-78x72x8,B0D58NBSN9,Ultima Latex Mattress,Mattress,1,24727.0,1430.0,26157.0,21588.0
2026-03-03,SC-FK-WEDGE-BLACK,B0GLG7C4KJ,Wedge Pillow,Mobility,1,1459.0,0.0,1459.0,1459.0
2026-03-03,SC-MFPILW-BAM-C-25x16,B09XFF5LPL,Contour Bamboo MF Pillow,Pillows,2,1714.0,296.0,2010.0,1714.0
2026-03-03,SC-PILLOW,B0822SXQGH,Memory Foam Pillow,Pillows,1,1221.0,211.0,1432.0,1221.0
2026-03-03,SC-SLMPILW-S-26x16,B09XBMFFZY,Slim Pillow,Pillows,1,703.0,148.0,851.0,703.0
2026-03-03,SC-ULTM-D-75x48x8,B09XGGGP3H,Ultima Mattress,Mattress,1,12357.0,1230.0,13587.0,11558.0
2026-03-03,SC-ULTM-K-78x72x8,B09XGRWRST,Ultima Mattress,Mattress,2,33954.0,2860.0,36814.0,29625.0
2026-03-03,SC-ULTM-Q-75x60x8,B09XGPK5MG,Ultima Mattress,Mattress,1,14877.0,1430.0,16307.0,13604.0
2026-03-03,SC72366,B078BRGTDM,Original Mattress,Mattress,2,12954.0,1620.0,14574.0,12954.0
2026-03-03,SC72606,B078BNQ7M4,Original Mattress,Mattress,1,10047.0,950.0,10997.0,8837.0
2026-03-03,SC72726,B077QJVWBR,Original Mattress,Mattress,4,46628.0,4920.0,51548.0,42470.0
2026-03-03,SC75606,B0732TMKP8,Original Mattress,Mattress,1,10157.0,950.0,11107.0,8936.0
2026-03-03,SC75726,B0732TFNYC,Original Mattress,Mattress,1,11716.0,1230.0,12946.0,10466.0
2026-03-03,SC78606,B0732WFNVL,Original Mattress,Mattress,2,20794.0,1900.0,22694.0,20794.0
2026-03-03,SC78726,B0732Y4N37,Original Mattress,Mattress,4,47495.0,4920.0,52415.0,42858.0
2026-03-03,SCP72608,B07MHZTP8Q,Original Mattress,Mattress,1,11307.0,1230.0,12537.0,11307.0
2026-03-03,SCP75608,B07MBSJ553,Original Mattress,Mattress,2,23233.0,2460.0,25693.0,23233.0
2026-03-03,SCP75728,B07MHZVDNP,Original Mattress,Mattress,1,13673.0,1230.0,14903.0,13673.0
2026-03-03,SCP78728,B07JM7GQG4,Original Mattress,Mattress,3,41691.0,3690.0,45381.0,41691.0
2026-03-03,SCPROD75x48,B0822XBCF1,Protector,Bedding,1,594.0,141.0,735.0,594.0
2026-03-03,SCPROK78x72,B0822WWZRV,Protector,Bedding,9,6832.0,1719.0,8551.0,6045.0
2026-03-04,SC-F-BDPILW19x50,B08KS2YSFR,Cuddle Pillow,Pillows,1,1296.0,211.0,1507.0,1296.0
2026-03-04,SC-F-DGRPILWCS-S-28x18,B0CWL2NG34,Cotton Pillow Case,Bedding,1,402.0,135.0,537.0,372.0
2026-03-04,SC-F-HYB-LATEX-D-72x48x6,B09XFLYZ66,Hybrid Latex Mattress,Mattress,1,9065.0,950.0,10015.0,8373.0
2026-03-04,SC-F-HYB-LATEX-D-72x48x8,B09XGGGNN9,Hybrid Latex Mattress,Mattress,1,10721.0,950.0,11671.0,10721.0
2026-03-04,SC-F-HYB-LATEX-K-72x70x8,B0F2TJJVDM,Hybrid Latex Mattress,Mattress,1,15337.0,1430.0,16767.0,15337.0
2026-03-04,SC-F-HYB-LATEX-K-72x72x6,B09XGDZQPC,Hybrid Latex Mattress,Mattress,1,13025.0,1230.0,14255.0,11487.0
2026-03-04,SC-F-HYB-LATEX-K-78x72x6,B09XFKM8V6,Hybrid Latex Mattress,Mattress,1,13844.0,1230.0,15074.0,11950.0
2026-03-04,SC-F-HYB-LATEX-K-78x72x8,B09XGCSRXY,Hybrid Latex Mattress,Mattress,2,31821.0,2860.0,34681.0,28099.0
2026-03-04,SC-F-HYB-LATEX-Q-72x60x8,B09XFN2QX3,Hybrid Latex Mattress,Mattress,2,26011.0,2460.0,28471.0,24473.0
2026-03-04,SC-F-HYB-LATEX-Q-75x60x8,B09XFRNJCD,Hybrid Latex Mattress,Mattress,1,13294.0,1230.0,14524.0,11473.0
2026-03-04,SC-F-HYB-LATEX-Q-78x60x6,B09XGPZKTZ,Hybrid Latex Mattress,Mattress,1,11873.0,1230.0,13103.0,11873.0
2026-03-04,SC-F-HYB-LATEX-Q-78x60x8,B09XFL1H1T,Hybrid Latex Mattress,Mattress,1,13601.0,1230.0,14831.0,11741.0
2026-03-04,SC-F-LITEPILWPSET2-S-27X17,B0CV17V482,Fiber Lite,Pillows,4,3942.0,592.0,4534.0,3867.0
2026-03-04,SC-F-LTX-ORTHO-D-72X48X6,B0G3CFZX69,Latex Ortho Mattress,Mattress,2,15614.0,1900.0,17514.0,14636.0
2026-03-04,SC-F-LTX-ORTHO-D-72x48x5,B0G7J4C6NX,Latex Ortho Mattress,Mattress,2,13694.0,1900.0,15594.0,13694.0
2026-03-04,SC-F-LTX-ORTHO-K-78X72X6,B0G3BY1NZH,Latex Ortho Mattress,Mattress,1,11797.0,1230.0,13027.0,11797.0
2026-03-04,SC-F-LTX-ORTHO-K-78X72X8,B0G3D21NYY,Latex Ortho Mattress,Mattress,1,13547.0,1230.0,14777.0,13547.0
2026-03-04,SC-F-LTX-ORTHO-K-84X72X6,B0G3C2TC1J,Latex Ortho Mattress,Mattress,1,13057.0,0.0,13057.0,13057.0
2026-03-04,SC-F-LTX-ORTHO-Q-72X60X8,B0G3CNC7P5,Latex Ortho Mattress,Mattress,2,22190.0,2460.0,24650.0,22190.0
2026-03-04,SC-F-LTX-ORTHO-Q-75X60X8,B0G3CTX1NC,Latex Ortho Mattress,Mattress,1,11307.0,1230.0,12537.0,10572.0
2026-03-04,SC-F-LTX-ORTHO-S-78X30X6,B0G3BVKRLL,Latex Ortho Mattress,Mattress,1,5332.0,0.0,5332.0,5332.0
2026-03-04,SC-F-ORIG-D-72x48x10,B0BB7KCGYN,Original Mattress,Mattress,2,21317.0,1900.0,23217.0,21317.0
2026-03-04,SC-F-ORIG-D-72x48x5,B0G2599S6F,Original Mattress,Mattress,1,7940.0,0.0,7940.0,7672.0
2026-03-04,SC-F-ORIG-K-84x78x6,B0DG5SG9FM,Original Mattress,Mattress,1,14877.0,0.0,14877.0,13627.0
2026-03-04,SC-F-ORIG-Q-78x60x5,B0G2569T27,Original Mattress,Mattress,2,18904.0,1900.0,20804.0,16781.0
2026-03-04,SC-F-ORIG-S-72x36x5,B0G255BCC2,Original Mattress,Mattress,1,6190.0,810.0,7000.0,5745.0
2026-03-04,SC-F-PETORTHO-XL-28x52,,SC-F-PETORTHO-XL-28x52,Other,1,2215.0,352.0,2567.0,2086.0
2026-03-04,SC-F-PROT-K-72x72,B0822WG76C,Protector,Bedding,3,2227.0,573.0,2800.0,2016.0
2026-03-04,SC-F-PROT-Q-75x60,B0822WH47T,Protector,Bedding,2,1368.0,282.0,1650.0,1368.0
2026-03-04,SC-F-PROT-Q-78x60,B0822WJWGS,Protector,Bedding,1,684.0,141.0,825.0,618.0
2026-03-04,SC-F-PTMMCOMF-D-90x100,B0FR3CDSVC,Reversible Comforter,Bedding,1,1717.0,0.0,1717.0,1717.0
2026-03-04,SC-F-S2CLPILW27x18,B08R7MX63N,Cloud Pillow,Pillows,2,2892.0,422.0,3314.0,2579.0
2026-03-04,SC-F-S2MFPILW-26x16x4,B08R8DC5BB,Memory Foam Pillow,Pillows,7,11854.0,1477.0,13331.0,10579.0
2026-03-04,SC-F-S4MFPILW-26x16x4,B08R8DQ3T4,Memory Foam Pillow,Pillows,1,3596.0,211.0,3807.0,3596.0
2026-03-04,SC-F-SLSTPILWCS-S-28x18,B0CWKZHV5T,Cotton Pillow Case,Bedding,3,1311.0,459.0,1770.0,1311.0
2026-03-04,SC-F-TBLPILWCS-S-28x18,B0CWLCGJDC,Cotton Pillow Case,Bedding,1,393.0,144.0,537.0,343.0
2026-03-04,SC-F-ULTM-LATEX-K-75x72x8,B0D58LV9HN,Ultima Latex Mattress,Mattress,1,24827.0,1430.0,26257.0,24302.0
2026-03-04,SC-MFPILW-BAM-C-25x16,B09XFF5LPL,Contour Bamboo MF Pillow,Pillows,11,16184.0,1628.0,17812.0,16184.0
2026-03-04,SC-ULTM-D-72x48x8,B09XGF9LKQ,Ultima Mattress,Mattress,1,12357.0,1230.0,13587.0,12357.0
2026-03-04,SC-ULTM-K-78x72x10,B09XGSHBKJ,Ultima Mattress,Mattress,1,19577.0,1430.0,21007.0,19577.0
2026-03-04,SC72486,B077Q9YRMY,Original Mattress,Mattress,2,16314.0,1900.0,18214.0,16314.0
2026-03-04,SC72606,B078BNQ7M4,Original Mattress,Mattress,1,10047.0,950.0,10997.0,10047.0
2026-03-04,SC72726,B077QJVWBR,Original Mattress,Mattress,2,23312.0,2460.0,25772.0,23312.0
2026-03-04,SC75726,B0732TFNYC,Original Mattress,Mattress,1,11760.0,1230.0,12990.0,10584.0
2026-03-04,SC78606,B0732WFNVL,Original Mattress,Mattress,1,10346.0,950.0,11296.0,10346.0
2026-03-04,SC78726,B0732Y4N37,Original Mattress,Mattress,4,47728.0,4920.0,52648.0,46311.0
2026-03-04,SCP72608,B07MHZTP8Q,Original Mattress,Mattress,2,22609.0,2460.0,25069.0,21261.0
2026-03-04,SCP75608,B07MBSJ553,Original Mattress,Mattress,2,23196.0,2460.0,25656.0,23196.0
2026-03-04,SCP75728,B07MHZVDNP,Original Mattress,Mattress,1,13661.0,1230.0,14891.0,12053.0
2026-03-04,SCP78728,B07JM7GQG4,Original Mattress,Mattress,1,13897.0,1230.0,15127.0,12264.0
2026-03-04,SCPROD75x48,B0822XBCF1,Protector,Bedding,2,1188.0,282.0,1470.0,1188.0
2026-03-04,SCPROK78x72,B0822WWZRV,Protector,Bedding,6,4533.0,1146.0,5679.0,3987.0
2026-03-05,SC-F-78x72x10,B09BFC81R8,Original Mattress,Mattress,1,15927.0,1430.0,17357.0,14040.0
2026-03-05,SC-F-COMF90x100,B08KTCGSQW,Reversible Comforter,Bedding,1,1527.0,330.0,1857.0,1527.0
2026-03-05,SC-F-DGRPILWCS-S-28x18,B0CWL2NG34,Cotton Pillow Case,Bedding,1,402.0,135.0,537.0,372.0
2026-03-05,SC-F-HYB-LATEX-D-75x48x8,B09XGN7MMK,Hybrid Latex Mattress,Mattress,1,10937.0,0.0,10937.0,10937.0
2026-03-05,SC-F-HYB-LATEX-K-72x72x6,B09XGDZQPC,Hybrid Latex Mattress,Mattress,1,12926.0,1230.0,14156.0,11399.0
2026-03-05,SC-F-HYB-LATEX-K-72x72x8,B09XFMGSKV,Hybrid Latex Mattress,Mattress,1,15090.0,1430.0,16520.0,13295.0
2026-03-05,SC-F-HYB-LATEX-K-75x70x6,B0F2TGGZSR,Hybrid Latex Mattress,Mattress,1,13457.0,1230.0,14687.0,13457.0
2026-03-05,SC-F-HYB-LATEX-K-75x72x6,B09XFLVCHN,Hybrid Latex Mattress,Mattress,1,13451.0,1230.0,14681.0,13163.0
2026-03-05,SC-F-HYB-LATEX-K-78x72x8,B09XGCSRXY,Hybrid Latex Mattress,Mattress,2,31826.0,2860.0,34686.0,29635.0
2026-03-05,SC-F-HYB-LATEX-Q-72x60x6,B09XGNVN9N,Hybrid Latex Mattress,Mattress,1,11297.0,1230.0,12527.0,11297.0
2026-03-05,SC-F-HYB-LATEX-Q-75x60x6,B09XGK6Q4L,Hybrid Latex Mattress,Mattress,1,11467.0,1230.0,12697.0,10101.0
2026-03-05,SC-F-HYB-LATEX-Q-75x60x8,B09XFRNJCD,Hybrid Latex Mattress,Mattress,2,26586.0,2460.0,29046.0,24767.0
2026-03-05,SC-F-HYB-LATEX-Q-78x60x8,B09XFL1H1T,Hybrid Latex Mattress,Mattress,2,27202.0,2460.0,29662.0,23741.0
2026-03-05,SC-F-HYB-LATEX-S-75x36x8,B09XGJ93PQ,Hybrid Latex Mattress,Mattress,1,8557.0,950.0,9507.0,7620.0
2026-03-05,SC-F-HYB-LATEX-S-78x36x6,B09XGGZVSB,Hybrid Latex Mattress,Mattress,1,7765.0,0.0,7765.0,7745.0
2026-03-05,SC-F-LTX-ORTHO-D-72x48x5,B0G7J4C6NX,Latex Ortho Mattress,Mattress,1,6897.0,950.0,7847.0,6550.0
2026-03-05,SC-F-LTX-ORTHO-D-75X48X6,B0G3CLHBKX,Latex Ortho Mattress,Mattress,1,7807.0,950.0,8757.0,7807.0
2026-03-05,SC-F-LTX-ORTHO-K-78X72X6,B0G3BY1NZH,Latex Ortho Mattress,Mattress,1,11797.0,1230.0,13027.0,11797.0
2026-03-05,SC-F-LTX-ORTHO-K-84X72X6,B0G3C2TC1J,Latex Ortho Mattress,Mattress,2,26073.0,0.0,26073.0,24807.0
2026-03-05,SC-F-ORIG-D-72x48x4,B0G71HHRVT,Original Mattress,Mattress,2,12758.0,1620.0,14378.0,12758.0
2026-03-05,SC-F-ORIG-K-84x78x6,B0DG5SG9FM,Original Mattress,Mattress,1,14877.0,0.0,14877.0,14877.0
2026-03-05,SC-F-ORIG-Q-72x60x5,B0G25BHBT6,Original Mattress,Mattress,1,8913.0,950.0,9863.0,8913.0
2026-03-05,SC-F-PETORTHO-L-24x48,B091CVV1CN,Pet Bed,Beds,1,1645.0,352.0,1997.0,1645.0
2026-03-05,SC-F-PROT-D-78x48,B0822VYH6P,Protector,Bedding,1,524.0,141.0,665.0,524.0
2026-03-05,SC-F-PROT-K-72x72,B0822WG76C,Protector,Bedding,1,864.0,191.0,1055.0,780.0
2026-03-05,SC-F-PROT-K-75x72,B0822W6ZCG,Protector,Bedding,2,1528.0,382.0,1910.0,1528.0
2026-03-05,SC-F-PROT-Q-72x60,B0822X8LZY,Protector,Bedding,2,1504.0,282.0,1786.0,1329.0
2026-03-05,SC-F-PROT-Q-75x60,B0822WH47T,Protector,Bedding,1,684.0,141.0,825.0,684.0
2026-03-05,SC-F-PROT-Q-78x60,B0822WJWGS,Protector,Bedding,2,1550.0,282.0,1832.0,1309.0
2026-03-05,SC-F-S2CLPILW27x18,B08R7MX63N,Cloud Pillow,Pillows,2,2899.0,422.0,3321.0,2574.0
2026-03-05,SC-F-S2MFPILW-26x16x4,B08R8DC5BB,Memory Foam Pillow,Pillows,7,12405.0,1477.0,13882.0,11063.0
2026-03-05,SC-F-S4MFPILW-26x16x4,B08R8DQ3T4,Memory Foam Pillow,Pillows,1,3596.0,211.0,3807.0,3596.0
2026-03-05,SC-F-SMFPILWSET1-BAM-S-22x14,B0F1Y416FR,Small Memory Foam Pillow,Pillows,5,4577.0,740.0,5317.0,4261.0
2026-03-05,SC-F-STD-LTX-BAM-24x16,B0F2SWXPMT,Standard Latex Pillow,Pillows,1,2096.0,211.0,2307.0,2096.0
2026-03-05,SC-MFPILW-BAM-C-25x16,B09XFF5LPL,Contour Bamboo MF Pillow,Pillows,6,15280.0,888.0,16168.0,15280.0
2026-03-05,SC-ULTM-K-78x72x8,B09XGRWRST,Ultima Mattress,Mattress,2,33954.0,2860.0,36814.0,31627.0
2026-03-05,SC72366,B078BRGTDM,Original Mattress,Mattress,1,6477.0,810.0,7287.0,6477.0
2026-03-05,SC72606,B078BNQ7M4,Original Mattress,Mattress,2,20065.0,1900.0,21965.0,20065.0
2026-03-05,SC72726,B077QJVWBR,Original Mattress,Mattress,3,34876.0,3690.0,38566.0,33490.0
2026-03-05,SC78606,B0732WFNVL,Original Mattress,Mattress,2,20794.0,1900.0,22694.0,19546.0
2026-03-05,SCP72728,B07M72KSRM,Original Mattress,Mattress,1,13337.0,1230.0,14567.0,13337.0
2026-03-05,SCP75728,B07MHZVDNP,Original Mattress,Mattress,1,13654.0,1230.0,14884.0,12276.0
2026-03-05,SCP78728,B07JM7GQG4,Original Mattress,Mattress,2,27709.0,2460.0,30169.0,26076.0
2026-03-05,SCPROK78x72,B0822WWZRV,Protector,Bedding,6,4636.0,1146.0,5782.0,4107.0
2026-03-06,SC-F-4TFOLD-BL-72X48,B0FHF65C2R,Tri-fold Mattress,Mattress,1,5197.0,810.0,6007.0,4597.0
2026-03-06,SC-F-78x72x10,B09BFC81R8,Original Mattress,Mattress,1,17348.0,1430.0,18778.0,17348.0
2026-03-06,SC-F-DCPILWSET1-BAM-25x15,B0F1937F9V,Dual Comfort Pillow,Pillows,1,1664.0,211.0,1875.0,1502.0
2026-03-06,SC-F-HYB-LATEX-K-72x70x8,B0F2TJJVDM,Hybrid Latex Mattress,Mattress,1,17177.0,1430.0,18607.0,15927.0
2026-03-06,SC-F-HYB-LATEX-K-72x72x6,B09XGDZQPC,Hybrid Latex Mattress,Mattress,1,14297.0,1230.0,15527.0,13047.0
2026-03-06,SC-F-HYB-LATEX-K-72x72x8,B09XFMGSKV,Hybrid Latex Mattress,Mattress,2,33842.0,2860.0,36702.0,29945.0
2026-03-06,SC-F-HYB-LATEX-K-75x72x8,B09XFL1FR1,Hybrid Latex Mattress,Mattress,2,34661.0,2860.0,37521.0,31924.0
2026-03-06,SC-F-HYB-LATEX-K-78x72x6,B09XFKM8V6,Hybrid Latex Mattress,Mattress,2,28918.0,2460.0,31378.0,25787.0
2026-03-06,SC-F-HYB-LATEX-K-78x72x8,B09XGCSRXY,Hybrid Latex Mattress,Mattress,1,17766.0,1430.0,19196.0,15713.0
2026-03-06,SC-F-HYB-LATEX-Q-78x60x6,B09XGPZKTZ,Hybrid Latex Mattress,Mattress,1,13297.0,1230.0,14527.0,12224.0
2026-03-06,SC-F-HYB-LATEX-Q-78x60x8,B09XFL1H1T,Hybrid Latex Mattress,Mattress,3,44811.0,3690.0,48501.0,41805.0
2026-03-06,SC-F-LITEPILWPSET2-S-27X17,B0CV17V482,Fiber Lite,Pillows,4,3028.0,592.0,3620.0,2502.0
2026-03-06,SC-F-LTX-ORTHO-D-72X48X6,B0G3CFZX69,Latex Ortho Mattress,Mattress,1,7807.0,950.0,8757.0,7807.0
2026-03-06,SC-F-LTX-ORTHO-K-72X72X8,B0G3C233F8,Latex Ortho Mattress,Mattress,2,29544.0,2460.0,32004.0,26106.0
2026-03-06,SC-F-LTX-ORTHO-K-78x72x5,B0G7JCBDJJ,Latex Ortho Mattress,Mattress,1,11377.0,950.0,12327.0,11377.0
2026-03-06,SC-F-LTX-ORTHO-Q-75X60X6,B0G3BY4SK8,Latex Ortho Mattress,Mattress,1,11057.0,950.0,12007.0,9857.0
2026-03-06,SC-F-LTX-ORTHO-Q-78X60X8,B0G3CQPRB9,Latex Ortho Mattress,Mattress,1,13606.0,1230.0,14836.0,12356.0
2026-03-06,SC-F-LTX-ORTHO-S-72X36X6,B0G3CC722B,Latex Ortho Mattress,Mattress,1,6957.0,810.0,7767.0,6957.0
2026-03-06,SC-F-MBJRFTDSHEET-D-72x48,B0CZLJSYJQ,Jersey Fitted Bed sheet,Bedding,1,1510.0,0.0,1510.0,1510.0
2026-03-06,SC-F-MFPILWS2-CLT-S-25x16,B09XF8H7BK,CoolTEC MF Pillow,Pillows,2,7638.0,422.0,8060.0,7603.0
2026-03-06,SC-F-ORIG-D-72x48x10,B0BB7KCGYN,Original Mattress,Mattress,1,11673.0,950.0,12623.0,11042.0
2026-03-06,SC-F-ORIG-K-72x70x6,B0F2TGN1KQ,Original Mattress,Mattress,2,25474.0,2460.0,27934.0,24224.0
2026-03-06,SC-F-ORIG-K-84x72x6,B0BB72TBNX,Original Mattress,Mattress,2,25854.0,2460.0,28314.0,23196.0
2026-03-06,SC-F-ORIG-K-84x72x8,B0BB75FZXB,Original Mattress,Mattress,1,15497.0,1230.0,16727.0,13554.0
2026-03-06,SC-F-ORIG-Q-72x60x5,B0G25BHBT6,Original Mattress,Mattress,1,9606.0,950.0,10556.0,9606.0
2026-03-06,SC-F-ORIG-Q-78x60x5,B0G2569T27,Original Mattress,Mattress,2,19795.0,1900.0,21695.0,17626.0
2026-03-06,SC-F-PETORIG-XL-36x54,,SC-F-PETORIG-XL-36x54,Other,1,1275.0,0.0,1275.0,1275.0
2026-03-06,SC-F-PROT-D-78x48,B0822VYH6P,Protector,Bedding,2,1315.0,282.0,1597.0,1167.0
2026-03-06,SC-F-PROT-K-72x72,B0822WG76C,Protector,Bedding,2,1690.0,382.0,2072.0,1426.0
2026-03-06,SC-F-PROT-K-75x72,B0822W6ZCG,Protector,Bedding,2,3380.0,382.0,3762.0,3380.0
2026-03-06,SC-F-PROT-Q-72x60,B0822X8LZY,Protector,Bedding,4,2960.0,564.0,3524.0,2625.0
2026-03-06,SC-F-PROT-Q-75x60,B0822WH47T,Protector,Bedding,4,2949.0,564.0,3513.0,2949.0
2026-03-06,SC-F-PROT-Q-78x60,B0822WJWGS,Protector,Bedding,3,2285.0,423.0,2708.0,1968.0
2026-03-06,SC-F-PROT-S-72x36,B0822W49Z9,Protector,Bedding,1,575.0,141.0,716.0,503.0
2026-03-06,SC-F-S2CLPILW27x18,B08R7MX63N,Cloud Pillow,Pillows,1,1475.0,211.0,1686.0,1299.0
2026-03-06,SC-F-S2MFPILW-26x16x4,B08R8DC5BB,Memory Foam Pillow,Pillows,2,5142.0,422.0,5564.0,4138.0
2026-03-06,SC-F-S4MFPILW-26x16x4,B08R8DQ3T4,Memory Foam Pillow,Pillows,1,3571.0,211.0,3782.0,3001.0
2026-03-06,SC-F-SMFPILWSET1-BAM-S-22x14,B0F1Y416FR,Small Memory Foam Pillow,Pillows,2,1547.0,296.0,1843.0,1261.0
2026-03-06,SC-F-STD-LTX-BAM-24x16,B0F2SWXPMT,Standard Latex Pillow,Pillows,4,16848.0,844.0,17692.0,15428.0
2026-03-06,SC-F-SUPRSOFTPILW-S-25x16,B0CRHS55FC,Marshmallow Pillow,Pillows,2,4756.0,422.0,5178.0,4756.0
2026-03-06,SC-F-ULTM-LATEX-K-78x72x8,B0D58NBSN9,Ultima Latex Mattress,Mattress,1,27277.0,1430.0,28707.0,24267.0
2026-03-06,SC-FK-SSC-BLACK,B0GLGLW96N,Mobility,Mobility,1,1154.0,0.0,1154.0,1154.0
2026-03-06,SC-MFPILW-BAM-C-25x16,B09XFF5LPL,Contour Bamboo MF Pillow,Pillows,2,2544.0,296.0,2840.0,2110.0
2026-03-06,SC-PILLOW,B0822SXQGH,Memory Foam Pillow,Pillows,1,1289.0,211.0,1500.0,976.0
2026-03-06,SC-SLMPILW-S-26x16,B09XBMFFZY,Slim Pillow,Pillows,2,1372.0,296.0,1668.0,1372.0
2026-03-06,SC-ULTM-Q-72x60x8,B09XGCYCSY,Ultima Mattress,Mattress,2,33434.0,2860.0,36294.0,32184.0
2026-03-06,SC-ULTM-Q-78x60x8,B09XGNTMB7,Ultima Mattress,Mattress,1,16626.0,1430.0,18056.0,15392.0
2026-03-06,SC72486,B077Q9YRMY,Original Mattress,Mattress,1,8925.0,950.0,9875.0,7976.0
2026-03-06,SC72726,B077QJVWBR,Original Mattress,Mattress,1,11657.0,1230.0,12887.0,10407.0
2026-03-06,SC75486,B077Q8RLCP,Original Mattress,Mattress,1,9077.0,950.0,10027.0,8089.0
2026-03-06,SC75606,B0732TMKP8,Original Mattress,Mattress,2,21412.0,1900.0,23312.0,19082.0
2026-03-06,SC75726,B0732TFNYC,Original Mattress,Mattress,2,25678.0,2460.0,28138.0,23286.0
2026-03-06,SC78606,B0732WFNVL,Original Mattress,Mattress,4,45476.0,3800.0,49276.0,40579.0
2026-03-06,SC78726,B0732Y4N37,Original Mattress,Mattress,2,24978.0,2460.0,27438.0,23028.0
2026-03-06,SCP72608,B07MHZTP8Q,Original Mattress,Mattress,4,49428.0,4920.0,54348.0,45731.0
2026-03-06,SCP75488,B07NLFVP6H,Original Mattress,Mattress,2,20762.0,1900.0,22662.0,20762.0
2026-03-06,SCP75608,B07MBSJ553,Original Mattress,Mattress,4,50948.0,4920.0,55868.0,48330.0
2026-03-06,SCP75728,B07MHZVDNP,Original Mattress,Mattress,1,14653.0,1230.0,15883.0,13403.0
2026-03-06,SCP78728,B07JM7GQG4,Original Mattress,Mattress,5,73173.0,6150.0,79323.0,66279.0
2026-03-06,SCPROD75x48,B0822XBCF1,Protector,Bedding,1,665.0,141.0,806.0,665.0
2026-03-06,SCPROK78x72,B0822WWZRV,Protector,Bedding,8,6797.0,1528.0,8325.0,6069.0
2026-03-07,SC-F-4TFOLD-BL-72X36,B0FHF2DKQZ,Tri-fold Mattress,Mattress,1,3897.0,810.0,4707.0,3897.0
2026-03-07,SC-F-72x60x10,B09BFDR5TH,Original Mattress,Mattress,1,13825.0,1230.0,15055.0,13072.0
2026-03-07,SC-F-BWJRFTDSHEET-D-72x48,B0CZLKVPFP,Jersey Fitted Bed sheet,Bedding,1,1452.0,0.0,1452.0,1452.0
2026-03-07,SC-F-CLD-SPR-D-78x48x8,B0DGT8T99C,Cloud Spring Mattress,Mattress,1,17177.0,0.0,17177.0,17177.0
2026-03-07,SC-F-CLPILW27x18,B08KT1QRHJ,Cloud Pillow,Pillows,1,784.0,148.0,932.0,648.0
2026-03-07,SC-F-CON-MFPILW-CLT-24x14,B09XFFBND4,Contour Bamboo MF Pillow,Pillows,1,1889.0,211.0,2100.0,1791.0
2026-03-07,SC-F-CON-MFPILWS2-BAM-24x14,B09XFG77VR,Contour Bamboo MF Pillow,Pillows,1,2571.0,211.0,2782.0,2446.0
2026-03-07,SC-F-CTR-LTX-BAM-24x16,B0F2N7Q9H3,Contour Latex Pillow,Pillows,1,2127.0,211.0,2338.0,2017.0
2026-03-07,SC-F-HYB-LATEX-D-72x48x6,B09XFLYZ66,Hybrid Latex Mattress,Mattress,2,20352.0,1900.0,22252.0,18310.0
2026-03-07,SC-F-HYB-LATEX-D-75x48x6,B09XGGFP7W,Hybrid Latex Mattress,Mattress,2,20834.0,0.0,20834.0,19698.0
2026-03-07,SC-F-HYB-LATEX-K-72x70x6,B0F2TGQH37,Hybrid Latex Mattress,Mattress,1,14777.0,1230.0,16007.0,12868.0
2026-03-07,SC-F-HYB-LATEX-K-72x70x8,B0F2TJJVDM,Hybrid Latex Mattress,Mattress,1,16900.0,1430.0,18330.0,15267.0
2026-03-07,SC-F-HYB-LATEX-K-72x72x6,B09XGDZQPC,Hybrid Latex Mattress,Mattress,2,28594.0,2460.0,31054.0,26417.0
2026-03-07,SC-F-HYB-LATEX-K-75x70x6,B0F2TGGZSR,Hybrid Latex Mattress,Mattress,1,14777.0,1230.0,16007.0,13394.0
2026-03-07,SC-F-HYB-LATEX-K-75x72x6,B09XFLVCHN,Hybrid Latex Mattress,Mattress,2,29554.0,2460.0,32014.0,25736.0
2026-03-07,SC-F-HYB-LATEX-K-75x72x8,B09XFL1FR1,Hybrid Latex Mattress,Mattress,1,17237.0,1430.0,18667.0,15432.0
2026-03-07,SC-F-HYB-LATEX-K-78x72x6,B09XFKM8V6,Hybrid Latex Mattress,Mattress,3,45838.0,3690.0,49528.0,41062.0
2026-03-07,SC-F-HYB-LATEX-K-78x72x8,B09XGCSRXY,Hybrid Latex Mattress,Mattress,2,35634.0,2860.0,38494.0,32267.0
2026-03-07,SC-F-HYB-LATEX-Q-72x60x6,B09XGNVN9N,Hybrid Latex Mattress,Mattress,2,25292.0,2460.0,27752.0,22158.0
2026-03-07,SC-F-HYB-LATEX-Q-72x60x8,B09XFN2QX3,Hybrid Latex Mattress,Mattress,3,42891.0,3690.0,46581.0,37603.0
2026-03-07,SC-F-HYB-LATEX-Q-75x60x6,B09XGK6Q4L,Hybrid Latex Mattress,Mattress,1,12897.0,1230.0,14127.0,11089.0
2026-03-07,SC-F-HYB-LATEX-Q-75x60x8,B09XFRNJCD,Hybrid Latex Mattress,Mattress,2,29217.0,2460.0,31677.0,26598.0
2026-03-07,SC-F-HYB-LATEX-Q-78x60x6,B09XGPZKTZ,Hybrid Latex Mattress,Mattress,1,13297.0,1230.0,14527.0,11908.0
2026-03-07,SC-F-HYB-LATEX-Q-78x60x8,B09XFL1H1T,Hybrid Latex Mattress,Mattress,2,29828.0,2460.0,32288.0,27446.0
2026-03-07,SC-F-HYB-LATEX-S-72x36x6,B09XFMX37N,Hybrid Latex Mattress,Mattress,1,8317.0,950.0,9267.0,8018.0
2026-03-07,SC-F-HYB-LATEX-S-75x36x6,B09XFLCPM3,Hybrid Latex Mattress,Mattress,1,8397.0,950.0,9347.0,7937.0
2026-03-07,SC-F-HYBPILWSET2-S-26x16,B09XF52Y5P,Hybrid Pillow,Pillows,1,2756.0,211.0,2967.0,2530.0
2026-03-07,SC-F-LITEPILWPSET2-S-27X17,B0CV17V482,Fiber Lite,Pillows,1,757.0,148.0,905.0,622.0
2026-03-07,SC-F-LTX-ORTHO-Q-75X60X6,B0G3BY4SK8,Latex Ortho Mattress,Mattress,1,11057.0,950.0,12007.0,10249.0
2026-03-07,SC-F-LTX-ORTHO-S-72X36X6,B0G3CC722B,Latex Ortho Mattress,Mattress,1,6957.0,810.0,7767.0,6181.0
2026-03-07,SC-F-LTX-ORTHO-S-78X36X8,B0G3C273VT,Latex Ortho Mattress,Mattress,1,8237.0,0.0,8237.0,8237.0
2026-03-07,SC-F-MFMTTOPPER-Q-78x60,B0CRS31GSK,Memory Foam Topper,Bedding,1,5123.0,409.0,5532.0,5123.0
2026-03-07,SC-F-ORIG-D-72x48x4,B0G71HHRVT,Original Mattress,Mattress,1,6895.0,810.0,7705.0,6895.0
2026-03-07,SC-F-ORIG-D-72x48x5,B0G2599S6F,Original Mattress,Mattress,1,8690.0,0.0,8690.0,8400.0
2026-03-07,SC-F-ORIG-K-72x70x6,B0F2TGN1KQ,Original Mattress,Mattress,1,12737.0,1230.0,13967.0,11403.0
2026-03-07,SC-F-ORIG-K-72x72x4,B0G726PGD2,Original Mattress,Mattress,2,18678.0,1900.0,20578.0,18678.0
2026-03-07,SC-F-ORIG-K-78x72x5,B0G254DYHG,Original Mattress,Mattress,1,12144.0,950.0,13094.0,11312.0
2026-03-07,SC-F-ORIG-K-84x72x6,B0BB72TBNX,Original Mattress,Mattress,1,13497.0,1230.0,14727.0,12775.0
2026-03-07,SC-F-ORIG-K-84x72x8,B0BB75FZXB,Original Mattress,Mattress,1,15497.0,1230.0,16727.0,14661.0
2026-03-07,SC-F-ORIG-Q-72x60x4,B0G71QJRXS,Original Mattress,Mattress,2,15385.0,1620.0,17005.0,14960.0
2026-03-07,SC-F-PETORIG-L-32X46,B091CW7VX5,Pet Bed,Beds,1,1075.0,352.0,1427.0,1011.0
2026-03-07,SC-F-PETORIG-XL-36x54,,SC-F-PETORIG-XL-36x54,Other,1,1360.0,0.0,1360.0,1281.0
2026-03-07,SC-F-PROT-D-78x48,B0822VYH6P,Protector,Bedding,1,665.0,141.0,806.0,632.0
2026-03-07,SC-F-PROT-K-72x72,B0822WG76C,Protector,Bedding,7,5889.0,1337.0,7226.0,5249.0
2026-03-07,SC-F-PROT-Q-72x60,B0822X8LZY,Protector,Bedding,5,3775.0,705.0,4480.0,3352.0
2026-03-07,SC-F-PROT-Q-78x60,B0822WJWGS,Protector,Bedding,1,755.0,141.0,896.0,673.0
2026-03-07,SC-F-S2CLPILW27x18,B08R7MX63N,Cloud Pillow,Pillows,1,1506.0,211.0,1717.0,1337.0
2026-03-07,SC-F-S2MFPILW-26x16x4,B08R8DC5BB,Memory Foam Pillow,Pillows,4,10234.0,844.0,11078.0,8607.0
2026-03-07,SC-F-SLMPILWSET2-S-26x16,B09XBNLXW7,Slim Pillow,Pillows,1,1369.0,211.0,1580.0,1369.0
2026-03-07,SC-F-ULTM-LATEX-K-75x72x8,B0D58LV9HN,Ultima Latex Mattress,Mattress,1,27277.0,1430.0,28707.0,25842.0
2026-03-07,SC-F-ZSJRFTDSHEET-Q-75x60,B0CZLJR5MD,Jersey Fitted Bed sheet,Bedding,1,1600.0,198.0,1798.0,1527.0
2026-03-07,SC-MFPILW-BAM-C-25x16,B09XFF5LPL,Contour Bamboo MF Pillow,Pillows,1,1289.0,148.0,1437.0,1072.0
2026-03-07,SC-PILLOW,B0822SXQGH,Memory Foam Pillow,Pillows,5,6420.0,1055.0,7475.0,5355.0
2026-03-07,SC-ULTM-D-72x48x8,B09XGF9LKQ,Ultima Mattress,Mattress,1,13857.0,1230.0,15087.0,13560.0
2026-03-07,SC-ULTM-Q-78x60x8,B09XGNTMB7,Ultima Mattress,Mattress,1,16717.0,1430.0,18147.0,15479.0
2026-03-07,SC72486,B077Q9YRMY,Original Mattress,Mattress,1,8925.0,950.0,9875.0,7976.0
2026-03-07,SC72606,B078BNQ7M4,Original Mattress,Mattress,1,10989.0,950.0,11939.0,10448.0
2026-03-07,SC72726,B077QJVWBR,Original Mattress,Mattress,1,12637.0,1230.0,13867.0,11308.0
2026-03-07,SC75486,B077Q8RLCP,Original Mattress,Mattress,1,9077.0,950.0,10027.0,7644.0
2026-03-07,SC75606,B0732TMKP8,Original Mattress,Mattress,2,22434.0,1900.0,24334.0,19466.0
2026-03-07,SC75726,B0732TFNYC,Original Mattress,Mattress,1,12789.0,1230.0,14019.0,12097.0
2026-03-07,SC78606,B0732WFNVL,Original Mattress,Mattress,1,11369.0,950.0,12319.0,9713.0
2026-03-07,SC78726,B0732Y4N37,Original Mattress,Mattress,2,25982.0,2460.0,28442.0,23467.0
2026-03-07,SCP72608,B07MHZTP8Q,Original Mattress,Mattress,1,12357.0,1230.0,13587.0,11717.0
2026-03-07,SCP75608,B07MBSJ553,Original Mattress,Mattress,1,12737.0,1230.0,13967.0,10803.0
2026-03-07,SCP75728,B07MHZVDNP,Original Mattress,Mattress,1,14661.0,1230.0,15891.0,13111.0
2026-03-07,SCP78488,B07PW985JH,Original Mattress,Mattress,1,10457.0,0.0,10457.0,9887.0
2026-03-07,SCP78728,B07JM7GQG4,Original Mattress,Mattress,3,44633.0,3690.0,48323.0,40345.0
2026-03-07,SCPROD75x48,B0822XBCF1,Protector,Bedding,1,665.0,141.0,806.0,585.0
2026-03-07,SCPROK78x72,B0822WWZRV,Protector,Bedding,7,5841.0,1337.0,7178.0,5058.0
2026-03-08,SC-78x60x10,B09BFD1ZB3,Original Mattress,Mattress,1,14585.0,1230.0,15815.0,13794.0
2026-03-08,SC-F-4TFOLD-BL-72X48,B0FHF65C2R,Tri-fold Mattress,Mattress,3,15581.0,2430.0,18011.0,13293.0
2026-03-08,SC-F-72x36x10,B09BFCJDVZ,Original Mattress,Mattress,1,9077.0,0.0,9077.0,9077.0
2026-03-08,SC-F-72x60x10,B09BFDR5TH,Original Mattress,Mattress,2,27650.0,2460.0,30110.0,25647.0
2026-03-08,SC-F-72x72x10,B09BFCFQ9G,Original Mattress,Mattress,1,16257.0,1230.0,17487.0,14133.0
2026-03-08,SC-F-COMF90x100,B08KTCGSQW,Reversible Comforter,Bedding,1,1794.0,330.0,2124.0,1794.0
2026-03-08,SC-F-HYB-LATEX-D-72x48x6,B09XFLYZ66,Hybrid Latex Mattress,Mattress,1,10140.0,950.0,11090.0,9057.0
2026-03-08,SC-F-HYB-LATEX-D-72x48x8,B09XGGGNN9,Hybrid Latex Mattress,Mattress,1,12017.0,950.0,12967.0,10753.0
2026-03-08,SC-F-HYB-LATEX-D-75x48x6,B09XGGFP7W,Hybrid Latex Mattress,Mattress,1,10417.0,0.0,10417.0,9849.0
2026-03-08,SC-F-HYB-LATEX-K-72x70x6,B0F2TGQH37,Hybrid Latex Mattress,Mattress,1,14777.0,1230.0,16007.0,12223.0
2026-03-08,SC-F-HYB-LATEX-K-72x70x8,B0F2TJJVDM,Hybrid Latex Mattress,Mattress,1,17177.0,1430.0,18607.0,14710.0
2026-03-08,SC-F-HYB-LATEX-K-72x72x6,B09XGDZQPC,Hybrid Latex Mattress,Mattress,2,28529.0,2460.0,30989.0,25115.0
2026-03-08,SC-F-HYB-LATEX-K-72x72x8,B09XFMGSKV,Hybrid Latex Mattress,Mattress,1,16937.0,1430.0,18367.0,15166.0
2026-03-08,SC-F-HYB-LATEX-K-75x70x6,B0F2TGGZSR,Hybrid Latex Mattress,Mattress,1,14777.0,1230.0,16007.0,12223.0
2026-03-08,SC-F-HYB-LATEX-K-78x72x8,B09XGCSRXY,Hybrid Latex Mattress,Mattress,2,35504.0,2860.0,38364.0,31594.0
2026-03-08,SC-F-HYB-LATEX-Q-72x60x6,B09XGNVN9N,Hybrid Latex Mattress,Mattress,1,12657.0,1230.0,13887.0,11977.0
2026-03-08,SC-F-HYB-LATEX-Q-75x60x8,B09XFRNJCD,Hybrid Latex Mattress,Mattress,1,14596.0,1230.0,15826.0,13052.0
2026-03-08,SC-F-HYB-LATEX-Q-78x60x6,B09XGPZKTZ,Hybrid Latex Mattress,Mattress,1,13297.0,1230.0,14527.0,11471.0
2026-03-08,SC-F-HYB-LATEX-Q-78x60x8,B09XFL1H1T,Hybrid Latex Mattress,Mattress,1,14937.0,1230.0,16167.0,13020.0
2026-03-08,SC-F-HYB-LATEX-S-72x36x8,B09XGCTNFC,Hybrid Latex Mattress,Mattress,1,9277.0,950.0,10227.0,8275.0
2026-03-08,SC-F-HYBPILWSET2-S-26x16,B09XF52Y5P,Hybrid Pillow,Pillows,1,2756.0,211.0,2967.0,2615.0
2026-03-08,SC-F-LITEPILWPSET2-S-27X17,B0CV17V482,Fiber Lite,Pillows,2,1481.0,296.0,1777.0,1225.0
2026-03-08,SC-F-LTX-ORTHO-K-78X72X8,B0G3D21NYY,Latex Ortho Mattress,Mattress,1,15337.0,1230.0,16567.0,14509.0
2026-03-08,SC-F-LTX-ORTHO-Q-75X60X8,B0G3CTX1NC,Latex Ortho Mattress,Mattress,1,13057.0,1230.0,14287.0,12357.0
2026-03-08,SC-F-MBJRFTDSHEET-K-78x72,B0CTTKFFPL,Jersey Fitted Bed sheet,Bedding,1,1780.0,198.0,1978.0,1698.0
2026-03-08,SC-F-ORIG-D-75x48x5,B0G2565L5B,Original Mattress,Mattress,1,8941.0,950.0,9891.0,8941.0
2026-03-08,SC-F-PROT-D-78x48,B0822VYH6P,Protector,Bedding,2,1330.0,282.0,1612.0,1265.0
2026-03-08,SC-F-PROT-K-72x72,B0822WG76C,Protector,Bedding,4,3337.0,764.0,4101.0,2975.0
2026-03-08,SC-F-PROT-Q-72x66,B0822VBPYC,Protector,Bedding,1,809.0,141.0,950.0,809.0
2026-03-08,SC-F-PROT-Q-75x60,B0822WH47T,Protector,Bedding,1,755.0,141.0,896.0,755.0
2026-03-08,SC-F-PROT-Q-75x66,B0822V9JY7,Protector,Bedding,2,1618.0,282.0,1900.0,1539.0
2026-03-08,SC-F-PROT-Q-78x60,B0822WJWGS,Protector,Bedding,2,1465.0,282.0,1747.0,1294.0
2026-03-08,SC-F-S2CLPILW27x18,B08R7MX63N,Cloud Pillow,Pillows,1,1556.0,211.0,1767.0,1380.0
2026-03-08,SC-F-S2MFPILW-26x16x4,B08R8DC5BB,Memory Foam Pillow,Pillows,5,12756.0,1055.0,13811.0,10699.0
2026-03-08,SC-F-SMFPILWSET1-BAM-S-22x14,B0F1Y416FR,Small Memory Foam Pillow,Pillows,2,1981.0,296.0,2277.0,1645.0
2026-03-08,SC-F-STD-LTX-BAM-24x16,B0F2SWXPMT,Standard Latex Pillow,Pillows,1,2127.0,211.0,2338.0,2017.0
2026-03-08,SC-F-SUPRSOFTPILW-S-25x16,B0CRHS55FC,Marshmallow Pillow,Pillows,1,1189.0,211.0,1400.0,1126.0
2026-03-08,SC-F-ULTM-LATEX-K-78x72x10,B0D58MW6Z4,Ultima Latex Mattress,Mattress,1,30557.0,1430.0,31987.0,29109.0
2026-03-08,SC-FK-WEDGE-BLACK,B0GLG7C4KJ,Wedge Pillow,Mobility,1,1546.0,0.0,1546.0,1546.0
2026-03-08,SC-MFPILW-BAM-C-25x16,B09XFF5LPL,Contour Bamboo MF Pillow,Pillows,5,8991.0,740.0,9731.0,7457.0
2026-03-08,SC-ULTM-K-72x72x8,B09XGNVVYK,Ultima Mattress,Mattress,1,18857.0,1430.0,20287.0,16879.0
2026-03-08,SC72486,B077Q9YRMY,Original Mattress,Mattress,3,26775.0,2850.0,29625.0,24884.0
2026-03-08,SC72606,B078BNQ7M4,Original Mattress,Mattress,1,10989.0,950.0,11939.0,10989.0
2026-03-08,SC75726,B0732TFNYC,Original Mattress,Mattress,1,12889.0,1230.0,14119.0,12262.0
2026-03-08,SC78606,B0732WFNVL,Original Mattress,Mattress,1,11367.0,950.0,12317.0,10774.0
2026-03-08,SC78726,B0732Y4N37,Original Mattress,Mattress,2,26018.0,2460.0,28478.0,24176.0
2026-03-08,SCP72488,B07PVC8NR5,Original Mattress,Mattress,1,10077.0,950.0,11027.0,9526.0
2026-03-08,SCP72608,B07MHZTP8Q,Original Mattress,Mattress,2,24673.0,2460.0,27133.0,22226.0
2026-03-08,SCP75488,B07NLFVP6H,Original Mattress,Mattress,2,20762.0,1900.0,22662.0,19247.0
2026-03-08,SCP75608,B07MBSJ553,Original Mattress,Mattress,1,12737.0,1230.0,13967.0,10937.0
2026-03-08,SCP75728,B07MHZVDNP,Original Mattress,Mattress,1,14661.0,1230.0,15891.0,13111.0
2026-03-08,SCP78608,B07JN4C3NB,Original Mattress,Mattress,1,13117.0,1230.0,14347.0,11407.0
2026-03-08,SCP78728,B07JM7GQG4,Original Mattress,Mattress,1,14889.0,1230.0,16119.0,14159.0
2026-03-08,SCPROK78x72,B0822WWZRV,Protector,Bedding,6,10091.0,1146.0,11237.0,8938.0
2026-03-08,SCPROS75x36,B0822V9JY4,Protector,Bedding,1,575.0,141.0,716.0,546.0
2026-03-09,SC-F-4TFOLD-BL-72X48,B0FHF65C2R,Tri-fold Mattress,Mattress,1,5197.0,810.0,6007.0,4612.0
2026-03-09,SC-F-72x72x10,B09BFCFQ9G,Original Mattress,Mattress,1,16257.0,1230.0,17487.0,15383.0
2026-03-09,SC-F-75x60x10,B09BFBRLLB,Original Mattress,Mattress,1,14409.0,1230.0,15639.0,13622.0
2026-03-09,SC-F-HYB-LATEX-D-72x48x6,B09XFLYZ66,Hybrid Latex Mattress,Mattress,2,20301.0,1900.0,22201.0,17335.0
2026-03-09,SC-F-HYB-LATEX-D-72x48x8,B09XGGGNN9,Hybrid Latex Mattress,Mattress,1,11978.0,950.0,12928.0,10234.0
2026-03-09,SC-F-HYB-LATEX-K-72x72x6,B09XGDZQPC,Hybrid Latex Mattress,Mattress,1,14297.0,1230.0,15527.0,13521.0
2026-03-09,SC-F-HYB-LATEX-K-75x72x6,B09XFLVCHN,Hybrid Latex Mattress,Mattress,1,14777.0,1230.0,16007.0,14777.0
2026-03-09,SC-F-HYB-LATEX-K-78x72x8,B09XGCSRXY,Hybrid Latex Mattress,Mattress,2,35620.0,2860.0,38480.0,33770.0
2026-03-09,SC-F-HYB-LATEX-Q-72x60x8,B09XFN2QX3,Hybrid Latex Mattress,Mattress,1,14297.0,1230.0,15527.0,13521.0
2026-03-09,SC-F-HYB-LATEX-Q-75x60x8,B09XFRNJCD,Hybrid Latex Mattress,Mattress,1,14617.0,1230.0,15847.0,12715.0
2026-03-09,SC-F-HYB-LATEX-Q-78x60x6,B09XGPZKTZ,Hybrid Latex Mattress,Mattress,2,26548.0,2460.0,29008.0,22895.0
2026-03-09,SC-F-HYB-LATEX-Q-78x60x8,B09XFL1H1T,Hybrid Latex Mattress,Mattress,1,14937.0,1230.0,16167.0,13361.0
2026-03-09,SC-F-HYB-LATEX-Q-78x66x8,B0F2TKCPX5,Hybrid Latex Mattress,Mattress,1,17177.0,0.0,17177.0,15383.0
2026-03-09,SC-F-HYB-LATEX-S-75x36x8,B09XGJ93PQ,Hybrid Latex Mattress,Mattress,1,9432.0,950.0,10382.0,8950.0
2026-03-09,SC-F-LITEPILWPSET2-S-27X17,B0CV17V482,Fiber Lite,Pillows,4,3028.0,592.0,3620.0,2509.0
2026-03-09,SC-F-LTX-ORTHO-K-75X72X8,B0G3CC4M7Y,Latex Ortho Mattress,Mattress,1,15337.0,1230.0,16567.0,14509.0
2026-03-09,SC-F-LTX-ORTHO-K-78X72X8,B0G3D21NYY,Latex Ortho Mattress,Mattress,1,15312.0,1230.0,16542.0,13373.0
2026-03-09,SC-F-LTX-ORTHO-Q-72X60X8,B0G3CNC7P5,Latex Ortho Mattress,Mattress,1,12817.0,1230.0,14047.0,12817.0
2026-03-09,SC-F-LTX-ORTHO-Q-78x60x5,B0G7HXS2LF,Latex Ortho Mattress,Mattress,1,10097.0,950.0,11047.0,8361.0
2026-03-09,SC-F-MFPILWS2-CLT-S-25x16,B09XF8H7BK,CoolTEC MF Pillow,Pillows,1,3996.0,211.0,4207.0,3793.0
2026-03-09,SC-F-ORIG-K-72x72x5,B0G25736BD,Original Mattress,Mattress,1,11391.0,950.0,12341.0,11391.0
2026-03-09,SC-F-ORIG-K-84x78x6,B0DG5SG9FM,Original Mattress,Mattress,1,16257.0,0.0,16257.0,16257.0
2026-03-09,SC-F-ORIG-Q-72x60x4,B0G71QJRXS,Original Mattress,Mattress,1,7694.0,810.0,8504.0,7269.0
2026-03-09,SC-F-ORIG-S-72x30x5,B0G256TW3Q,Original Mattress,Mattress,1,6052.0,810.0,6862.0,5709.0
2026-03-09,SC-F-ORIG-S-75x36x5,B0G25BBWF1,Original Mattress,Mattress,1,7002.0,810.0,7812.0,7002.0
2026-03-09,SC-F-PROT-D-78x48,B0822VYH6P,Protector,Bedding,1,665.0,141.0,806.0,665.0
2026-03-09,SC-F-PROT-Q-75x60,B0822WH47T,Protector,Bedding,2,1510.0,282.0,1792.0,1452.0
2026-03-09,SC-F-S2CLPILW27x18,B08R7MX63N,Cloud Pillow,Pillows,2,3077.0,422.0,3499.0,2732.0
2026-03-09,SC-F-S2MFPILW-26x16x4,B08R8DC5BB,Memory Foam Pillow,Pillows,1,2502.0,211.0,2713.0,2085.0
2026-03-09,SC-F-SMFPILWSET1-BAM-S-22x14,B0F1Y416FR,Small Memory Foam Pillow,Pillows,2,1752.0,296.0,2048.0,1435.0
2026-03-09,SC-F-STD-LTX-BAM-24x16,B0F2SWXPMT,Standard Latex Pillow,Pillows,1,2109.0,211.0,2320.0,1999.0
2026-03-09,SC-F-ULTM-LATEX-K-75x72x8,B0D58LV9HN,Ultima Latex Mattress,Mattress,1,27214.0,1430.0,28644.0,24029.0
2026-03-09,SC-F-ULTM-LATEX-K-78x72x10,B0D58MW6Z4,Ultima Latex Mattress,Mattress,1,30557.0,1430.0,31987.0,27393.0
2026-03-09,SC-MFPILW-BAM-C-25x16,B09XFF5LPL,Contour Bamboo MF Pillow,Pillows,6,12842.0,888.0,13730.0,10609.0
2026-03-09,SC-PILLOW,B0822SXQGH,Memory Foam Pillow,Pillows,3,3864.0,633.0,4497.0,3216.0
2026-03-09,SC-ULTM-K-78x72x8,B09XGRWRST,Ultima Mattress,Mattress,1,18857.0,1430.0,20287.0,16746.0
2026-03-09,SC72486,B077Q9YRMY,Original Mattress,Mattress,1,8925.0,950.0,9875.0,7976.0
2026-03-09,SC72726,B077QJVWBR,Original Mattress,Mattress,1,12737.0,1230.0,13967.0,11262.0
2026-03-09,SC75486,B077Q8RLCP,Original Mattress,Mattress,1,9077.0,950.0,10027.0,7738.0
2026-03-09,SC78726,B0732Y4N37,Original Mattress,Mattress,5,65205.0,6150.0,71355.0,60691.0
2026-03-09,SCP72608,B07MHZTP8Q,Original Mattress,Mattress,1,12357.0,1230.0,13587.0,11692.0
2026-03-09,SCP72728,B07M72KSRM,Original Mattress,Mattress,1,14281.0,1230.0,15511.0,12394.0
2026-03-09,SCP75608,B07MBSJ553,Original Mattress,Mattress,1,12737.0,1230.0,13967.0,11428.0
2026-03-09,SCP78728,B07JM7GQG4,Original Mattress,Mattress,2,29778.0,2460.0,32238.0,27837.0
2026-03-09,SCPROD75x48,B0822XBCF1,Protector,Bedding,1,665.0,141.0,806.0,665.0
2026-03-09,SCPROK78x72,B0822WWZRV,Protector,Bedding,2,1686.0,382.0,2068.0,1497.0
2026-03-10,SC-78x60x10,B09BFD1ZB3,Original Mattress,Mattress,1,14585.0,1230.0,15815.0,13794.0
2026-03-10,SC-BABY48244,B07Y37P1T3,Baby Mattress,Mattress,1,1650.0,457.0,2107.0,1562.0
2026-03-10,SC-F-4TFOLD-BL-72X36,B0FHF2DKQZ,Tri-fold Mattress,Mattress,1,3897.0,810.0,4707.0,3481.0
2026-03-10,SC-F-72x72x10,B09BFCFQ9G,Original Mattress,Mattress,1,16257.0,1230.0,17487.0,15383.0
2026-03-10,SC-F-75x72x10,B09BFC4KSB,Original Mattress,Mattress,1,16713.0,1430.0,18143.0,15901.0
2026-03-10,SC-F-CLD-SPR-D-72x48x8,B0DGSSZ6M2,Cloud Spring Mattress,Mattress,1,17177.0,0.0,17177.0,16344.0
2026-03-10,SC-F-CON-MFPILWS2-BAM-24x14,B09XFG77VR,Contour Bamboo MF Pillow,Pillows,2,4332.0,422.0,4754.0,4118.0
2026-03-10,SC-F-DGRPILWCS-S-28x18,B0CWL2NG34,Cotton Pillow Case,Bedding,1,420.0,135.0,555.0,420.0
2026-03-10,SC-F-HYB-LATEX-D-72x48x8,B09XGGGNN9,Hybrid Latex Mattress,Mattress,1,12017.0,950.0,12967.0,11369.0
2026-03-10,SC-F-HYB-LATEX-D-75x48x8,B09XGN7MMK,Hybrid Latex Mattress,Mattress,1,12257.0,0.0,12257.0,11007.0
2026-03-10,SC-F-HYB-LATEX-D-78x48x8,B09XFLDPHV,Hybrid Latex Mattress,Mattress,1,12577.0,0.0,12577.0,11901.0
2026-03-10,SC-F-HYB-LATEX-K-75x72x8,B09XFL1FR1,Hybrid Latex Mattress,Mattress,1,17337.0,1430.0,18767.0,15307.0
2026-03-10,SC-F-HYB-LATEX-K-78x72x6,B09XFKM8V6,Hybrid Latex Mattress,Mattress,2,30674.0,2460.0,33134.0,27477.0
2026-03-10,SC-F-HYB-LATEX-K-78x72x8,B09XGCSRXY,Hybrid Latex Mattress,Mattress,4,71268.0,5720.0,76988.0,65312.0
2026-03-10,SC-F-HYB-LATEX-Q-72x60x8,B09XFN2QX3,Hybrid Latex Mattress,Mattress,1,14297.0,1230.0,15527.0,13521.0
2026-03-10,SC-F-HYB-LATEX-Q-75x60x8,B09XFRNJCD,Hybrid Latex Mattress,Mattress,1,14617.0,1230.0,15847.0,13072.0
2026-03-10,SC-F-HYB-LATEX-S-78x36x6,B09XGGZVSB,Hybrid Latex Mattress,Mattress,1,8697.0,0.0,8697.0,7411.0
2026-03-10,SC-F-LITEPILWPSET2-S-27X17,B0CV17V482,Fiber Lite,Pillows,2,1439.0,296.0,1735.0,1311.0
2026-03-10,SC-F-LTX-ORTHO-D-72X48X8,B0G3CY2MBY,Latex Ortho Mattress,Mattress,1,10417.0,950.0,11367.0,9849.0
2026-03-10,SC-F-LTX-ORTHO-Q-75x60x5,B0G7JS5WXQ,Latex Ortho Mattress,Mattress,1,9617.0,950.0,10567.0,9617.0
2026-03-10,SC-F-LTX-ORTHO-S-72X36X6,B0G3CC722B,Latex Ortho Mattress,Mattress,1,6891.0,810.0,7701.0,6121.0
2026-03-10,SC-F-ORIG-D-72x48x10,B0BB7KCGYN,Original Mattress,Mattress,1,11673.0,950.0,12623.0,11673.0
2026-03-10,SC-F-ORIG-K-72x72x5,B0G25736BD,Original Mattress,Mattress,1,11304.0,950.0,12254.0,11304.0
2026-03-10,SC-F-ORIG-K-75x72x5,B0G253GWFF,Original Mattress,Mattress,1,11554.0,950.0,12504.0,10304.0
2026-03-10,SC-F-ORIG-Q-72x60x4,B0G71QJRXS,Original Mattress,Mattress,1,7694.0,810.0,8504.0,7311.0
2026-03-10,SC-F-ORIG-Q-78x60x5,B0G2569T27,Original Mattress,Mattress,1,10343.0,950.0,11293.0,9834.0
2026-03-10,SC-F-PROT-D-78x48,B0822VYH6P,Protector,Bedding,1,683.0,141.0,824.0,650.0
2026-03-10,SC-F-PROT-K-72x72,B0822WG76C,Protector,Bedding,1,825.0,191.0,1016.0,740.0
2026-03-10,SC-F-PROT-Q-72x60,B0822X8LZY,Protector,Bedding,1,783.0,141.0,924.0,707.0
2026-03-10,SC-F-PROT-Q-75x66,B0822V9JY7,Protector,Bedding,1,839.0,141.0,980.0,800.0
2026-03-10,SC-F-PROT-Q-78x60,B0822WJWGS,Protector,Bedding,1,783.0,141.0,924.0,698.0
2026-03-10,SC-F-PRPNPILWCS-S-28x18,B0CWL52SCG,Cotton Pillow Case,Bedding,1,438.0,153.0,591.0,438.0
2026-03-10,SC-F-S2CLPILW27x18,B08R7MX63N,Cloud Pillow,Pillows,1,1666.0,211.0,1877.0,1479.0
2026-03-10,SC-F-S2MFPILW-26x16x4,B08R8DC5BB,Memory Foam Pillow,Pillows,5,10326.0,1055.0,11381.0,8635.0
2026-03-10,SC-F-S4MFPILW-26x16x4,B08R8DQ3T4,Memory Foam Pillow,Pillows,2,8491.0,422.0,8913.0,7170.0
2026-03-10,SC-F-SLSTPILWCS-S-28x18,B0CWKZHV5T,Cotton Pillow Case,Bedding,1,502.0,153.0,655.0,476.0
2026-03-10,SC-F-SMFPILWSET1-BAM-S-22x14,B0F1Y416FR,Small Memory Foam Pillow,Pillows,3,2342.0,444.0,2786.0,2198.0
2026-03-10,SC-MFPILW-BAM-C-25x16,B09XFF5LPL,Contour Bamboo MF Pillow,Pillows,6,5921.0,888.0,6809.0,4872.0
2026-03-10,SC-PILLOW,B0822SXQGH,Memory Foam Pillow,Pillows,1,995.0,211.0,1206.0,822.0
2026-03-10,SC-SLMPILW-S-26x16,B09XBMFFZY,Slim Pillow,Pillows,1,807.0,148.0,955.0,807.0
2026-03-10,SC-ULTM-K-78x72x8,B09XGRWRST,Ultima Mattress,Mattress,2,37714.0,2860.0,40574.0,34436.0
2026-03-10,SC72366,B078BRGTDM,Original Mattress,Mattress,1,7101.0,810.0,7911.0,6705.0
2026-03-10,SC72606,B078BNQ7M4,Original Mattress,Mattress,1,10989.0,950.0,11939.0,9993.0
2026-03-10,SC75606,B0732TMKP8,Original Mattress,Mattress,1,11217.0,950.0,12167.0,9583.0
2026-03-10,SC78726,B0732Y4N37,Original Mattress,Mattress,2,26082.0,2460.0,28542.0,24132.0
2026-03-10,SCP72488,B07PVC8NR5,Original Mattress,Mattress,2,20154.0,1900.0,22054.0,18132.0
2026-03-10,SCP72728,B07M72KSRM,Original Mattress,Mattress,1,14281.0,1230.0,15511.0,13505.0
2026-03-10,SCP75608,B07MBSJ553,Original Mattress,Mattress,1,12737.0,1230.0,13967.0,11403.0
2026-03-10,SCP78608,B07JN4C3NB,Original Mattress,Mattress,1,13117.0,1230.0,14347.0,12414.0
2026-03-10,SCP78728,B07JM7GQG4,Original Mattress,Mattress,1,14889.0,1230.0,16119.0,14083.0
2026-03-10,SCPROD75x48,B0822XBCF1,Protector,Bedding,1,683.0,141.0,824.0,681.0
2026-03-10,SCPROK78x72,B0822WWZRV,Protector,Bedding,2,1650.0,382.0,2032.0,1448.0
2026-03-11,SC-F-4TFOLD-BL-72X48,B0FHF65C2R,Tri-fold Mattress,Mattress,2,9310.0,1620.0,10930.0,8337.0
2026-03-11,SC-F-75x36x10,B09BFD48NW,Original Mattress,Mattress,1,8742.0,0.0,8742.0,7443.0
2026-03-11,SC-F-CLD-SPR-K-72x72x8,B0DGTCVYJZ,Cloud Spring Mattress,Mattress,1,21077.0,1430.0,22507.0,18861.0
2026-03-11,SC-F-CLD-SPR-K-78x72x8,B0DGT8T9Q4,Cloud Spring Mattress,Mattress,1,21077.0,1430.0,22507.0,18828.0
2026-03-11,SC-F-CLPILW27x18,B08KT1QRHJ,Cloud Pillow,Pillows,6,18332.0,888.0,19220.0,15011.0
2026-03-11,SC-F-CON-MFPILWS2-BAM-24x14,B09XFG77VR,Contour Bamboo MF Pillow,Pillows,2,3592.0,422.0,4014.0,3492.0
2026-03-11,SC-F-DGRPILWCS-S-28x18,B0CWL2NG34,Cotton Pillow Case,Bedding,1,402.0,135.0,537.0,372.0
2026-03-11,SC-F-HYB-LATEX-K-72x70x6,B0F2TGQH37,Hybrid Latex Mattress,Mattress,1,14057.0,1230.0,15287.0,12195.0
2026-03-11,SC-F-HYB-LATEX-K-72x70x8,B0F2TJJVDM,Hybrid Latex Mattress,Mattress,2,32054.0,2860.0,34914.0,28547.0
2026-03-11,SC-F-HYB-LATEX-K-72x72x6,B09XGDZQPC,Hybrid Latex Mattress,Mattress,2,27214.0,2460.0,29674.0,24714.0
2026-03-11,SC-F-HYB-LATEX-K-72x72x8,B09XFMGSKV,Hybrid Latex Mattress,Mattress,2,31591.0,2860.0,34451.0,28270.0
2026-03-11,SC-F-HYB-LATEX-K-75x72x6,B09XFLVCHN,Hybrid Latex Mattress,Mattress,1,14057.0,1230.0,15287.0,12195.0
2026-03-11,SC-F-HYB-LATEX-K-78x72x6,B09XFKM8V6,Hybrid Latex Mattress,Mattress,1,14275.0,1230.0,15505.0,12762.0
2026-03-11,SC-F-HYB-LATEX-K-78x72x8,B09XGCSRXY,Hybrid Latex Mattress,Mattress,2,33254.0,2860.0,36114.0,29516.0
2026-03-11,SC-F-HYB-LATEX-Q-72x60x6,B09XGNVN9N,Hybrid Latex Mattress,Mattress,3,35421.0,3690.0,39111.0,31814.0
2026-03-11,SC-F-HYB-LATEX-Q-78x60x6,B09XGPZKTZ,Hybrid Latex Mattress,Mattress,1,12407.0,1230.0,13637.0,10622.0
2026-03-11,SC-F-HYB-LATEX-Q-78x60x8,B09XFL1H1T,Hybrid Latex Mattress,Mattress,3,41681.0,3690.0,45371.0,38462.0
2026-03-11,SC-F-LITEPILWPSET2-S-27X17,B0CV17V482,Fiber Lite,Pillows,8,6523.0,1184.0,7707.0,5367.0
2026-03-11,SC-F-LTX-ORTHO-D-72X48X8,B0G3CY2MBY,Latex Ortho Mattress,Mattress,1,9991.0,950.0,10941.0,9657.0
2026-03-11,SC-F-LTX-ORTHO-K-78X72X6,B0G3BY1NZH,Latex Ortho Mattress,Mattress,1,13027.0,1230.0,14257.0,12328.0
2026-03-11,SC-F-LTX-ORTHO-S-72x30x5,B0G7JKNNVR,Latex Ortho Mattress,Mattress,1,4972.0,810.0,5782.0,4972.0
2026-03-11,SC-F-ORIG-D-72x48x10,B0BB7KCGYN,Original Mattress,Mattress,1,11009.0,950.0,11959.0,9404.0
2026-03-11,SC-F-ORIG-K-78x72x5,B0G254DYHG,Original Mattress,Mattress,1,11456.0,950.0,12406.0,11456.0
2026-03-11,SC-F-ORIG-Q-72x60x4,B0G71QJRXS,Original Mattress,Mattress,1,7170.0,810.0,7980.0,6372.0
2026-03-11,SC-F-ORIG-Q-72x60x5,B0G25BHBT6,Original Mattress,Mattress,2,18382.0,1900.0,20282.0,18382.0
2026-03-11,SC-F-ORIG-Q-72x66x8,B0B6CKXX6W,Original Mattress,Mattress,1,13293.0,1230.0,14523.0,11330.0
2026-03-11,SC-F-ORIG-S-78x36x4,B0G71TH7GF,Original Mattress,Mattress,1,5159.0,0.0,5159.0,4562.0
2026-03-11,SC-F-PROT-D-78x48,B0822VYH6P,Protector,Bedding,1,594.0,141.0,735.0,564.0
2026-03-11,SC-F-PROT-K-72x72,B0822WG76C,Protector,Bedding,8,6054.0,1528.0,7582.0,5385.0
2026-03-11,SC-F-PROT-K-75x72,B0822W6ZCG,Protector,Bedding,1,764.0,191.0,955.0,764.0
2026-03-11,SC-F-PROT-K-84x72,B0FV89YKNN,Protector,Bedding,1,852.0,191.0,1043.0,852.0
2026-03-11,SC-F-PROT-Q-72x60,B0822X8LZY,Protector,Bedding,3,2020.0,423.0,2443.0,1790.0
2026-03-11,SC-F-PROT-Q-72x66,B0822VBPYC,Protector,Bedding,1,734.0,141.0,875.0,734.0
2026-03-11,SC-F-PROT-Q-78x60,B0822WJWGS,Protector,Bedding,2,1368.0,282.0,1650.0,1227.0
2026-03-11,SC-F-PROT-S-72x36,B0822W49Z9,Protector,Bedding,1,514.0,141.0,655.0,514.0
2026-03-11,SC-F-S2CLPILW27x18,B08R7MX63N,Cloud Pillow,Pillows,1,1446.0,211.0,1657.0,1288.0
2026-03-11,SC-F-S2MFPILW-26x16x4,B08R8DC5BB,Memory Foam Pillow,Pillows,8,13341.0,1688.0,15029.0,11140.0
2026-03-11,SC-F-SMFPILWSET1-BAM-S-22x14,B0F1Y416FR,Small Memory Foam Pillow,Pillows,7,7111.0,1036.0,8147.0,5821.0
2026-03-11,SC-F-TBLPILWCS-S-28x18,B0CWLCGJDC,Cotton Pillow Case,Bedding,1,391.0,144.0,535.0,348.0
2026-03-11,SC-F-ULTM-LATEX-K-72x72x8,B0D58LLWFN,Ultima Latex Mattress,Mattress,1,25527.0,1430.0,26957.0,22599.0
2026-03-11,SC-F-ULTM-LATEX-K-75x72x8,B0D58LV9HN,Ultima Latex Mattress,Mattress,1,25512.0,1430.0,26942.0,22584.0
2026-03-11,SC-F-ULTM-LATEX-K-78x72x10,B0D58MW6Z4,Ultima Latex Mattress,Mattress,1,28607.0,1430.0,30037.0,25534.0
2026-03-11,SC-MFPILW-BAM-C-25x16,B09XFF5LPL,Contour Bamboo MF Pillow,Pillows,14,16838.0,2072.0,18910.0,13853.0
2026-03-11,SC-PILLOW,B0822SXQGH,Memory Foam Pillow,Pillows,16,15132.0,3376.0,18508.0,12513.0
2026-03-11,SC-ULTM-K-78x72x8,B09XGRWRST,Ultima Mattress,Mattress,1,18277.0,1430.0,19707.0,16375.0
2026-03-11,SC-ULTM-Q-78x60x8,B09XGNTMB7,Ultima Mattress,Mattress,1,16002.0,1430.0,17432.0,13889.0
2026-03-11,SC72366,B078BRGTDM,Original Mattress,Mattress,1,6685.0,810.0,7495.0,5954.0
2026-03-11,SC72486,B077Q9YRMY,Original Mattress,Mattress,2,16802.0,1900.0,18702.0,15109.0
2026-03-11,SC72606,B078BNQ7M4,Original Mattress,Mattress,3,31083.0,2850.0,33933.0,29385.0
2026-03-11,SC72726,B077QJVWBR,Original Mattress,Mattress,3,36031.0,3690.0,39721.0,33093.0
2026-03-11,SC75606,B0732TMKP8,Original Mattress,Mattress,1,10577.0,950.0,11527.0,10001.0
2026-03-11,SC75726,B0732TFNYC,Original Mattress,Mattress,2,24308.0,2460.0,26768.0,20771.0
2026-03-11,SC78606,B0732WFNVL,Original Mattress,Mattress,2,21393.0,1900.0,23293.0,18668.0
2026-03-11,SC78726,B0732Y4N37,Original Mattress,Mattress,1,12305.0,1230.0,13535.0,10525.0
2026-03-11,SCORIG-78x72x6,,SCORIG-78x72x6,Other,1,12304.0,1230.0,13534.0,11900.0
2026-03-11,SCP72488,B07PVC8NR5,Original Mattress,Mattress,1,9487.0,950.0,10437.0,8469.0
2026-03-11,SCP72608,B07MHZTP8Q,Original Mattress,Mattress,2,23203.0,2460.0,25663.0,20757.0
2026-03-11,SCP75728,B07MHZVDNP,Original Mattress,Mattress,1,13825.0,1230.0,15055.0,12357.0
2026-03-11,SCP78728,B07JM7GQG4,Original Mattress,Mattress,2,28082.0,2460.0,30542.0,25443.0
2026-03-11,SCPROK78x72,B0822WWZRV,Protector,Bedding,3,2292.0,573.0,2865.0,2045.0
2026-03-12,P7836,B0822XQZVK,Protector,Bedding,1,508.0,141.0,649.0,508.0
2026-03-12,SC-F-4TFOLD-BL-72X48,B0FHF65C2R,Tri-fold Mattress,Mattress,1,4778.0,810.0,5588.0,4049.0
2026-03-12,SC-F-72x72x10,B09BFCFQ9G,Original Mattress,Mattress,3,46007.0,3690.0,49697.0,43523.0
2026-03-12,SC-F-CLD-SPR-K-75x72x8,B0DGTCXZ9M,Cloud Spring Mattress,Mattress,1,21077.0,1430.0,22507.0,18883.0
2026-03-12,SC-F-CLPILW27x18,B08KT1QRHJ,Cloud Pillow,Pillows,1,707.0,148.0,855.0,586.0
2026-03-12,SC-F-CON-MFPILWS2-BAM-24x14,B09XFG77VR,Contour Bamboo MF Pillow,Pillows,1,1729.0,211.0,1940.0,1629.0
2026-03-12,SC-F-DGRDVTCOVER-S-90x60,B0CW9S9W8F,Cotton Duvet cover,Bedding,1,1036.0,256.0,1292.0,1036.0
2026-03-12,SC-F-DGRPILWCS-S-28x18,B0CWL2NG34,Cotton Pillow Case,Bedding,2,1608.0,270.0,1878.0,1488.0
2026-03-12,SC-F-HYB-LATEX-D-72x48x8,B09XGGGNN9,Hybrid Latex Mattress,Mattress,4,44828.0,3800.0,48628.0,39062.0
2026-03-12,SC-F-HYB-LATEX-D-75x48x6,B09XGGFP7W,Hybrid Latex Mattress,Mattress,1,9707.0,0.0,9707.0,8668.0
2026-03-12,SC-F-HYB-LATEX-K-72x70x6,B0F2TGQH37,Hybrid Latex Mattress,Mattress,1,14057.0,1230.0,15287.0,11366.0
2026-03-12,SC-F-HYB-LATEX-K-75x72x6,B09XFLVCHN,Hybrid Latex Mattress,Mattress,2,28094.0,2460.0,30554.0,25992.0
2026-03-12,SC-F-HYB-LATEX-K-75x72x8,B09XFL1FR1,Hybrid Latex Mattress,Mattress,2,32311.0,2860.0,35171.0,29566.0
2026-03-12,SC-F-HYB-LATEX-K-78x70x6,B0F2TGBG5V,Hybrid Latex Mattress,Mattress,2,28114.0,2460.0,30574.0,24987.0
2026-03-12,SC-F-HYB-LATEX-K-78x72x6,B09XFKM8V6,Hybrid Latex Mattress,Mattress,1,14302.0,1230.0,15532.0,13525.0
2026-03-12,SC-F-HYB-LATEX-K-78x72x8,B09XGCSRXY,Hybrid Latex Mattress,Mattress,4,66472.0,5720.0,72192.0,59978.0
2026-03-12,SC-F-HYB-LATEX-Q-72x60x8,B09XFN2QX3,Hybrid Latex Mattress,Mattress,1,13582.0,1230.0,14812.0,11740.0
2026-03-12,SC-F-HYB-LATEX-Q-75x60x8,B09XFRNJCD,Hybrid Latex Mattress,Mattress,1,13883.0,1230.0,15113.0,13140.0
2026-03-12,SC-F-HYB-LATEX-Q-78x60x6,B09XGPZKTZ,Hybrid Latex Mattress,Mattress,1,12407.0,1230.0,13637.0,11104.0
2026-03-12,SC-F-HYB-LATEX-Q-78x60x8,B09XFL1H1T,Hybrid Latex Mattress,Mattress,2,27854.0,2460.0,30314.0,25984.0
2026-03-12,SC-F-HYB-LATEX-Q-78x66x8,B0F2TKCPX5,Hybrid Latex Mattress,Mattress,1,16027.0,0.0,16027.0,13437.0
2026-03-12,SC-F-HYB-LATEX-S-72x36x6,B09XFMX37N,Hybrid Latex Mattress,Mattress,2,15494.0,1900.0,17394.0,13824.0
2026-03-12,SC-F-HYB-LATEX-S-75x36x6,B09XFLCPM3,Hybrid Latex Mattress,Mattress,1,7822.0,950.0,8772.0,6661.0
2026-03-12,SC-F-HYBPILWSET2-S-26x16,B09XF52Y5P,Hybrid Pillow,Pillows,1,2756.0,211.0,2967.0,2623.0
2026-03-12,SC-F-LITEPILWPSET2-S-27X17,B0CV17V482,Fiber Lite,Pillows,3,1910.0,444.0,2354.0,1580.0
2026-03-12,SC-F-LTX-ORTHO-D-72X42X8,B0G3CMJVQC,Latex Ortho Mattress,Mattress,1,8745.0,0.0,8745.0,8267.0
2026-03-12,SC-F-LTX-ORTHO-K-78x72x5,B0G7JCBDJJ,Latex Ortho Mattress,Mattress,1,10915.0,950.0,11865.0,9729.0
2026-03-12,SC-F-LTX-ORTHO-Q-75X60X6,B0G3BY4SK8,Latex Ortho Mattress,Mattress,1,10538.0,950.0,11488.0,9108.0
2026-03-12,SC-F-MBJRFTDSHEET-D-72x48,B0CZLJSYJQ,Jersey Fitted Bed sheet,Bedding,1,1510.0,0.0,1510.0,1510.0
2026-03-12,SC-F-ORIG-D-72x48x10,B0BB7KCGYN,Original Mattress,Mattress,1,10975.0,950.0,11925.0,10379.0
2026-03-12,SC-F-ORIG-D-72x48x4,B0G71HHRVT,Original Mattress,Mattress,1,6468.0,810.0,7278.0,5562.0
2026-03-12,SC-F-ORIG-K-72x70x6,B0F2TGN1KQ,Original Mattress,Mattress,2,24014.0,2460.0,26474.0,21302.0
2026-03-12,SC-F-ORIG-K-72x72x5,B0G25736BD,Original Mattress,Mattress,1,10750.0,950.0,11700.0,10165.0
2026-03-12,SC-F-ORIG-K-75x72x5,B0G253GWFF,Original Mattress,Mattress,1,11052.0,950.0,12002.0,9852.0
2026-03-12,SC-F-ORIG-Q-72x60x4,B0G71QJRXS,Original Mattress,Mattress,3,21723.0,2430.0,24153.0,20113.0
2026-03-12,SC-F-ORIG-Q-72x60x5,B0G25BHBT6,Original Mattress,Mattress,1,9191.0,950.0,10141.0,8885.0
2026-03-12,SC-F-ORIG-Q-78x60x4,B0G71QBLSG,Original Mattress,Mattress,1,7722.0,950.0,8672.0,7295.0
2026-03-12,SC-F-ORIG-Q-78x60x5,B0G2569T27,Original Mattress,Mattress,1,9724.0,950.0,10674.0,9724.0
2026-03-12,SC-F-PROT-D-78x48,B0822VYH6P,Protector,Bedding,2,1188.0,282.0,1470.0,1121.0
2026-03-12,SC-F-PROT-K-72x72,B0822WG76C,Protector,Bedding,5,5348.0,955.0,6303.0,4734.0
2026-03-12,SC-F-PROT-Q-72x60,B0822X8LZY,Protector,Bedding,2,1368.0,282.0,1650.0,1211.0
2026-03-12,SC-F-PROT-Q-75x60,B0822WH47T,Protector,Bedding,1,684.0,141.0,825.0,684.0
2026-03-12,SC-F-PROT-Q-78x60,B0822WJWGS,Protector,Bedding,3,3420.0,423.0,3843.0,3010.0
2026-03-12,SC-F-S2CLPILW27x18,B08R7MX63N,Cloud Pillow,Pillows,2,2892.0,422.0,3314.0,2562.0
2026-03-12,SC-F-S2MFPILW-26x16x4,B08R8DC5BB,Memory Foam Pillow,Pillows,12,20327.0,2532.0,22859.0,16921.0
2026-03-12,SC-F-S4MFPILW-26x16x4,B08R8DQ3T4,Memory Foam Pillow,Pillows,1,3596.0,211.0,3807.0,3026.0
2026-03-12,SC-F-SLMPILWSET2-S-26x16,B09XBNLXW7,Slim Pillow,Pillows,1,1396.0,211.0,1607.0,1396.0
2026-03-12,SC-F-SLSTFTDSHEET-D-72x48,B0CWCXHXWW,Cotton Fitted Bedsheet,Bedding,1,1101.0,0.0,1101.0,1101.0
2026-03-12,SC-F-SMFPILWSET1-BAM-S-22x14,B0F1Y416FR,Small Memory Foam Pillow,Pillows,7,5903.0,1036.0,6939.0,4876.0
2026-03-12,SC-F-SMLUXERCOMF-D-90x100,B0F6YF183J,Summer Luxe Comforter,Bedding,1,3617.0,0.0,3617.0,3617.0
2026-03-12,SC-F-ULTM-LATEX-K-72x72x8,B0D58LLWFN,Ultima Latex Mattress,Mattress,1,25527.0,1430.0,26957.0,22599.0
2026-03-12,SC-MFPILW-BAM-C-25x16,B09XFF5LPL,Contour Bamboo MF Pillow,Pillows,12,13521.0,1776.0,15297.0,11188.0
2026-03-12,SC-PILLOW,B0822SXQGH,Memory Foam Pillow,Pillows,15,14432.0,3165.0,17597.0,12009.0
2026-03-12,SC-SLMPILW-S-26x16,B09XBMFFZY,Slim Pillow,Pillows,1,707.0,148.0,855.0,707.0
2026-03-12,SC-ULTM-K-78x72x8,B09XGRWRST,Ultima Mattress,Mattress,2,36554.0,2860.0,39414.0,33825.0
2026-03-12,SC72486,B077Q9YRMY,Original Mattress,Mattress,2,16734.0,1900.0,18634.0,15403.0
2026-03-12,SC72606,B078BNQ7M4,Original Mattress,Mattress,2,20722.0,1900.0,22622.0,18107.0
2026-03-12,SC72726,B077QJVWBR,Original Mattress,Mattress,1,12017.0,1230.0,13247.0,10753.0
2026-03-12,SC75486,B077Q8RLCP,Original Mattress,Mattress,1,8557.0,950.0,9507.0,7292.0
2026-03-12,SC75606,B0732TMKP8,Original Mattress,Mattress,1,10577.0,950.0,11527.0,10001.0
2026-03-12,SC75726,B0732TFNYC,Original Mattress,Mattress,2,24305.0,2460.0,26765.0,20769.0
2026-03-12,SC78606,B0732WFNVL,Original Mattress,Mattress,1,10721.0,950.0,11671.0,9583.0
2026-03-12,SC78726,B0732Y4N37,Original Mattress,Mattress,3,36915.0,3690.0,40605.0,31929.0
2026-03-12,SCP72368,B07PXG7NPX,Original Mattress,Mattress,1,7549.0,950.0,8499.0,7131.0
2026-03-12,SCP72488,B07PVC8NR5,Original Mattress,Mattress,1,9477.0,950.0,10427.0,7965.0
2026-03-12,SCP72728,B07M72KSRM,Original Mattress,Mattress,1,13716.0,1230.0,14946.0,12466.0
2026-03-12,SCP75368,B07NLFV79S,Original Mattress,Mattress,1,7837.0,0.0,7837.0,6994.0
2026-03-12,SCP75728,B07MHZVDNP,Original Mattress,Mattress,1,13825.0,1230.0,15055.0,11960.0
2026-03-12,SCP78728,B07JM7GQG4,Original Mattress,Mattress,2,28015.0,2460.0,30475.0,25891.0
2026-03-12,SCPROD75x48,B0822XBCF1,Protector,Bedding,3,1782.0,423.0,2205.0,1782.0
2026-03-12,SCPROK78x72,B0822WWZRV,Protector,Bedding,6,4494.0,1146.0,5640.0,3961.0
2026-03-12,SCPROS75x36,B0822V9JY4,Protector,Bedding,1,514.0,141.0,655.0,481.0
2026-03-13,SC-78x60x10,B09BFD1ZB3,Original Mattress,Mattress,2,28055.0,2460.0,30515.0,25743.0
2026-03-13,SC-F-4TFOLD-BL-72X48,B0FHF65C2R,Tri-fold Mattress,Mattress,3,14412.0,2430.0,16842.0,13617.0
2026-03-13,SC-F-72x60x10,B09BFDR5TH,Original Mattress,Mattress,1,13313.0,1230.0,14543.0,11922.0
2026-03-13,SC-F-CLD-SPR-K-78x72x8,B0DGT8T9Q4,Cloud Spring Mattress,Mattress,1,21077.0,1430.0,22507.0,18260.0
2026-03-13,SC-F-CLPILW27x18,B08KT1QRHJ,Cloud Pillow,Pillows,1,707.0,148.0,855.0,586.0
2026-03-13,SC-F-CON-MFPILWS2-BAM-24x14,B09XFG77VR,Contour Bamboo MF Pillow,Pillows,2,3524.0,422.0,3946.0,3347.0
2026-03-13,SC-F-DCPILWSET1-BAM-25x15,B0F1937F9V,Dual Comfort Pillow,Pillows,1,1688.0,211.0,1899.0,1600.0
2026-03-13,SC-F-HYB-LATEX-D-72x48x6,B09XFLYZ66,Hybrid Latex Mattress,Mattress,2,18952.0,1900.0,20852.0,17928.0
2026-03-13,SC-F-HYB-LATEX-D-75x48x6,B09XGGFP7W,Hybrid Latex Mattress,Mattress,1,9707.0,0.0,9707.0,8668.0
2026-03-13,SC-F-HYB-LATEX-D-75x48x8,B09XGN7MMK,Hybrid Latex Mattress,Mattress,1,11415.0,0.0,11415.0,10209.0
2026-03-13,SC-F-HYB-LATEX-K-72x70x8,B0F2TJJVDM,Hybrid Latex Mattress,Mattress,2,32054.0,2860.0,34914.0,29508.0
2026-03-13,SC-F-HYB-LATEX-K-78x70x6,B0F2TGBG5V,Hybrid Latex Mattress,Mattress,1,14057.0,1230.0,15287.0,11934.0
2026-03-13,SC-F-HYB-LATEX-K-78x70x8,B0F2THY2W3,Hybrid Latex Mattress,Mattress,2,31764.0,0.0,31764.0,27200.0
2026-03-13,SC-F-HYB-LATEX-Q-72x60x8,B09XFN2QX3,Hybrid Latex Mattress,Mattress,2,27214.0,2460.0,29674.0,25066.0
2026-03-13,SC-F-HYB-LATEX-Q-78x60x8,B09XFL1H1T,Hybrid Latex Mattress,Mattress,2,27854.0,2460.0,30314.0,26376.0
2026-03-13,SC-F-HYB-LATEX-Q-78x66x6,B0F2THGKN7,Hybrid Latex Mattress,Mattress,1,14057.0,1230.0,15287.0,13665.0
2026-03-13,SC-F-HYB-LATEX-S-75x36x6,B09XFLCPM3,Hybrid Latex Mattress,Mattress,1,7822.0,950.0,8772.0,6980.0
2026-03-13,SC-F-HYB-LATEX-S-75x36x8,B09XGJ93PQ,Hybrid Latex Mattress,Mattress,1,8947.0,950.0,9897.0,7976.0
2026-03-13,SC-F-LITEPILWPSET2-S-27X17,B0CV17V482,Fiber Lite,Pillows,2,1314.0,296.0,1610.0,1314.0
2026-03-13,SC-F-LTX-ORTHO-K-78X72X6,B0G3BY1NZH,Latex Ortho Mattress,Mattress,1,13071.0,1230.0,14301.0,12370.0
2026-03-13,SC-F-LTX-ORTHO-Q-75X60X6,B0G3BY4SK8,Latex Ortho Mattress,Mattress,1,10607.0,950.0,11557.0,10607.0
2026-03-13,SC-F-LTX-ORTHO-S-72X36X6,B0G3CC722B,Latex Ortho Mattress,Mattress,1,6666.0,810.0,7476.0,6666.0
2026-03-13,SC-F-LTX-ORTHO-S-72x36x5,B0G7HSDJXL,Latex Ortho Mattress,Mattress,1,6107.0,810.0,6917.0,5761.0
2026-03-13,SC-F-ORIG-K-72x72x4,B0G726PGD2,Original Mattress,Mattress,1,8953.0,950.0,9903.0,8953.0
2026-03-13,SC-F-ORIG-K-78x72x4,B0G722YTNC,Original Mattress,Mattress,1,9476.0,950.0,10426.0,8955.0
2026-03-13,SC-F-ORIG-Q-72x60x5,B0G25BHBT6,Original Mattress,Mattress,1,9167.0,950.0,10117.0,8469.0
2026-03-13,SC-F-ORIG-Q-78x60x4,B0G71QBLSG,Original Mattress,Mattress,1,7709.0,950.0,8659.0,6370.0
2026-03-13,SC-F-ORIG-S-72x36x5,B0G255BCC2,Original Mattress,Mattress,1,6336.0,810.0,7146.0,5836.0
2026-03-13,SC-F-PROT-K-72x72,B0822WG76C,Protector,Bedding,1,792.0,191.0,983.0,792.0
2026-03-13,SC-F-PROT-Q-72x60,B0822X8LZY,Protector,Bedding,3,2184.0,423.0,2607.0,2140.0
2026-03-13,SC-F-PROT-Q-75x60,B0822WH47T,Protector,Bedding,1,684.0,141.0,825.0,684.0
2026-03-13,SC-F-PRPNPILWCS-S-28x18,B0CWL52SCG,Cotton Pillow Case,Bedding,1,383.0,153.0,536.0,383.0
2026-03-13,SC-F-S2CLPILW27x18,B08R7MX63N,Cloud Pillow,Pillows,2,2979.0,422.0,3401.0,2913.0
2026-03-13,SC-F-S2MFPILW-26x16x4,B08R8DC5BB,Memory Foam Pillow,Pillows,8,13585.0,1688.0,15273.0,12770.0
2026-03-13,SC-F-SMFPILWSET1-BAM-S-22x14,B0F1Y416FR,Small Memory Foam Pillow,Pillows,5,4599.0,740.0,5339.0,4391.0
2026-03-13,SC-MFPILW-BAM-C-25x16,B09XFF5LPL,Contour Bamboo MF Pillow,Pillows,4,3358.0,592.0,3950.0,3358.0
2026-03-13,SC-MFPILW-CLT-S-25x16,B09XF967YW,CoolTEC MF Pillow,Pillows,1,1796.0,211.0,2007.0,1703.0
2026-03-13,SC-PILLOW,B0822SXQGH,Memory Foam Pillow,Pillows,4,3403.0,844.0,4247.0,3403.0
2026-03-13,SC-ULTM-K-78x72x8,B09XGRWRST,Ultima Mattress,Mattress,1,18257.0,1430.0,19687.0,17282.0
2026-03-13,SC-ULTM-Q-72x60x8,B09XGCYCSY,Ultima Mattress,Mattress,1,16027.0,1430.0,17457.0,15295.0
2026-03-13,SC72486,B077Q9YRMY,Original Mattress,Mattress,1,8413.0,950.0,9363.0,7962.0
2026-03-13,SC72606,B078BNQ7M4,Original Mattress,Mattress,2,20422.0,1900.0,22322.0,19290.0
2026-03-13,SC75486,B077Q8RLCP,Original Mattress,Mattress,2,17114.0,1900.0,19014.0,16023.0
2026-03-13,SC75606,B0732TMKP8,Original Mattress,Mattress,2,21137.0,1900.0,23037.0,18862.0
2026-03-13,SC75726,B0732TFNYC,Original Mattress,Mattress,1,12161.0,1230.0,13391.0,11542.0
2026-03-13,SC78726,B0732Y4N37,Original Mattress,Mattress,2,24590.0,2460.0,27050.0,21789.0
2026-03-13,SCP72368,B07PXG7NPX,Original Mattress,Mattress,1,7549.0,950.0,8499.0,7131.0
2026-03-13,SCP72608,B07MHZTP8Q,Original Mattress,Mattress,1,11657.0,1230.0,12887.0,11027.0
2026-03-13,SCP72728,B07M72KSRM,Original Mattress,Mattress,1,13725.0,1230.0,14955.0,13101.0
2026-03-13,SCP75488,B07NLFVP6H,Original Mattress,Mattress,1,9785.0,950.0,10735.0,8738.0
2026-03-13,SCP75608,B07MBSJ553,Original Mattress,Mattress,1,12017.0,1230.0,13247.0,10753.0
2026-03-13,SCP78728,B07JM7GQG4,Original Mattress,Mattress,2,28082.0,2460.0,30542.0,24999.0
2026-03-13,SCPROD75x48,B0822XBCF1,Protector,Bedding,3,1782.0,423.0,2205.0,1782.0
2026-03-13,SCPROK78x72,B0822WWZRV,Protector,Bedding,7,6970.0,1337.0,8307.0,6626.0
2026-03-13,SCPROS75x36,B0822V9JY4,Protector,Bedding,1,514.0,141.0,655.0,488.0
2026-03-14,SC-F-4TFOLD-BL-72X48,B0FHF65C2R,Tri-fold Mattress,Mattress,2,9544.0,1620.0,11164.0,8999.0
2026-03-14,SC-F-72x72x10,B09BFCFQ9G,Original Mattress,Mattress,1,15337.0,1230.0,16567.0,14509.0
2026-03-14,SC-F-78x72x10,B09BFC81R8,Original Mattress,Mattress,1,16417.0,1430.0,17847.0,14728.0
2026-03-14,SC-F-DGRPILWCS-S-28x18,B0CWL2NG34,Cotton Pillow Case,Bedding,1,402.0,135.0,537.0,402.0
2026-03-14,SC-F-HYB-LATEX-D-78x48x8,B09XFLDPHV,Hybrid Latex Mattress,Mattress,1,11732.0,0.0,11732.0,11134.0
2026-03-14,SC-F-HYB-LATEX-K-72x72x6,B09XGDZQPC,Hybrid Latex Mattress,Mattress,1,13607.0,1230.0,14837.0,11949.0
2026-03-14,SC-F-HYB-LATEX-K-75x72x8,B09XFL1FR1,Hybrid Latex Mattress,Mattress,2,32337.0,2860.0,35197.0,28954.0
2026-03-14,SC-F-HYB-LATEX-K-78x72x6,B09XFKM8V6,Hybrid Latex Mattress,Mattress,1,14302.0,1230.0,15532.0,12533.0
2026-03-14,SC-F-HYB-LATEX-K-78x72x8,B09XGCSRXY,Hybrid Latex Mattress,Mattress,1,16627.0,1430.0,18057.0,15395.0
2026-03-14,SC-F-HYB-LATEX-Q-78x60x6,B09XGPZKTZ,Hybrid Latex Mattress,Mattress,2,24814.0,2460.0,27274.0,22625.0
2026-03-14,SC-F-HYB-LATEX-S-78x36x6,B09XGGZVSB,Hybrid Latex Mattress,Mattress,1,8108.0,0.0,8108.0,7250.0
2026-03-14,SC-F-HYBPILWSET2-S-26x16,B09XF52Y5P,Hybrid Pillow,Pillows,2,5512.0,422.0,5934.0,5371.0
2026-03-14,SC-F-LITEPILWPSET2-S-27X17,B0CV17V482,Fiber Lite,Pillows,2,1314.0,296.0,1610.0,1314.0
2026-03-14,SC-F-LTX-ORTHO-D-72X48X6,B0G3CFZX69,Latex Ortho Mattress,Mattress,1,8668.0,950.0,9618.0,8194.0
2026-03-14,SC-F-LTX-ORTHO-K-78X72X8,B0G3D21NYY,Latex Ortho Mattress,Mattress,1,14716.0,1230.0,15946.0,12533.0
2026-03-14,SC-F-LTX-ORTHO-K-84X72X8,B0G3CG2MCP,Latex Ortho Mattress,Mattress,1,16641.0,0.0,16641.0,15390.0
2026-03-14,SC-F-LTX-ORTHO-K-84X78X8,B0G3D48PT8,Latex Ortho Mattress,Mattress,1,18027.0,0.0,18027.0,17064.0
2026-03-14,SC-F-LTX-ORTHO-Q-72X60X8,B0G3CNC7P5,Latex Ortho Mattress,Mattress,1,12301.0,1230.0,13531.0,11638.0
2026-03-14,SC-F-LTX-ORTHO-Q-78X60X6,B0G3CTR224,Latex Ortho Mattress,Mattress,2,21781.0,1900.0,23681.0,20360.0
2026-03-14,SC-F-LTX-ORTHO-S-72X30X8,B0G3BW8QFQ,Latex Ortho Mattress,Mattress,1,6261.0,810.0,7071.0,5907.0
2026-03-14,SC-F-LTX-ORTHO-S-75x36x5,B0G7J4C6P3,Latex Ortho Mattress,Mattress,1,6281.0,0.0,6281.0,5926.0
2026-03-14,SC-F-MFPILWS2-CLT-S-25x16,B09XF8H7BK,CoolTEC MF Pillow,Pillows,1,3716.0,211.0,3927.0,3520.0
2026-03-14,SC-F-ORIG-K-72x70x6,B0F2TGN1KQ,Original Mattress,Mattress,1,12017.0,1230.0,13247.0,10541.0
2026-03-14,SC-F-ORIG-K-72x72x4,B0G726PGD2,Original Mattress,Mattress,1,8953.0,950.0,9903.0,8270.0
2026-03-14,SC-F-ORIG-K-72x72x5,B0G25736BD,Original Mattress,Mattress,1,10750.0,950.0,11700.0,10445.0
2026-03-14,SC-F-ORIG-Q-72x60x5,B0G25BHBT6,Original Mattress,Mattress,2,18382.0,1900.0,20282.0,17621.0
2026-03-14,SC-F-ORIG-Q-75x60x5,B0G256HLCB,Original Mattress,Mattress,1,9555.0,950.0,10505.0,9555.0
2026-03-14,SC-F-PKCOMF-D-90x100,B09BYWZCXM,Reversible Comforter,Bedding,1,1449.0,330.0,1779.0,1372.0
2026-03-14,SC-F-PROT-D-78x48,B0822VYH6P,Protector,Bedding,2,1188.0,282.0,1470.0,1114.0
2026-03-14,SC-F-PROT-K-72x72,B0822WG76C,Protector,Bedding,1,812.0,191.0,1003.0,812.0
2026-03-14,SC-F-PROT-Q-72x60,B0822X8LZY,Protector,Bedding,3,2184.0,423.0,2607.0,2184.0
2026-03-14,SC-F-PROT-Q-78x60,B0822WJWGS,Protector,Bedding,4,2826.0,564.0,3390.0,2826.0
2026-03-14,SC-F-PROT-Q-78x66,B0822XLRG1,Protector,Bedding,1,714.0,141.0,855.0,677.0
2026-03-14,SC-F-PROT-S-72x36,B0822W49Z9,Protector,Bedding,3,2570.0,423.0,2993.0,2570.0
2026-03-14,SC-F-S2CLPILW27x18,B08R7MX63N,Cloud Pillow,Pillows,2,3066.0,422.0,3488.0,3066.0
2026-03-14,SC-F-S2MFPILW-26x16x4,B08R8DC5BB,Memory Foam Pillow,Pillows,6,10654.0,1266.0,11920.0,10085.0
2026-03-14,SC-F-S4CLPILW27x18,B08R8GN8KH,Cloud Pillow,Pillows,1,3096.0,211.0,3307.0,3096.0
2026-03-14,SC-F-SMFPILWSET1-BAM-S-22x14,B0F1Y416FR,Small Memory Foam Pillow,Pillows,4,3935.0,592.0,4527.0,3935.0
2026-03-14,SC-F-STD-LTX-BAM-24x16,B0F2SWXPMT,Standard Latex Pillow,Pillows,2,4027.0,422.0,4449.0,3817.0
2026-03-14,SC-F-ULTM-LATEX-K-78x72x10,B0D58MW6Z4,Ultima Latex Mattress,Mattress,1,28607.0,1430.0,30037.0,25855.0
2026-03-14,SC-MFPILW-BAM-C-25x16,B09XFF5LPL,Contour Bamboo MF Pillow,Pillows,6,5098.0,888.0,5986.0,5098.0
2026-03-14,SC-PETBEDORTHO-M.Red-XL-52X28,B09XXW2K8T,Pet Bed,Beds,1,2881.0,352.0,3233.0,2572.0
2026-03-14,SC-PILLOW,B0822SXQGH,Memory Foam Pillow,Pillows,5,4248.0,1055.0,5303.0,4248.0
2026-03-14,SC-ULTM-Q-78x60x8,B09XGNTMB7,Ultima Mattress,Mattress,1,16027.0,1430.0,17457.0,16027.0
2026-03-14,SC72366,B078BRGTDM,Original Mattress,Mattress,1,6585.0,810.0,7395.0,5896.0
2026-03-14,SC72486,B077Q9YRMY,Original Mattress,Mattress,2,16726.0,1900.0,18626.0,14978.0
2026-03-14,SC72726,B077QJVWBR,Original Mattress,Mattress,4,47968.0,4920.0,52888.0,44036.0
2026-03-14,SC75366,B077Q9YRMV,Original Mattress,Mattress,1,6681.0,810.0,7491.0,5820.0
2026-03-14,SC75486,B077Q8RLCP,Original Mattress,Mattress,1,8557.0,950.0,9507.0,8164.0
2026-03-14,SC78366,B0732Y4N38,Original Mattress,Mattress,1,7117.0,810.0,7927.0,6194.0
2026-03-14,SC78606,B0732WFNVL,Original Mattress,Mattress,2,21422.0,1900.0,23322.0,19509.0
2026-03-14,SC78726,B0732Y4N37,Original Mattress,Mattress,4,49206.0,4920.0,54126.0,45707.0
2026-03-14,SCP72608,B07MHZTP8Q,Original Mattress,Mattress,1,11657.0,1230.0,12887.0,10409.0
2026-03-14,SCP75488,B07NLFVP6H,Original Mattress,Mattress,1,9645.0,950.0,10595.0,9108.0
2026-03-14,SCP75608,B07MBSJ553,Original Mattress,Mattress,2,24034.0,2460.0,26494.0,21841.0
2026-03-14,SCP75728,B07MHZVDNP,Original Mattress,Mattress,2,27650.0,2460.0,30110.0,25182.0
2026-03-14,SCP78488,B07PW985JH,Original Mattress,Mattress,1,9807.0,0.0,9807.0,8756.0
2026-03-14,SCP78608,B07JN4C3NB,Original Mattress,Mattress,1,12377.0,1230.0,13607.0,11812.0
2026-03-14,SCPROK78x72,B0822WWZRV,Protector,Bedding,5,4010.0,955.0,4965.0,4010.0
2026-03-15,P7836,B0822XQZVK,Protector,Bedding,2,1003.0,282.0,1285.0,1003.0
2026-03-15,SC-F-4TFOLD-BL-72X48,B0FHF65C2R,Tri-fold Mattress,Mattress,1,4822.0,810.0,5632.0,4822.0
2026-03-15,SC-F-72x60x10,B09BFDR5TH,Original Mattress,Mattress,1,13313.0,1230.0,14543.0,12600.0
2026-03-15,SC-F-75x72x10,B09BFC4KSB,Original Mattress,Mattress,2,31538.0,2860.0,34398.0,29886.0
2026-03-15,SC-F-CLD-SPR-K-78x72x8,B0DGT8T9Q4,Cloud Spring Mattress,Mattress,1,21077.0,1430.0,22507.0,19327.0
2026-03-15,SC-F-CON-MFPILWS2-BAM-24x14,B09XFG77VR,Contour Bamboo MF Pillow,Pillows,3,5388.0,633.0,6021.0,4984.0
2026-03-15,SC-F-CTR-LTX-BAM-24x16,B0F2N7Q9H3,Contour Latex Pillow,Pillows,2,4192.0,422.0,4614.0,3992.0
2026-03-15,SC-F-HYB-LATEX-D-72x48x6,B09XFLYZ66,Hybrid Latex Mattress,Mattress,3,28446.0,2850.0,31296.0,26332.0
2026-03-15,SC-F-HYB-LATEX-D-72x48x8,B09XGGGNN9,Hybrid Latex Mattress,Mattress,1,11207.0,950.0,12157.0,10691.0
2026-03-15,SC-F-HYB-LATEX-D-75x48x8,B09XGN7MMK,Hybrid Latex Mattress,Mattress,2,22864.0,0.0,22864.0,20939.0
2026-03-15,SC-F-HYB-LATEX-K-72x72x8,B09XFMGSKV,Hybrid Latex Mattress,Mattress,1,15778.0,1430.0,17208.0,15043.0
2026-03-15,SC-F-HYB-LATEX-K-75x72x8,B09XFL1FR1,Hybrid Latex Mattress,Mattress,3,48445.0,4290.0,52735.0,45012.0
2026-03-15,SC-F-HYB-LATEX-K-78x70x8,B0F2THY2W3,Hybrid Latex Mattress,Mattress,2,32041.0,0.0,32041.0,28110.0
2026-03-15,SC-F-HYB-LATEX-K-78x72x6,B09XFKM8V6,Hybrid Latex Mattress,Mattress,2,28604.0,2460.0,31064.0,25066.0
2026-03-15,SC-F-HYB-LATEX-Q-72x60x6,B09XGNVN9N,Hybrid Latex Mattress,Mattress,2,23614.0,2460.0,26074.0,20708.0
2026-03-15,SC-F-HYB-LATEX-Q-72x60x8,B09XFN2QX3,Hybrid Latex Mattress,Mattress,3,40542.0,3690.0,44232.0,37156.0
2026-03-15,SC-F-HYB-LATEX-Q-78x60x6,B09XGPZKTZ,Hybrid Latex Mattress,Mattress,2,24814.0,2460.0,27274.0,23478.0
2026-03-15,SC-F-HYB-LATEX-Q-78x60x8,B09XFL1H1T,Hybrid Latex Mattress,Mattress,2,27854.0,2460.0,30314.0,24650.0
2026-03-15,SC-F-HYB-LATEX-S-75x36x8,B09XGJ93PQ,Hybrid Latex Mattress,Mattress,1,8947.0,950.0,9897.0,7811.0
2026-03-15,SC-F-HYB-LATEX-S-78x36x6,B09XGGZVSB,Hybrid Latex Mattress,Mattress,1,8122.0,0.0,8122.0,7675.0
2026-03-15,SC-F-LITEPILWPSET2-S-27X17,B0CV17V482,Fiber Lite,Pillows,1,617.0,148.0,765.0,617.0
2026-03-15,SC-F-LTX-ORTHO-D-72X48X6,B0G3CFZX69,Latex Ortho Mattress,Mattress,1,8668.0,950.0,9618.0,8215.0
2026-03-15,SC-F-LTX-ORTHO-D-72x48x5,B0G7J4C6NX,Latex Ortho Mattress,Mattress,1,7667.0,950.0,8617.0,7667.0
2026-03-15,SC-F-LTX-ORTHO-K-78X72X6,B0G3BY1NZH,Latex Ortho Mattress,Mattress,1,13071.0,1230.0,14301.0,12090.0
2026-03-15,SC-F-LTX-ORTHO-Q-75X60X8,B0G3CTX1NC,Latex Ortho Mattress,Mattress,1,12505.0,1230.0,13735.0,11563.0
2026-03-15,SC-F-LTX-ORTHO-Q-78X60X6,B0G3CTR224,Latex Ortho Mattress,Mattress,1,10915.0,950.0,11865.0,9051.0
2026-03-15,SC-F-LTX-ORTHO-Q-78x60x5,B0G7HXS2LF,Latex Ortho Mattress,Mattress,1,9620.0,950.0,10570.0,9310.0
2026-03-15,SC-F-MFPILWS2-CLT-S-25x16,B09XF8H7BK,CoolTEC MF Pillow,Pillows,1,3716.0,211.0,3927.0,3527.0
2026-03-15,SC-F-ORIG-D-72x48x10,B0BB7KCGYN,Original Mattress,Mattress,1,11009.0,950.0,11959.0,9615.0
2026-03-15,SC-F-ORIG-D-72x48x4,B0G71HHRVT,Original Mattress,Mattress,2,13168.0,1620.0,14788.0,13176.0
2026-03-15,SC-F-ORIG-D-75x48x5,B0G2565L5B,Original Mattress,Mattress,1,8492.0,950.0,9442.0,8492.0
2026-03-15,SC-F-ORIG-K-72x70x6,B0F2TGN1KQ,Original Mattress,Mattress,1,12017.0,1230.0,13247.0,11369.0
2026-03-15,SC-F-ORIG-K-72x70x8,B0F2TGCPMR,Original Mattress,Mattress,1,13745.0,1230.0,14975.0,13010.0
2026-03-15,SC-F-ORIG-K-78x72x4,B0G722YTNC,Original Mattress,Mattress,1,9476.0,950.0,10426.0,8955.0
2026-03-15,SC-F-ORIG-K-84x72x6,B0BB72TBNX,Original Mattress,Mattress,2,25259.0,2460.0,27719.0,22157.0
2026-03-15,SC-F-ORIG-Q-72x60x4,B0G71QJRXS,Original Mattress,Mattress,1,7247.0,810.0,8057.0,6683.0
2026-03-15,SC-F-ORIG-Q-72x60x5,B0G25BHBT6,Original Mattress,Mattress,1,9191.0,950.0,10141.0,8740.0
2026-03-15,SC-F-ORIG-Q-72x66x8,B0B6CKXX6W,Original Mattress,Mattress,1,13313.0,1230.0,14543.0,13313.0
2026-03-15,SC-F-ORIG-Q-78x60x4,B0G71QBLSG,Original Mattress,Mattress,1,7722.0,950.0,8672.0,7126.0
2026-03-15,SC-F-ORIG-S-72x36x5,B0G255BCC2,Original Mattress,Mattress,1,6370.0,810.0,7180.0,6370.0
2026-03-15,SC-F-PETORIG-L-32X46,B091CW7VX5,Pet Bed,Beds,1,1444.0,352.0,1796.0,1268.0
2026-03-15,SC-F-PROT-D-78x48,B0822VYH6P,Protector,Bedding,1,566.0,141.0,707.0,536.0
2026-03-15,SC-F-PROT-K-72x72,B0822WG76C,Protector,Bedding,1,812.0,191.0,1003.0,812.0
2026-03-15,SC-F-PROT-Q-72x60,B0822X8LZY,Protector,Bedding,2,1413.0,282.0,1695.0,1413.0
2026-03-15,SC-F-PROT-Q-75x60,B0822WH47T,Protector,Bedding,1,684.0,141.0,825.0,684.0
2026-03-15,SC-F-PROT-Q-78x60,B0822WJWGS,Protector,Bedding,3,2141.0,423.0,2564.0,2141.0
2026-03-15,SC-F-PROT-S-72x36,B0822W49Z9,Protector,Bedding,1,514.0,141.0,655.0,514.0
2026-03-15,SC-F-PRPNPILWCS-S-28x18,B0CWL52SCG,Cotton Pillow Case,Bedding,1,383.0,153.0,536.0,383.0
2026-03-15,SC-F-S2CLPILW27x18,B08R7MX63N,Cloud Pillow,Pillows,2,3066.0,422.0,3488.0,3066.0
2026-03-15,SC-F-S2MFPILW-26x16x4,B08R8DC5BB,Memory Foam Pillow,Pillows,4,7121.0,844.0,7965.0,6754.0
2026-03-15,SC-F-S4MFPILW-26x16x4,B08R8DQ3T4,Memory Foam Pillow,Pillows,1,3596.0,211.0,3807.0,3406.0
2026-03-15,SC-F-SLMMFPILWSET1-BAM-S-25x15,B0GVF93GX9,Slim Pillow,Pillows,1,1129.0,211.0,1340.0,1075.0
2026-03-15,SC-F-SLSTPILWCS-S-28x18,B0CWKZHV5T,Cotton Pillow Case,Bedding,1,437.0,153.0,590.0,407.0
2026-03-15,SC-F-SMFPILWSET1-BAM-S-22x14,B0F1Y416FR,Small Memory Foam Pillow,Pillows,1,617.0,148.0,765.0,617.0
2026-03-15,SC-F-STD-LTX-BAM-24x16,B0F2SWXPMT,Standard Latex Pillow,Pillows,1,2096.0,211.0,2307.0,1988.0
2026-03-15,SC-F-ULTM-LATEX-K-78x72x8,B0D58NBSN9,Ultima Latex Mattress,Mattress,1,25527.0,1430.0,26957.0,25527.0
2026-03-15,SC-MFPILW-BAM-C-25x16,B09XFF5LPL,Contour Bamboo MF Pillow,Pillows,3,2539.0,444.0,2983.0,2539.0
2026-03-15,SC-PETBEDORIG-M.Red-L-46x32,B09XXW4L26,Pet Bed,Beds,1,1416.0,352.0,1768.0,1243.0
2026-03-15,SC-PILLOW,B0822SXQGH,Memory Foam Pillow,Pillows,8,8533.0,1688.0,10221.0,8533.0
2026-03-15,SC-ULTM-K-72x72x8,B09XGNVVYK,Ultima Mattress,Mattress,1,18264.0,1430.0,19694.0,16363.0
2026-03-15,SC-ULTM-K-78x72x8,B09XGRWRST,Ultima Mattress,Mattress,1,18277.0,1430.0,19707.0,17887.0
2026-03-15,SC-ULTM-Q-72x60x8,B09XGCYCSY,Ultima Mattress,Mattress,1,16027.0,1430.0,17457.0,15164.0
2026-03-15,SC-ULTM-Q-78x60x8,B09XGNTMB7,Ultima Mattress,Mattress,2,32054.0,2860.0,34914.0,28971.0
2026-03-15,SC72486,B077Q9YRMY,Original Mattress,Mattress,3,25231.0,2850.0,28081.0,23871.0
2026-03-15,SC72606,B078BNQ7M4,Original Mattress,Mattress,3,31072.0,2850.0,33922.0,29250.0
2026-03-15,SC72726,B077QJVWBR,Original Mattress,Mattress,2,23934.0,2460.0,26394.0,22027.0
2026-03-15,SC75366,B077Q9YRMV,Original Mattress,Mattress,2,13658.0,1620.0,15278.0,12541.0
2026-03-15,SC75606,B0732TMKP8,Original Mattress,Mattress,1,10577.0,950.0,11527.0,10001.0
2026-03-15,SC78606,B0732WFNVL,Original Mattress,Mattress,4,42884.0,3800.0,46684.0,38823.0
2026-03-15,SC78726,B0732Y4N37,Original Mattress,Mattress,4,49220.0,4920.0,54140.0,43940.0
2026-03-15,SCP72488,B07PVC8NR5,Original Mattress,Mattress,1,9497.0,950.0,10447.0,8479.0
2026-03-15,SCP72608,B07MHZTP8Q,Original Mattress,Mattress,1,11584.0,1230.0,12814.0,10954.0
2026-03-15,SCP72728,B07M72KSRM,Original Mattress,Mattress,2,27490.0,2460.0,29950.0,25322.0
2026-03-15,SCP75488,B07NLFVP6H,Original Mattress,Mattress,1,9778.0,950.0,10728.0,8556.0
2026-03-15,SCP75608,B07MBSJ553,Original Mattress,Mattress,2,23990.0,2460.0,26450.0,22473.0
2026-03-15,SCP78608,B07JN4C3NB,Original Mattress,Mattress,1,12377.0,1230.0,13607.0,11711.0
2026-03-15,SCP78728,B07JM7GQG4,Original Mattress,Mattress,1,14027.0,1230.0,15257.0,12289.0
2026-03-15,SCPROD75x48,B0822XBCF1,Protector,Bedding,1,594.0,141.0,735.0,594.0
2026-03-15,SCPROK78x72,B0822WWZRV,Protector,Bedding,12,9663.0,2292.0,11955.0,9663.0
2026-03-15,SCPROS75x36,B0822V9JY4,Protector,Bedding,3,2482.0,423.0,2905.0,2321.0
2026-03-16,SC-F-4TFOLD-BL-72X36,B0FHF2DKQZ,Tri-fold Mattress,Mattress,1,4257.0,810.0,5067.0,4028.0
2026-03-16,SC-F-4TFOLD-BL-72X48,B0FHF65C2R,Tri-fold Mattress,Mattress,1,5347.0,810.0,6157.0,4746.0
2026-03-16,SC-F-72x72x10,B09BFCFQ9G,Original Mattress,Mattress,1,17381.0,1230.0,18611.0,16449.0
2026-03-16,SC-F-CLD-SPR-K-72x72x8,B0DGTCVYJZ,Cloud Spring Mattress,Mattress,1,25577.0,1430.0,27007.0,23227.0
2026-03-16,SC-F-CON-MFPILWS2-BAM-24x14,B09XFG77VR,Contour Bamboo MF Pillow,Pillows,4,6692.0,844.0,7536.0,6343.0
2026-03-16,SC-F-HYB-LATEX-K-72x72x6,B09XGDZQPC,Hybrid Latex Mattress,Mattress,1,15058.0,1230.0,16288.0,15058.0
2026-03-16,SC-F-HYB-LATEX-K-72x72x8,B09XFMGSKV,Hybrid Latex Mattress,Mattress,1,17845.0,1430.0,19275.0,15815.0
2026-03-16,SC-F-HYB-LATEX-Q-72x60x6,B09XGNVN9N,Hybrid Latex Mattress,Mattress,1,13337.0,1230.0,14567.0,11944.0
2026-03-16,SC-F-HYB-LATEX-Q-78x60x6,B09XGPZKTZ,Hybrid Latex Mattress,Mattress,1,13958.0,1230.0,15188.0,13958.0
2026-03-16,SC-F-HYB-LATEX-Q-78x60x8,B09XFL1H1T,Hybrid Latex Mattress,Mattress,2,31490.0,2460.0,33950.0,30641.0
2026-03-16,SC-F-HYB-LATEX-S-75x36x6,B09XFLCPM3,Hybrid Latex Mattress,Mattress,1,8857.0,950.0,9807.0,8384.0
2026-03-16,SC-F-LITEPILWPSET2-S-27X17,B0CV17V482,Fiber Lite,Pillows,3,2032.0,444.0,2476.0,2032.0
2026-03-16,SC-F-LTX-ORTHO-K-72X72X8,B0G3C233F8,Latex Ortho Mattress,Mattress,1,17377.0,1230.0,18607.0,15405.0
2026-03-16,SC-F-LTX-ORTHO-Q-75X60X6,B0G3BY4SK8,Latex Ortho Mattress,Mattress,1,13007.0,950.0,13957.0,13007.0
2026-03-16,SC-F-MBJRFTDSHEET-K-78x72,B0CTTKFFPL,Jersey Fitted Bed sheet,Bedding,1,1797.0,198.0,1995.0,1704.0
2026-03-16,SC-F-ORIG-K-72x70x8,B0F2TGCPMR,Original Mattress,Mattress,1,15301.0,1230.0,16531.0,13689.0
2026-03-16,SC-F-ORIG-K-72x72x4,B0G726PGD2,Original Mattress,Mattress,1,10033.0,950.0,10983.0,9484.0
2026-03-16,SC-F-ORIG-K-72x72x5,B0G25736BD,Original Mattress,Mattress,1,12212.0,950.0,13162.0,12212.0
2026-03-16,SC-F-ORIG-Q-75x60x5,B0G256HLCB,Original Mattress,Mattress,1,10867.0,950.0,11817.0,10867.0
2026-03-16,SC-F-ORIG-S-72x36x4,B0G71BGCB3,Original Mattress,Mattress,1,5588.0,810.0,6398.0,5588.0
2026-03-16,SC-F-PETORIG-L-32X46,B091CW7VX5,Pet Bed,Beds,1,1444.0,352.0,1796.0,1371.0
2026-03-16,SC-F-PKCOMF-D-90x100,B09BYWZCXM,Reversible Comforter,Bedding,2,3525.0,660.0,4185.0,3332.0
2026-03-16,SC-F-PROT-K-72x72,B0822WG76C,Protector,Bedding,2,1680.0,382.0,2062.0,1680.0
2026-03-16,SC-F-PROT-Q-78x60,B0822WJWGS,Protector,Bedding,1,805.0,141.0,946.0,805.0
2026-03-16,SC-F-PROT-Q-78x66,B0822XLRG1,Protector,Bedding,1,862.0,141.0,1003.0,812.0
2026-03-16,SC-F-S2CLPILW27x18,B08R7MX63N,Cloud Pillow,Pillows,3,5088.0,633.0,5721.0,4975.0
2026-03-16,SC-F-S2MFPILW-26x16x4,B08R8DC5BB,Memory Foam Pillow,Pillows,4,6784.0,844.0,7628.0,6421.0
2026-03-16,SC-F-SMFPILWSET1-BAM-S-22x14,B0F1Y416FR,Small Memory Foam Pillow,Pillows,2,1514.0,296.0,1810.0,1451.0
2026-03-16,SC-F-TBLFTDSHEET-Q-75x60,B0CWCZ978Y,Cotton Fitted Bedsheet,Bedding,1,1438.0,0.0,1438.0,1438.0
2026-03-16,SC-F-ULTM-LATEX-K-78x72x8,B0D58NBSN9,Ultima Latex Mattress,Mattress,2,51013.0,2860.0,53873.0,45567.0
2026-03-16,SC-MFPILW-BAM-C-25x16,B09XFF5LPL,Contour Bamboo MF Pillow,Pillows,2,1714.0,296.0,2010.0,1714.0
2026-03-16,SC-PILLOW,B0822SXQGH,Memory Foam Pillow,Pillows,1,848.0,211.0,1059.0,848.0
2026-03-16,SC-ULTM-K-78x72x8,B09XGRWRST,Ultima Mattress,Mattress,1,21977.0,1430.0,23407.0,20807.0
2026-03-16,SC72606,B078BNQ7M4,Original Mattress,Mattress,1,11674.0,950.0,12624.0,9971.0
2026-03-16,SC78606,B0732WFNVL,Original Mattress,Mattress,1,12179.0,950.0,13129.0,10898.0
2026-03-16,SC78726,B0732Y4N37,Original Mattress,Mattress,1,13961.0,1230.0,15191.0,13215.0
2026-03-16,SCP72608,B07MHZTP8Q,Original Mattress,Mattress,1,13182.0,1230.0,14412.0,12473.0
2026-03-16,SCP72728,B07M72KSRM,Original Mattress,Mattress,2,30582.0,2460.0,33042.0,27569.0
2026-03-16,SCP75728,B07MHZVDNP,Original Mattress,Mattress,1,15706.0,1230.0,16936.0,14054.0
2026-03-16,SCP78728,B07JM7GQG4,Original Mattress,Mattress,2,31898.0,2460.0,34358.0,29682.0
2026-03-16,SCPROD75x48,B0822XBCF1,Protector,Bedding,1,710.0,141.0,851.0,710.0
2026-03-16,SCPROK78x72,B0822WWZRV,Protector,Bedding,6,5112.0,1146.0,6258.0,5051.0
2026-03-16,SCPROS75x36,B0822V9JY4,Protector,Bedding,2,1230.0,282.0,1512.0,1199.0
2026-03-17,SC-F-4TFOLD-BL-72X36,B0FHF2DKQZ,Tri-fold Mattress,Mattress,2,8514.0,1620.0,10134.0,8165.0
2026-03-17,SC-F-CLPILW27x18,B08KT1QRHJ,Cloud Pillow,Pillows,1,857.0,148.0,1005.0,857.0
2026-03-17,SC-F-COMF90x60,B08KTCLX7R,Reversible Comforter,Bedding,1,1345.0,250.0,1595.0,1272.0
2026-03-17,SC-F-CON-MFPILWS2-BAM-24x14,B09XFG77VR,Contour Bamboo MF Pillow,Pillows,4,6702.0,844.0,7546.0,6388.0
2026-03-17,SC-F-HYB-LATEX-D-72x48x6,B09XFLYZ66,Hybrid Latex Mattress,Mattress,3,32099.0,2850.0,34949.0,27582.0
2026-03-17,SC-F-HYB-LATEX-K-72x72x8,B09XFMGSKV,Hybrid Latex Mattress,Mattress,1,17845.0,1430.0,19275.0,15540.0
2026-03-17,SC-F-HYB-LATEX-K-78x70x6,B0F2TGBG5V,Hybrid Latex Mattress,Mattress,1,15577.0,1230.0,16807.0,14737.0
2026-03-17,SC-F-HYB-LATEX-K-78x72x6,B09XFKM8V6,Hybrid Latex Mattress,Mattress,1,16165.0,1230.0,17395.0,15295.0
2026-03-17,SC-F-HYB-LATEX-K-78x72x8,B09XGCSRXY,Hybrid Latex Mattress,Mattress,1,18769.0,1430.0,20199.0,16682.0
2026-03-17,SC-F-HYB-LATEX-Q-78x60x6,B09XGPZKTZ,Hybrid Latex Mattress,Mattress,1,14009.0,1230.0,15239.0,14009.0
2026-03-17,SC-F-HYB-LATEX-S-72x36x6,B09XFMX37N,Hybrid Latex Mattress,Mattress,1,8762.0,950.0,9712.0,8283.0
2026-03-17,SC-F-LITEPILWPSET2-S-27X17,B0CV17V482,Fiber Lite,Pillows,1,707.0,148.0,855.0,707.0
2026-03-17,SC-F-LTX-ORTHO-D-72X42X8,B0G3CMJVQC,Latex Ortho Mattress,Mattress,1,10589.0,0.0,10589.0,9435.0
2026-03-17,SC-F-LTX-ORTHO-D-72X48X8,B0G3CY2MBY,Latex Ortho Mattress,Mattress,1,12236.0,950.0,13186.0,10164.0
2026-03-17,SC-F-LTX-ORTHO-D-72x48x5,B0G7J4C6NX,Latex Ortho Mattress,Mattress,1,9287.0,950.0,10237.0,9287.0
2026-03-17,SC-F-LTX-ORTHO-K-75X72X6,B0G3C92JXT,Latex Ortho Mattress,Mattress,1,15052.0,1230.0,16282.0,14238.0
2026-03-17,SC-F-MFMTTOPPER-S-72x36,B0CWS28HXY,Memory Foam Topper,Bedding,1,3186.0,0.0,3186.0,3186.0
2026-03-17,SC-F-MFPILWS2-CLT-S-25x16,B09XF8H7BK,CoolTEC MF Pillow,Pillows,1,4296.0,211.0,4507.0,4071.0
2026-03-17,SC-F-ORIG-D-72x48x10,B0BB7KCGYN,Original Mattress,Mattress,1,12503.0,950.0,13453.0,11139.0
2026-03-17,SC-F-ORIG-K-75x72x5,B0G253GWFF,Original Mattress,Mattress,1,12552.0,950.0,13502.0,10477.0
2026-03-17,SC-F-ORIG-K-84x72x6,B0BB72TBNX,Original Mattress,Mattress,1,14156.0,1230.0,15386.0,11924.0
2026-03-17,SC-F-ORIG-Q-72x60x4,B0G71QJRXS,Original Mattress,Mattress,1,8253.0,810.0,9063.0,7347.0
2026-03-17,SC-F-ORIG-Q-78x66x8,B0B6CKFXWD,Original Mattress,Mattress,1,15544.0,0.0,15544.0,13111.0
2026-03-17,SC-F-PROT-Q-72x60,B0822X8LZY,Protector,Bedding,2,1610.0,282.0,1892.0,1610.0
2026-03-17,SC-F-PROT-Q-75x66,B0822V9JY7,Protector,Bedding,1,861.0,141.0,1002.0,821.0
2026-03-17,SC-F-PROT-Q-78x60,B0822WJWGS,Protector,Bedding,5,4025.0,705.0,4730.0,4025.0
2026-03-17,SC-F-S2CLPILW27x18,B08R7MX63N,Cloud Pillow,Pillows,1,1696.0,211.0,1907.0,1696.0
2026-03-17,SC-F-S2MFPILW-26x16x4,B08R8DC5BB,Memory Foam Pillow,Pillows,5,8478.0,1055.0,9533.0,8010.0
2026-03-17,SC-F-S4MFPILW-26x16x4,B08R8DQ3T4,Memory Foam Pillow,Pillows,4,14384.0,844.0,15228.0,13638.0
2026-03-17,SC-F-SMFPILWSET1-BAM-S-22x14,B0F1Y416FR,Small Memory Foam Pillow,Pillows,1,814.0,148.0,962.0,814.0
2026-03-17,SC-F-ULTM-LATEX-D-78x48x8,B0D58NNZM6,Ultima Latex Mattress,Mattress,1,21077.0,0.0,21077.0,17933.0
2026-03-17,SC-F-ULTM-LATEX-K-75x72x8,B0D58LV9HN,Ultima Latex Mattress,Mattress,1,30077.0,1430.0,31507.0,26252.0
2026-03-17,SC-MFPILW-BAM-C-25x16,B09XFF5LPL,Contour Bamboo MF Pillow,Pillows,1,857.0,148.0,1005.0,857.0
2026-03-17,SC-PETBEDORIG-N.Blue-XL-54x36,B09XXXVG2F,Pet Bed,Beds,1,1803.0,352.0,2155.0,1712.0
2026-03-17,SC-PILLOW,B0822SXQGH,Memory Foam Pillow,Pillows,5,4392.0,1055.0,5447.0,4392.0
2026-03-17,SC72726,B077QJVWBR,Original Mattress,Mattress,1,13637.0,1230.0,14867.0,13018.0
2026-03-17,SC75606,B0732TMKP8,Original Mattress,Mattress,1,11917.0,950.0,12867.0,10047.0
2026-03-17,SC78606,B0732WFNVL,Original Mattress,Mattress,1,12179.0,950.0,13129.0,11522.0
2026-03-17,SC78726,B0732Y4N37,Original Mattress,Mattress,1,13961.0,1230.0,15191.0,12404.0
2026-03-17,SCP72608,B07MHZTP8Q,Original Mattress,Mattress,1,13232.0,1230.0,14462.0,12523.0
2026-03-17,SCP75608,B07MBSJ553,Original Mattress,Mattress,1,13637.0,1230.0,14867.0,12908.0
2026-03-17,SCP78608,B07JN4C3NB,Original Mattress,Mattress,1,14026.0,1230.0,15256.0,13276.0
2026-03-17,SCP78728,B07JM7GQG4,Original Mattress,Mattress,1,15449.0,1230.0,16679.0,14590.0
2026-03-17,SCPROD75x48,B0822XBCF1,Protector,Bedding,2,1378.0,282.0,1660.0,1378.0
2026-03-17,SCPROK78x72,B0822WWZRV,Protector,Bedding,1,852.0,191.0,1043.0,852.0
2026-03-18,SC-F-72x60x10,B09BFDR5TH,Original Mattress,Mattress,1,14815.0,1230.0,16045.0,14815.0
2026-03-18,SC-F-CLD-SPR-Q-72x60x8,B0DGSY36ST,Cloud Spring Mattress,Mattress,1,21977.0,0.0,21977.0,20140.0
2026-03-18,SC-F-CLPILW27x18,B08KT1QRHJ,Cloud Pillow,Pillows,1,807.0,148.0,955.0,807.0
2026-03-18,SC-F-COMF90x60,B08KTCLX7R,Reversible Comforter,Bedding,1,1345.0,250.0,1595.0,1281.0
2026-03-18,SC-F-CON-MFPILWS2-BAM-24x14,B09XFG77VR,Contour Bamboo MF Pillow,Pillows,2,3322.0,422.0,3744.0,3165.0
2026-03-18,SC-F-HYB-LATEX-D-72x48x6,B09XFLYZ66,Hybrid Latex Mattress,Mattress,1,10733.0,950.0,11683.0,9999.0
2026-03-18,SC-F-HYB-LATEX-D-72x48x8,B09XGGGNN9,Hybrid Latex Mattress,Mattress,2,25330.0,1900.0,27230.0,24002.0
2026-03-18,SC-F-HYB-LATEX-K-72x72x6,B09XGDZQPC,Hybrid Latex Mattress,Mattress,1,15069.0,1230.0,16299.0,13368.0
2026-03-18,SC-F-HYB-LATEX-K-72x72x8,B09XFMGSKV,Hybrid Latex Mattress,Mattress,2,35690.0,2860.0,38550.0,33194.0
2026-03-18,SC-F-HYB-LATEX-K-75x72x8,B09XFL1FR1,Hybrid Latex Mattress,Mattress,1,18265.0,1430.0,19695.0,17736.0
2026-03-18,SC-F-HYB-LATEX-K-78x72x6,B09XFKM8V6,Hybrid Latex Mattress,Mattress,1,16149.0,1230.0,17379.0,15677.0
2026-03-18,SC-F-HYB-LATEX-Q-72x60x6,B09XGNVN9N,Hybrid Latex Mattress,Mattress,1,13337.0,1230.0,14567.0,12437.0
2026-03-18,SC-F-HYB-LATEX-Q-75x60x6,B09XGK6Q4L,Hybrid Latex Mattress,Mattress,1,13589.0,1230.0,14819.0,12071.0
2026-03-18,SC-F-HYB-LATEX-Q-75x60x8,B09XFRNJCD,Hybrid Latex Mattress,Mattress,1,15409.0,1230.0,16639.0,13942.0
2026-03-18,SC-F-HYB-LATEX-Q-78x60x6,B09XGPZKTZ,Hybrid Latex Mattress,Mattress,2,28018.0,2460.0,30478.0,26559.0
2026-03-18,SC-F-HYB-LATEX-Q-78x66x8,B0F2TKCPX5,Hybrid Latex Mattress,Mattress,1,18080.0,0.0,18080.0,17500.0
2026-03-18,SC-F-HYB-LATEX-S-72x36x6,B09XFMX37N,Hybrid Latex Mattress,Mattress,1,8773.0,950.0,9723.0,8020.0
2026-03-18,SC-F-HYBPILWSET2-S-26x16,B09XF52Y5P,Hybrid Pillow,Pillows,1,3196.0,211.0,3407.0,3037.0
2026-03-18,SC-F-LITEPILWPSET2-S-27X17,B0CV17V482,Fiber Lite,Pillows,1,665.0,148.0,813.0,665.0
2026-03-18,SC-F-LTX-ORTHO-S-75X36X6,B0G3C633Q4,Latex Ortho Mattress,Mattress,1,8497.0,0.0,8497.0,8032.0
2026-03-18,SC-F-MFMTTOPPER-S-72x36,B0CWS28HXY,Memory Foam Topper,Bedding,1,3186.0,0.0,3186.0,3186.0
2026-03-18,SC-F-ORIG-D-78x48x5,B0G25656L7,Original Mattress,Mattress,1,9741.0,0.0,9741.0,8672.0
2026-03-18,SC-F-ORIG-K-78x72x4,B0G722YTNC,Original Mattress,Mattress,1,10778.0,950.0,11728.0,10778.0
2026-03-18,SC-F-ORIG-K-78x72x5,B0G254DYHG,Original Mattress,Mattress,2,26010.0,1900.0,27910.0,25452.0
2026-03-18,SC-F-ORIG-Q-72x60x4,B0G71QJRXS,Original Mattress,Mattress,1,8253.0,810.0,9063.0,7800.0
2026-03-18,SC-F-ORIG-Q-72x60x5,B0G25BHBT6,Original Mattress,Mattress,1,10300.0,950.0,11250.0,10300.0
2026-03-18,SC-F-ORIG-Q-78x60x5,B0G2569T27,Original Mattress,Mattress,1,11086.0,950.0,12036.0,11086.0
2026-03-18,SC-F-PROT-D-78x48,B0822VYH6P,Protector,Bedding,1,710.0,141.0,851.0,710.0
2026-03-18,SC-F-PROT-K-72x72,B0822WG76C,Protector,Bedding,3,2556.0,573.0,3129.0,2481.0
2026-03-18,SC-F-PROT-Q-72x60,B0822X8LZY,Protector,Bedding,4,4830.0,564.0,5394.0,4830.0
2026-03-18,SC-F-PROT-Q-78x60,B0822WJWGS,Protector,Bedding,1,805.0,141.0,946.0,805.0
2026-03-18,SC-F-PROT-S-72x36,B0822W49Z9,Protector,Bedding,2,1192.0,282.0,1474.0,1192.0
2026-03-18,SC-F-S2CLPILW27x18,B08R7MX63N,Cloud Pillow,Pillows,1,1696.0,211.0,1907.0,1696.0
2026-03-18,SC-F-S2MFPILW-26x16x4,B08R8DC5BB,Memory Foam Pillow,Pillows,2,3392.0,422.0,3814.0,3235.0
2026-03-18,SC-MFPILW-BAM-C-25x16,B09XFF5LPL,Contour Bamboo MF Pillow,Pillows,3,2515.0,444.0,2959.0,2515.0
2026-03-18,SC-MFPILW-CLT-S-25x16,B09XF967YW,CoolTEC MF Pillow,Pillows,1,2096.0,211.0,2307.0,2096.0
2026-03-18,SC-PETBEDORTHO-N.Blue-L-48X24,B0FSTF72CC,Pet Bed,Beds,1,2163.0,0.0,2163.0,2054.0
2026-03-18,SC-PILLOW,B0822SXQGH,Memory Foam Pillow,Pillows,3,2633.0,633.0,3266.0,2633.0
2026-03-18,SC72606,B078BNQ7M4,Original Mattress,Mattress,1,11774.0,950.0,12724.0,11392.0
2026-03-18,SC75486,B077Q8RLCP,Original Mattress,Mattress,2,19174.0,1900.0,21074.0,17619.0
2026-03-18,SC75606,B0732TMKP8,Original Mattress,Mattress,1,12017.0,950.0,12967.0,12017.0
2026-03-18,SC75726,B0732TFNYC,Original Mattress,Mattress,1,13799.0,1230.0,15029.0,12641.0
2026-03-18,SC78606,B0732WFNVL,Original Mattress,Mattress,1,12179.0,950.0,13129.0,10898.0
2026-03-18,SCP72488,B07PVC8NR5,Original Mattress,Mattress,1,10802.0,950.0,11752.0,9879.0
2026-03-18,SCP72608,B07MHZTP8Q,Original Mattress,Mattress,1,13232.0,1230.0,14462.0,12118.0
2026-03-18,SCP72728,B07M72KSRM,Original Mattress,Mattress,2,30602.0,2460.0,33062.0,28931.0
2026-03-18,SCP75608,B07MBSJ553,Original Mattress,Mattress,2,27274.0,2460.0,29734.0,26107.0
2026-03-18,SCPROD75x48,B0822XBCF1,Protector,Bedding,1,710.0,141.0,851.0,710.0
2026-03-18,SCPROK78x72,B0822WWZRV,Protector,Bedding,4,3408.0,764.0,4172.0,3408.0
2026-03-18,SCPROS75x36,B0822V9JY4,Protector,Bedding,1,615.0,141.0,756.0,584.0
2026-03-19,SC-F-4TFOLD-BL-72X48,B0FHF65C2R,Tri-fold Mattress,Mattress,1,5347.0,810.0,6157.0,5162.0
2026-03-19,SC-F-72x60x10,B09BFDR5TH,Original Mattress,Mattress,1,14809.0,1230.0,16039.0,12968.0
2026-03-19,SC-F-CLD-SPR-K-78x72x8,B0DGT8T9Q4,Cloud Spring Mattress,Mattress,1,25577.0,1430.0,27007.0,23517.0
2026-03-19,SC-F-CLPILW27x18,B08KT1QRHJ,Cloud Pillow,Pillows,1,807.0,148.0,955.0,807.0
2026-03-19,SC-F-CON-MFPILWS2-BAM-24x14,B09XFG77VR,Contour Bamboo MF Pillow,Pillows,5,8351.0,1055.0,9406.0,8351.0
2026-03-19,SC-F-DGRFTDSHEET-K-78x72,B0BF4ZF9PC,Cotton Fitted Bedsheet,Bedding,1,1602.0,198.0,1800.0,1602.0
2026-03-19,SC-F-HYB-LATEX-D-72x48x6,B09XFLYZ66,Hybrid Latex Mattress,Mattress,1,10733.0,950.0,11683.0,10382.0
2026-03-19,SC-F-HYB-LATEX-K-72x70x8,B0F2TJJVDM,Hybrid Latex Mattress,Mattress,1,18097.0,1430.0,19527.0,15388.0
2026-03-19,SC-F-HYB-LATEX-K-75x72x8,B09XFL1FR1,Hybrid Latex Mattress,Mattress,1,18265.0,1430.0,19695.0,17805.0
2026-03-19,SC-F-HYB-LATEX-K-78x70x6,B0F2TGBG5V,Hybrid Latex Mattress,Mattress,1,15577.0,1230.0,16807.0,15577.0
2026-03-19,SC-F-HYB-LATEX-Q-72x60x6,B09XGNVN9N,Hybrid Latex Mattress,Mattress,1,13337.0,1230.0,14567.0,12908.0
2026-03-19,SC-F-HYB-LATEX-Q-75x60x6,B09XGK6Q4L,Hybrid Latex Mattress,Mattress,1,13589.0,1230.0,14819.0,12448.0
2026-03-19,SC-F-HYB-LATEX-Q-78x60x8,B09XFL1H1T,Hybrid Latex Mattress,Mattress,1,15725.0,1230.0,16955.0,14393.0
2026-03-19,SC-F-HYB-LATEX-S-75x36x6,B09XFLCPM3,Hybrid Latex Mattress,Mattress,1,8757.0,950.0,9707.0,7717.0
2026-03-19,SC-F-LITEPILWPSET2-S-27X17,B0CV17V482,Fiber Lite,Pillows,2,1414.0,296.0,1710.0,1414.0
2026-03-19,SC-F-LTX-ORTHO-Q-78x60x5,B0G7HXS2LF,Latex Ortho Mattress,Mattress,1,11891.0,950.0,12841.0,11249.0
2026-03-19,SC-F-LTX-ORTHO-S-75X30X8,B0G3CMKQHX,Latex Ortho Mattress,Mattress,1,8497.0,810.0,9307.0,8212.0
2026-03-19,SC-F-ORIG-Q-75x60x4,B0G71MDVVD,Original Mattress,Mattress,1,8569.0,950.0,9519.0,8100.0
2026-03-19,SC-F-ORIG-S-75x36x5,B0G25BBWF1,Original Mattress,Mattress,1,7516.0,810.0,8326.0,7516.0
2026-03-19,SC-F-PROT-K-72x72,B0822WG76C,Protector,Bedding,1,852.0,191.0,1043.0,776.0
2026-03-19,SC-F-PROT-Q-72x60,B0822X8LZY,Protector,Bedding,2,1610.0,282.0,1892.0,1534.0
2026-03-19,SC-F-PROT-Q-78x60,B0822WJWGS,Protector,Bedding,2,1610.0,282.0,1892.0,1481.0
2026-03-19,SC-F-PROT-S-72x36,B0822W49Z9,Protector,Bedding,1,595.0,141.0,736.0,595.0
2026-03-19,SC-F-S2MFPILW-26x16x4,B08R8DC5BB,Memory Foam Pillow,Pillows,4,6749.0,844.0,7593.0,6505.0
2026-03-19,SC-F-SMFPILWSET1-BAM-S-22x14,B0F1Y416FR,Small Memory Foam Pillow,Pillows,1,851.0,148.0,999.0,851.0
2026-03-19,SC-F-STDMPILWCS-C-52x20,B0DDCQVPLC,Sateen Pillow Case,Bedding,1,563.0,162.0,725.0,563.0
2026-03-19,SC-F-ULTM-LATEX-K-75x72x8,B0D58LV9HN,Ultima Latex Mattress,Mattress,1,30077.0,1430.0,31507.0,27447.0
2026-03-19,SC-MFPILW-BAM-C-25x16,B09XFF5LPL,Contour Bamboo MF Pillow,Pillows,6,5142.0,888.0,6030.0,5049.0
2026-03-19,SC-PILLOW,B0822SXQGH,Memory Foam Pillow,Pillows,5,4446.0,1055.0,5501.0,4446.0
2026-03-19,SC-ULTM-K-78x72x8,B09XGRWRST,Ultima Mattress,Mattress,2,43930.0,2860.0,46790.0,42094.0
2026-03-19,SC-ULTM-Q-78x60x8,B09XGNTMB7,Ultima Mattress,Mattress,1,19277.0,1430.0,20707.0,17652.0
2026-03-19,SC72726,B077QJVWBR,Original Mattress,Mattress,1,13624.0,1230.0,14854.0,13186.0
2026-03-19,SC78606,B0732WFNVL,Original Mattress,Mattress,1,12163.0,950.0,13113.0,11507.0
2026-03-19,SC78726,B0732Y4N37,Original Mattress,Mattress,1,13961.0,1230.0,15191.0,13215.0
2026-03-19,SCP72368,B07PXG7NPX,Original Mattress,Mattress,1,8593.0,950.0,9543.0,8593.0
2026-03-19,SCP72488,B07PVC8NR5,Original Mattress,Mattress,1,10802.0,950.0,11752.0,10483.0
2026-03-19,SCP78728,B07JM7GQG4,Original Mattress,Mattress,2,31898.0,2460.0,34358.0,30082.0
2026-03-19,SCPROK78x72,B0822WWZRV,Protector,Bedding,5,4219.0,955.0,5174.0,3910.0
2026-03-20,SC-F-4TFOLD-BL-72X48,B0FHF65C2R,Tri-fold Mattress,Mattress,1,5347.0,810.0,6157.0,4509.0
2026-03-20,SC-F-75x36x10,B09BFD48NW,Original Mattress,Mattress,1,9992.0,0.0,9992.0,9663.0
2026-03-20,SC-F-HYB-LATEX-D-78x48x6,B09XGGGFCX,Hybrid Latex Mattress,Mattress,1,11392.0,950.0,12342.0,11021.0
2026-03-20,SC-F-HYB-LATEX-K-72x70x8,B0F2TJJVDM,Hybrid Latex Mattress,Mattress,1,18077.0,1430.0,19507.0,17122.0
2026-03-20,SC-F-HYB-LATEX-K-72x72x6,B09XGDZQPC,Hybrid Latex Mattress,Mattress,1,15063.0,1230.0,16293.0,14690.0
2026-03-20,SC-F-HYB-LATEX-K-72x72x8,B09XFMGSKV,Hybrid Latex Mattress,Mattress,2,35602.0,2860.0,38462.0,33480.0
2026-03-20,SC-F-HYB-LATEX-K-75x72x8,B09XFL1FR1,Hybrid Latex Mattress,Mattress,1,18265.0,1430.0,19695.0,16544.0
2026-03-20,SC-F-HYB-LATEX-K-78x72x8,B09XGCSRXY,Hybrid Latex Mattress,Mattress,1,18769.0,1430.0,20199.0,16821.0
2026-03-20,SC-F-HYB-LATEX-Q-78x60x8,B09XFL1H1T,Hybrid Latex Mattress,Mattress,2,31392.0,2460.0,33852.0,29724.0
2026-03-20,SC-F-LITEPILWPSET2-S-27X17,B0CV17V482,Fiber Lite,Pillows,3,2121.0,444.0,2565.0,2121.0
2026-03-20,SC-F-LTX-ORTHO-K-78x72x5,B0G7JCBDJJ,Latex Ortho Mattress,Mattress,1,13379.0,950.0,14329.0,13379.0
2026-03-20,SC-F-LTX-ORTHO-Q-75X60X6,B0G3BY4SK8,Latex Ortho Mattress,Mattress,1,13007.0,950.0,13957.0,13007.0
2026-03-20,SC-F-LTX-ORTHO-S-72x30x5,B0G7JKNNVR,Latex Ortho Mattress,Mattress,1,6172.0,810.0,6982.0,6172.0
2026-03-20,SC-F-ORIG-K-72x70x6,B0F2TGN1KQ,Original Mattress,Mattress,1,13637.0,1230.0,14867.0,11110.0
2026-03-20,SC-F-PKCOMF-D-90x100,B09BYWZCXM,Reversible Comforter,Bedding,1,1776.0,330.0,2106.0,1776.0
2026-03-20,SC-F-PROT-K-72x72,B0822WG76C,Protector,Bedding,3,2539.0,573.0,3112.0,2463.0
2026-03-20,SC-F-PROT-Q-78x60,B0822WJWGS,Protector,Bedding,1,805.0,141.0,946.0,729.0
2026-03-20,SC-F-PROT-Q-78x66,B0822XLRG1,Protector,Bedding,1,862.0,141.0,1003.0,819.0
2026-03-20,SC-F-S2CLPILW27x18,B08R7MX63N,Cloud Pillow,Pillows,2,3329.0,422.0,3751.0,3250.0
2026-03-20,SC-F-S2MFPILW-26x16x4,B08R8DC5BB,Memory Foam Pillow,Pillows,8,13466.0,1688.0,15154.0,13074.0
2026-03-20,SC-F-TBLPILWCS-S-28x18,B0CWLCGJDC,Cotton Pillow Case,Bedding,2,822.0,288.0,1110.0,822.0
2026-03-20,SC-PILLOW,B0822SXQGH,Memory Foam Pillow,Pillows,3,2686.0,633.0,3319.0,2686.0
2026-03-20,SC72486,B077Q9YRMY,Original Mattress,Mattress,1,9425.0,950.0,10375.0,9113.0
2026-03-20,SC78606,B0732WFNVL,Original Mattress,Mattress,1,12179.0,950.0,13129.0,11785.0
2026-03-20,SC78726,B0732Y4N37,Original Mattress,Mattress,1,13961.0,1230.0,15191.0,13513.0
2026-03-20,SCP72488,B07PVC8NR5,Original Mattress,Mattress,1,10802.0,950.0,11752.0,10540.0
2026-03-20,SCP72608,B07MHZTP8Q,Original Mattress,Mattress,1,13232.0,1230.0,14462.0,12806.0
2026-03-20,SCP72728,B07M72KSRM,Original Mattress,Mattress,1,15301.0,1230.0,16531.0,14853.0
2026-03-20,SCP75488,B07NLFVP6H,Original Mattress,Mattress,2,22242.0,1900.0,24142.0,21516.0
2026-03-20,SCP75608,B07MBSJ553,Original Mattress,Mattress,1,13637.0,1230.0,14867.0,13199.0
2026-03-20,SCP75728,B07MHZVDNP,Original Mattress,Mattress,1,15706.0,1230.0,16936.0,15198.0
2026-03-20,SCP78608,B07JN4C3NB,Original Mattress,Mattress,1,14042.0,1230.0,15272.0,12865.0
2026-03-20,SCP78728,B07JM7GQG4,Original Mattress,Mattress,3,47827.0,3690.0,51517.0,46279.0
2026-03-20,SCPROK78x72,B0822WWZRV,Protector,Bedding,7,5930.0,1337.0,7267.0,5854.0
2026-03-21,SC-F-4TFOLD-BL-72X36,B0FHF2DKQZ,Tri-fold Mattress,Mattress,1,4269.0,810.0,5079.0,4116.0
2026-03-21,SC-F-4TFOLD-BL-72X48,B0FHF65C2R,Tri-fold Mattress,Mattress,2,10387.0,1620.0,12007.0,10249.0
2026-03-21,SC-F-CLD-SPR-K-72x72x8,B0DGTCVYJZ,Cloud Spring Mattress,Mattress,1,25577.0,1430.0,27007.0,24767.0
2026-03-21,SC-F-CON-MFPILWS2-BAM-24x14,B09XFG77VR,Contour Bamboo MF Pillow,Pillows,1,1601.0,211.0,1812.0,1601.0
2026-03-21,SC-F-DGRPILWCS-S-28x18,B0CWL2NG34,Cotton Pillow Case,Bedding,2,803.0,270.0,1073.0,803.0
2026-03-21,SC-F-HYB-LATEX-D-72x48x6,B09XFLYZ66,Hybrid Latex Mattress,Mattress,3,32111.0,2850.0,34961.0,30211.0
2026-03-21,SC-F-HYB-LATEX-D-72x48x8,B09XGGGNN9,Hybrid Latex Mattress,Mattress,1,12665.0,950.0,13615.0,11992.0
2026-03-21,SC-F-HYB-LATEX-D-78x48x6,B09XGGGFCX,Hybrid Latex Mattress,Mattress,1,11366.0,950.0,12316.0,10995.0
2026-03-21,SC-F-HYB-LATEX-K-75x70x8,B0F2THYW5S,Hybrid Latex Mattress,Mattress,1,18097.0,0.0,18097.0,17142.0
2026-03-21,SC-F-HYB-LATEX-K-78x72x6,B09XFKM8V6,Hybrid Latex Mattress,Mattress,1,16165.0,1230.0,17395.0,15305.0
2026-03-21,SC-F-HYB-LATEX-Q-72x60x8,B09XFN2QX3,Hybrid Latex Mattress,Mattress,1,15073.0,1230.0,16303.0,14584.0
2026-03-21,SC-F-LITEPILWPSET2-S-27X17,B0CV17V482,Fiber Lite,Pillows,1,665.0,148.0,813.0,665.0
2026-03-21,SC-F-ORIG-K-72x70x6,B0F2TGN1KQ,Original Mattress,Mattress,1,13637.0,1230.0,14867.0,13199.0
2026-03-21,SC-F-ORIG-K-72x72x5,B0G25736BD,Original Mattress,Mattress,1,12212.0,950.0,13162.0,12212.0
2026-03-21,SC-F-ORIG-K-78x72x4,B0G722YTNC,Original Mattress,Mattress,1,10778.0,950.0,11728.0,10543.0
2026-03-21,SC-F-ORIG-K-78x72x5,B0G254DYHG,Original Mattress,Mattress,1,13005.0,950.0,13955.0,12726.0
2026-03-21,SC-F-ORIG-Q-72x60x5,B0G25BHBT6,Original Mattress,Mattress,1,10282.0,950.0,11232.0,9568.0
2026-03-21,SC-F-ORIG-Q-75x60x5,B0G256HLCB,Original Mattress,Mattress,1,10867.0,950.0,11817.0,10630.0
2026-03-21,SC-F-PKCOMF-D-90x100,B09BYWZCXM,Reversible Comforter,Bedding,1,1724.0,330.0,2054.0,1724.0
2026-03-21,SC-F-PROT-K-72x72,B0822WG76C,Protector,Bedding,1,852.0,191.0,1043.0,852.0
2026-03-21,SC-F-PROT-Q-72x60,B0822X8LZY,Protector,Bedding,1,780.0,141.0,921.0,780.0
2026-03-21,SC-F-PROT-Q-78x60,B0822WJWGS,Protector,Bedding,1,805.0,141.0,946.0,805.0
2026-03-21,SC-F-PROT-S-72x36,B0822W49Z9,Protector,Bedding,1,615.0,141.0,756.0,615.0
2026-03-21,SC-F-S2CLPILW27x18,B08R7MX63N,Cloud Pillow,Pillows,2,3353.0,422.0,3775.0,3353.0
2026-03-21,SC-F-S2MFPILW-26x16x4,B08R8DC5BB,Memory Foam Pillow,Pillows,7,11848.0,1477.0,13325.0,11848.0
2026-03-21,SC-F-S4MFPILW-26x16x4,B08R8DQ3T4,Memory Foam Pillow,Pillows,1,3596.0,211.0,3807.0,3596.0
2026-03-21,SC-F-SMFPILWSET1-BAM-S-22x14,B0F1Y416FR,Small Memory Foam Pillow,Pillows,3,4260.0,444.0,4704.0,4260.0
2026-03-21,SC-F-TBLFTDSHEET-Q-78x60,B0BF52YTSD,Cotton Fitted Bedsheet,Bedding,1,1438.0,0.0,1438.0,1438.0
2026-03-21,SC-FK-PBC-BLACK,B0GLG771PX,Mobility,Mobility,1,1357.0,250.0,1607.0,1357.0
2026-03-21,SC-MFPILW-BAM-C-25x16,B09XFF5LPL,Contour Bamboo MF Pillow,Pillows,4,3378.0,592.0,3970.0,3378.0
2026-03-21,SC-PETBEDORIG-M.Red-L-46x32,B09XXW4L26,Pet Bed,Beds,1,1444.0,352.0,1796.0,1444.0
2026-03-21,SC-PILLOW,B0822SXQGH,Memory Foam Pillow,Pillows,6,5316.0,1266.0,6582.0,5316.0
2026-03-21,SC-ULTM-K-78x72x8,B09XGRWRST,Ultima Mattress,Mattress,1,21916.0,1430.0,23346.0,21214.0
2026-03-21,SC-ULTM-Q-72x60x10,B09XGTCS7M,Ultima Mattress,Mattress,1,21977.0,1430.0,23407.0,21275.0
2026-03-21,SC72726,B077QJVWBR,Original Mattress,Mattress,2,27274.0,2460.0,29734.0,26115.0
2026-03-21,SC75486,B077Q8RLCP,Original Mattress,Mattress,2,19174.0,1900.0,21074.0,18623.0
2026-03-21,SC78726,B0732Y4N37,Original Mattress,Mattress,1,13961.0,1230.0,15191.0,13513.0
2026-03-21,SCP72608,B07MHZTP8Q,Original Mattress,Mattress,1,13232.0,1230.0,14462.0,12847.0
2026-03-21,SCP72728,B07M72KSRM,Original Mattress,Mattress,1,15301.0,1230.0,16531.0,14484.0
2026-03-21,SCPROD75x48,B0822XBCF1,Protector,Bedding,1,710.0,141.0,851.0,710.0
2026-03-21,SCPROK78x72,B0822WWZRV,Protector,Bedding,9,9164.0,1719.0,10883.0,9164.0
2026-03-22,SC-F-72x36x10,B09BFCJDVZ,Original Mattress,Mattress,1,9587.0,0.0,9587.0,9066.0
2026-03-22,SC-F-BDPILW19x50,B08KS2YSFR,Cuddle Pillow,Pillows,1,1495.0,211.0,1706.0,1495.0
2026-03-22,SC-F-CON-MFPILWS2-BAM-24x14,B09XFG77VR,Contour Bamboo MF Pillow,Pillows,4,10176.0,844.0,11020.0,10176.0
2026-03-22,SC-F-HYB-LATEX-K-75x70x8,B0F2THYW5S,Hybrid Latex Mattress,Mattress,1,18097.0,0.0,18097.0,17089.0
2026-03-22,SC-F-HYB-LATEX-K-75x72x6,B09XFLVCHN,Hybrid Latex Mattress,Mattress,1,15577.0,1230.0,16807.0,14911.0
2026-03-22,SC-F-HYB-LATEX-K-78x72x6,B09XFKM8V6,Hybrid Latex Mattress,Mattress,1,16165.0,1230.0,17395.0,15643.0
2026-03-22,SC-F-HYB-LATEX-K-78x72x8,B09XGCSRXY,Hybrid Latex Mattress,Mattress,1,18769.0,1430.0,20199.0,18169.0
2026-03-22,SC-F-HYB-LATEX-Q-72x60x6,B09XGNVN9N,Hybrid Latex Mattress,Mattress,1,13337.0,1230.0,14567.0,12631.0
2026-03-22,SC-F-HYB-LATEX-Q-75x60x8,B09XFRNJCD,Hybrid Latex Mattress,Mattress,1,15309.0,1230.0,16539.0,14652.0
2026-03-22,SC-F-HYBPILWSET2-S-26x16,B09XF52Y5P,Hybrid Pillow,Pillows,1,3296.0,211.0,3507.0,3296.0
2026-03-22,SC-F-LITEPILWPSET2-S-27X17,B0CV17V482,Fiber Lite,Pillows,1,692.0,148.0,840.0,692.0
2026-03-22,SC-F-LTX-ORTHO-D-75X48X6,B0G3CLHBKX,Latex Ortho Mattress,Mattress,1,10496.0,950.0,11446.0,10496.0
2026-03-22,SC-F-ORIG-D-75x48x10,B0BB7KQVR2,Original Mattress,Mattress,1,12746.0,0.0,12746.0,12069.0
2026-03-22,SC-F-ORIG-Q-72x60x4,B0G71QJRXS,Original Mattress,Mattress,2,16506.0,1620.0,18126.0,14458.0
2026-03-22,SC-F-ORIG-Q-72x60x5,B0G25BHBT6,Original Mattress,Mattress,1,10268.0,950.0,11218.0,10268.0
2026-03-22,SC-F-ORIG-S-72x36x4,B0G71BGCB3,Original Mattress,Mattress,3,16740.0,2430.0,19170.0,16207.0
2026-03-22,SC-F-PKCOMF-D-90x100,B09BYWZCXM,Reversible Comforter,Bedding,1,1776.0,330.0,2106.0,1776.0
2026-03-22,SC-F-PROT-K-72x72,B0822WG76C,Protector,Bedding,1,809.0,191.0,1000.0,733.0
2026-03-22,SC-F-PROT-Q-78x60,B0822WJWGS,Protector,Bedding,3,3925.0,423.0,4348.0,3552.0
2026-03-22,SC-F-PROT-S-72x36,B0822W49Z9,Protector,Bedding,1,615.0,141.0,756.0,615.0
2026-03-22,SC-F-S2CLPILW27x18,B08R7MX63N,Cloud Pillow,Pillows,1,1696.0,211.0,1907.0,1696.0
2026-03-22,SC-F-S2MFPILW-26x16x4,B08R8DC5BB,Memory Foam Pillow,Pillows,5,8421.0,1055.0,9476.0,8421.0
2026-03-22,SC-F-S4CLPILW27x18,B08R8GN8KH,Cloud Pillow,Pillows,1,3596.0,211.0,3807.0,3596.0
2026-03-22,SC-F-SMFPILWSET1-BAM-S-22x14,B0F1Y416FR,Small Memory Foam Pillow,Pillows,2,3428.0,296.0,3724.0,3428.0
2026-03-22,SC-F-STD-LTX-BAM-24x16,B0F2SWXPMT,Standard Latex Pillow,Pillows,1,2127.0,211.0,2338.0,2127.0
2026-03-22,SC-F-ULTM-LATEX-K-78x72x8,B0D58NBSN9,Ultima Latex Mattress,Mattress,1,30007.0,1430.0,31437.0,30007.0
2026-03-22,SC-MFPILW-BAM-C-25x16,B09XFF5LPL,Contour Bamboo MF Pillow,Pillows,6,5017.0,888.0,5905.0,5017.0
2026-03-22,SC-PILLOW,B0822SXQGH,Memory Foam Pillow,Pillows,6,5272.0,1266.0,6538.0,5272.0
2026-03-22,SC-ULTM-Q-72x60x10,B09XGTCS7M,Ultima Mattress,Mattress,1,21977.0,1430.0,23407.0,21275.0
2026-03-22,SC72366,B078BRGTDM,Original Mattress,Mattress,1,7621.0,810.0,8431.0,7368.0
2026-03-22,SC72486,B077Q9YRMY,Original Mattress,Mattress,2,18830.0,1900.0,20730.0,18317.0
2026-03-22,SC72606,B078BNQ7M4,Original Mattress,Mattress,1,11759.0,950.0,12709.0,11377.0
2026-03-22,SC75726,B0732TFNYC,Original Mattress,Mattress,1,13799.0,1230.0,15029.0,13504.0
2026-03-22,SC78606,B0732WFNVL,Original Mattress,Mattress,2,24357.0,1900.0,26257.0,23607.0
2026-03-22,SCP72608,B07MHZTP8Q,Original Mattress,Mattress,2,26464.0,2460.0,28924.0,25612.0
2026-03-22,SCP75488,B07NLFVP6H,Original Mattress,Mattress,1,11126.0,950.0,12076.0,10798.0
2026-03-22,SCP75608,B07MBSJ553,Original Mattress,Mattress,2,27197.0,2460.0,29657.0,26149.0
2026-03-22,SCP75728,B07MHZVDNP,Original Mattress,Mattress,2,31386.0,2460.0,33846.0,29457.0
2026-03-22,SCP78608,B07JN4C3NB,Original Mattress,Mattress,2,28084.0,2460.0,30544.0,27184.0
2026-03-22,SCP78728,B07JM7GQG4,Original Mattress,Mattress,2,31892.0,2460.0,34352.0,30527.0
2026-03-22,SCPROK78x72,B0822WWZRV,Protector,Bedding,8,6816.0,1528.0,8344.0,6087.0
2026-03-23,SC-F-4TFOLD-BL-72X48,B0FHF65C2R,Tri-fold Mattress,Mattress,1,5347.0,810.0,6157.0,5172.0
2026-03-23,SC-F-75x72x10,B09BFC4KSB,Original Mattress,Mattress,1,17893.0,1430.0,19323.0,17893.0
2026-03-23,SC-F-COMF90x60,B08KTCLX7R,Reversible Comforter,Bedding,1,1331.0,250.0,1581.0,1331.0
2026-03-23,SC-F-CON-MFPILWS2-BAM-24x14,B09XFG77VR,Contour Bamboo MF Pillow,Pillows,3,5088.0,633.0,5721.0,5088.0
2026-03-23,SC-F-HYB-LATEX-D-72x48x6,B09XFLYZ66,Hybrid Latex Mattress,Mattress,2,19490.0,1900.0,21390.0,18374.0
2026-03-23,SC-F-HYB-LATEX-K-72x70x8,B0F2TJJVDM,Hybrid Latex Mattress,Mattress,1,18097.0,1430.0,19527.0,15003.0
2026-03-23,SC-F-HYB-LATEX-K-75x72x8,B09XFL1FR1,Hybrid Latex Mattress,Mattress,1,18251.0,1430.0,19681.0,17666.0
2026-03-23,SC-F-HYB-LATEX-Q-78x60x6,B09XGPZKTZ,Hybrid Latex Mattress,Mattress,1,14009.0,1230.0,15239.0,13560.0
2026-03-23,SC-F-HYBPILWSET2-S-26x16,B09XF52Y5P,Hybrid Pillow,Pillows,1,3296.0,211.0,3507.0,3296.0
2026-03-23,SC-F-MBJRFTDSHEET-D-72x48,B0CZLJSYJQ,Jersey Fitted Bed sheet,Bedding,1,1480.0,0.0,1480.0,1480.0
2026-03-23,SC-F-ORIG-D-72x48x10,B0BB7KCGYN,Original Mattress,Mattress,1,12488.0,950.0,13438.0,12219.0
2026-03-23,SC-F-ORIG-K-72x70x6,B0F2TGN1KQ,Original Mattress,Mattress,1,13637.0,1230.0,14867.0,13199.0
2026-03-23,SC-F-ORIG-K-72x72x5,B0G25736BD,Original Mattress,Mattress,1,12200.0,950.0,13150.0,11937.0
2026-03-23,SC-F-ORIG-K-78x70x8,B0F2TJSCL8,Original Mattress,Mattress,1,15949.0,0.0,15949.0,15433.0
2026-03-23,SC-F-ORIG-K-78x72x5,B0G254DYHG,Original Mattress,Mattress,2,26010.0,1900.0,27910.0,23491.0
2026-03-23,SC-F-ORIG-Q-72x60x5,B0G25BHBT6,Original Mattress,Mattress,1,10283.0,950.0,11233.0,9160.0
2026-03-23,SC-F-ORIG-Q-75x60x5,B0G256HLCB,Original Mattress,Mattress,1,10867.0,950.0,11817.0,10318.0
2026-03-23,SC-F-ORIG-Q-78x60x5,B0G2569T27,Original Mattress,Mattress,1,11042.0,950.0,11992.0,11042.0
2026-03-23,SC-F-ORIG-S-78x30x5,B0G256HLCC,Original Mattress,Mattress,1,6844.0,0.0,6844.0,6844.0
2026-03-23,SC-F-PROT-K-72x72,B0822WG76C,Protector,Bedding,2,1704.0,382.0,2086.0,1704.0
2026-03-23,SC-F-PROT-Q-72x60,B0822X8LZY,Protector,Bedding,1,805.0,141.0,946.0,736.0
2026-03-23,SC-F-PROT-Q-78x66,B0822XLRG1,Protector,Bedding,1,862.0,141.0,1003.0,862.0
2026-03-23,SC-F-PROT-S-72x36,B0822W49Z9,Protector,Bedding,1,615.0,141.0,756.0,615.0
2026-03-23,SC-F-S2MFPILW-26x16x4,B08R8DC5BB,Memory Foam Pillow,Pillows,3,5062.0,633.0,5695.0,5062.0
2026-03-23,SC-F-S4MFPILW-26x16x4,B08R8DQ3T4,Memory Foam Pillow,Pillows,2,7192.0,422.0,7614.0,7192.0
2026-03-23,SC-F-SLMPILWSET2-S-26x16,B09XBNLXW7,Slim Pillow,Pillows,3,7980.0,633.0,8613.0,7980.0
2026-03-23,SC-F-ULTM-LATEX-K-78x72x10,B0D58MW6Z4,Ultima Latex Mattress,Mattress,1,33677.0,1430.0,35107.0,32224.0
2026-03-23,SC-MFPILW-BAM-C-25x16,B09XFF5LPL,Contour Bamboo MF Pillow,Pillows,2,1664.0,296.0,1960.0,1664.0
2026-03-23,SC-PILLOW,B0822SXQGH,Memory Foam Pillow,Pillows,2,1737.0,422.0,2159.0,1737.0
2026-03-23,SC72366,B078BRGTDM,Original Mattress,Mattress,1,7621.0,810.0,8431.0,7621.0
2026-03-23,SC72606,B078BNQ7M4,Original Mattress,Mattress,1,11774.0,950.0,12724.0,11392.0
2026-03-23,SC72726,B077QJVWBR,Original Mattress,Mattress,2,27274.0,2460.0,29734.0,25266.0
2026-03-23,SC78666,B0732XD4WD,Original Mattress,Mattress,1,13774.0,0.0,13774.0,13331.0
2026-03-23,SC78726,B0732Y4N37,Original Mattress,Mattress,1,13953.0,1230.0,15183.0,13505.0
2026-03-23,SCP72488,B07PVC8NR5,Original Mattress,Mattress,1,10773.0,950.0,11723.0,10192.0
2026-03-23,SCP72608,B07MHZTP8Q,Original Mattress,Mattress,2,26464.0,2460.0,28924.0,25062.0
2026-03-23,SCP72728,B07M72KSRM,Original Mattress,Mattress,1,15301.0,1230.0,16531.0,15301.0
2026-03-23,SCP75488,B07NLFVP6H,Original Mattress,Mattress,1,11126.0,950.0,12076.0,10763.0
2026-03-23,SCP75728,B07MHZVDNP,Original Mattress,Mattress,1,15706.0,1230.0,16936.0,14869.0
2026-03-23,SCP78608,B07JN4C3NB,Original Mattress,Mattress,1,14042.0,1230.0,15272.0,12543.0
2026-03-23,SCP78728,B07JM7GQG4,Original Mattress,Mattress,2,31898.0,2460.0,34358.0,30915.0
2026-03-23,SCPROK78x72,B0822WWZRV,Protector,Bedding,7,5892.0,1337.0,7229.0,5742.0
2026-03-24,SC-BABY48244,B07Y37P1T3,Baby Mattress,Mattress,1,1780.0,457.0,2237.0,1743.0
2026-03-24,SC-F-4TFOLD-BL-72X36,B0FHF2DKQZ,Tri-fold Mattress,Mattress,1,4269.0,810.0,5079.0,4123.0
2026-03-24,SC-F-CLPILW27x18,B08KT1QRHJ,Cloud Pillow,Pillows,1,850.0,148.0,998.0,850.0
2026-03-24,SC-F-COMF90x100,B08KTCGSQW,Reversible Comforter,Bedding,1,1748.0,330.0,2078.0,1748.0
2026-03-24,SC-F-CON-MFPILWS2-BAM-24x14,B09XFG77VR,Contour Bamboo MF Pillow,Pillows,2,3392.0,422.0,3814.0,3392.0
2026-03-24,SC-F-HYB-LATEX-D-72x48x6,B09XFLYZ66,Hybrid Latex Mattress,Mattress,1,10733.0,950.0,11683.0,10382.0
2026-03-24,SC-F-HYB-LATEX-K-72x72x6,B09XGDZQPC,Hybrid Latex Mattress,Mattress,1,15073.0,1230.0,16303.0,14584.0
2026-03-24,SC-F-HYB-LATEX-K-72x72x8,B09XFMGSKV,Hybrid Latex Mattress,Mattress,1,17845.0,1430.0,19275.0,17272.0
2026-03-24,SC-F-HYB-LATEX-K-75x72x8,B09XFL1FR1,Hybrid Latex Mattress,Mattress,2,36483.0,2860.0,39343.0,35243.0
2026-03-24,SC-F-HYB-LATEX-K-78x72x8,B09XGCSRXY,Hybrid Latex Mattress,Mattress,2,37503.0,2860.0,40363.0,36303.0
2026-03-24,SC-F-HYB-LATEX-Q-72x60x6,B09XGNVN9N,Hybrid Latex Mattress,Mattress,2,26586.0,2460.0,29046.0,25451.0
2026-03-24,SC-F-HYB-LATEX-Q-78x60x8,B09XFL1H1T,Hybrid Latex Mattress,Mattress,1,15686.0,1230.0,16916.0,15176.0
2026-03-24,SC-F-HYB-LATEX-S-75x36x6,B09XFLCPM3,Hybrid Latex Mattress,Mattress,1,8857.0,950.0,9807.0,8595.0
2026-03-24,SC-F-LTX-ORTHO-S-72X30X8,B0G3BW8QFQ,Latex Ortho Mattress,Mattress,1,7753.0,810.0,8563.0,7581.0
2026-03-24,SC-F-ORIG-K-72x72x5,B0G25736BD,Original Mattress,Mattress,1,12212.0,950.0,13162.0,11963.0
2026-03-24,SC-F-ORIG-K-78x70x8,B0F2TJSCL8,Original Mattress,Mattress,1,15949.0,0.0,15949.0,13700.0
2026-03-24,SC-F-ORIG-K-78x72x4,B0G722YTNC,Original Mattress,Mattress,1,10753.0,950.0,11703.0,10753.0
2026-03-24,SC-F-ORIG-K-84x72x6,B0BB72TBNX,Original Mattress,Mattress,1,14167.0,1230.0,15397.0,13749.0
2026-03-24,SC-F-ORIG-Q-75x66x8,B0BB7KL7T9,Original Mattress,Mattress,1,14977.0,0.0,14977.0,14491.0
2026-03-24,SC-F-ORIG-Q-78x60x5,B0G2569T27,Original Mattress,Mattress,1,11086.0,950.0,12036.0,10718.0
2026-03-24,SC-F-PROT-Q-72x66,B0822VBPYC,Protector,Bedding,1,854.0,141.0,995.0,854.0
2026-03-24,SC-F-PROT-Q-78x60,B0822WJWGS,Protector,Bedding,1,760.0,141.0,901.0,760.0
2026-03-24,SC-F-PROT-Q-78x66,B0822XLRG1,Protector,Bedding,2,1724.0,282.0,2006.0,1724.0
2026-03-24,SC-F-PRPNPILWCS-S-28x18,B0CWL52SCG,Cotton Pillow Case,Bedding,1,397.0,153.0,550.0,397.0
2026-03-24,SC-F-S2CLPILW27x18,B08R7MX63N,Cloud Pillow,Pillows,1,1671.0,211.0,1882.0,1671.0
2026-03-24,SC-F-S2MFPILW-26x16x4,B08R8DC5BB,Memory Foam Pillow,Pillows,1,1696.0,211.0,1907.0,1696.0
2026-03-24,SC-F-SLMPILWSET2-S-26x16,B09XBNLXW7,Slim Pillow,Pillows,1,1596.0,211.0,1807.0,1596.0
2026-03-24,SC-MFPILW-BAM-C-25x16,B09XFF5LPL,Contour Bamboo MF Pillow,Pillows,5,4235.0,740.0,4975.0,4235.0
2026-03-24,SC-PETBEDORIG-M.Red-M-36x26,B0FSSV6NDR,Pet Bed,Beds,1,1043.0,352.0,1395.0,1016.0
2026-03-24,SC-PILLOW,B0822SXQGH,Memory Foam Pillow,Pillows,1,896.0,211.0,1107.0,896.0
2026-03-24,SC72486,B077Q9YRMY,Original Mattress,Mattress,1,9425.0,950.0,10375.0,9113.0
2026-03-24,SC75606,B0732TMKP8,Original Mattress,Mattress,1,11995.0,950.0,12945.0,11338.0
2026-03-24,SC78606,B0732WFNVL,Original Mattress,Mattress,1,12179.0,950.0,13129.0,11785.0
2026-03-24,SC78726,B0732Y4N37,Original Mattress,Mattress,2,27922.0,2460.0,30382.0,27026.0
2026-03-24,SCP72488,B07PVC8NR5,Original Mattress,Mattress,1,10802.0,950.0,11752.0,10802.0
2026-03-24,SCP72608,B07MHZTP8Q,Original Mattress,Mattress,2,26464.0,2460.0,28924.0,26079.0
2026-03-24,SCP72728,B07M72KSRM,Original Mattress,Mattress,1,15301.0,1230.0,16531.0,13441.0
2026-03-24,SCP75608,B07MBSJ553,Original Mattress,Mattress,2,27274.0,2460.0,29734.0,26509.0
2026-03-24,SCP75728,B07MHZVDNP,Original Mattress,Mattress,1,15706.0,1230.0,16936.0,15198.0
2026-03-24,SCP78608,B07JN4C3NB,Original Mattress,Mattress,3,42081.0,3690.0,45771.0,38876.0
2026-03-24,SCPROK78x72,B0822WWZRV,Protector,Bedding,3,2548.0,573.0,3121.0,2548.0
2026-03-25,SC-F-4TFOLD-BL-72X48,B0FHF65C2R,Tri-fold Mattress,Mattress,1,5347.0,810.0,6157.0,4309.0
2026-03-25,SC-F-75x72x10,B09BFC4KSB,Original Mattress,Mattress,1,17869.0,1430.0,19299.0,17295.0
2026-03-25,SC-F-78x72x10,B09BFC81R8,Original Mattress,Mattress,1,18622.0,1430.0,20052.0,18026.0
2026-03-25,SC-F-BDPILW19x50,B08KS2YSFR,Cuddle Pillow,Pillows,2,2990.0,422.0,3412.0,2970.0
2026-03-25,SC-F-CLPILW27x18,B08KT1QRHJ,Cloud Pillow,Pillows,1,857.0,148.0,1005.0,857.0
2026-03-25,SC-F-HYB-LATEX-D-78x48x8,B09XFLDPHV,Hybrid Latex Mattress,Mattress,1,13253.0,0.0,13253.0,12827.0
2026-03-25,SC-F-HYB-LATEX-K-72x72x6,B09XGDZQPC,Hybrid Latex Mattress,Mattress,1,15073.0,1230.0,16303.0,14631.0
2026-03-25,SC-F-HYB-LATEX-K-78x72x6,B09XFKM8V6,Hybrid Latex Mattress,Mattress,2,32330.0,2460.0,34790.0,31579.0
2026-03-25,SC-F-HYB-LATEX-Q-72x60x6,B09XGNVN9N,Hybrid Latex Mattress,Mattress,1,13312.0,1230.0,14542.0,12993.0
2026-03-25,SC-F-HYB-LATEX-Q-75x60x6,B09XGK6Q4L,Hybrid Latex Mattress,Mattress,1,13589.0,1230.0,14819.0,13153.0
2026-03-25,SC-F-HYB-LATEX-Q-75x60x8,B09XFRNJCD,Hybrid Latex Mattress,Mattress,1,15393.0,1230.0,16623.0,15011.0
2026-03-25,SC-F-HYB-LATEX-Q-78x60x8,B09XFL1H1T,Hybrid Latex Mattress,Mattress,2,31464.0,2460.0,33924.0,30444.0
2026-03-25,SC-F-HYB-LATEX-S-75x36x6,B09XFLCPM3,Hybrid Latex Mattress,Mattress,1,8857.0,950.0,9807.0,8379.0
2026-03-25,SC-F-LITEPILWPSET2-S-27X17,B0CV17V482,Fiber Lite,Pillows,2,1414.0,296.0,1710.0,1414.0
2026-03-25,SC-F-MFMTTOPPER-K-72x72,B0CRS2ZQV5,Memory Foam Topper,Bedding,1,5218.0,0.0,5218.0,5218.0
2026-03-25,SC-F-ORIG-D-72x48x10,B0BB7KCGYN,Original Mattress,Mattress,1,12458.0,950.0,13408.0,12054.0
2026-03-25,SC-F-ORIG-K-72x70x6,B0F2TGN1KQ,Original Mattress,Mattress,1,13637.0,1230.0,14867.0,13637.0
2026-03-25,SC-F-ORIG-Q-75x60x5,B0G256HLCB,Original Mattress,Mattress,1,10867.0,950.0,11817.0,10867.0
2026-03-25,SC-F-ORIG-Q-78x60x4,B0G71QBLSG,Original Mattress,Mattress,1,8788.0,950.0,9738.0,8788.0
2026-03-25,SC-F-ORIG-S-72x36x4,B0G71BGCB3,Original Mattress,Mattress,1,5588.0,810.0,6398.0,5460.0
2026-03-25,SC-F-PROT-K-72x72,B0822WG76C,Protector,Bedding,2,1704.0,382.0,2086.0,1704.0
2026-03-25,SC-F-PROT-K-75x72,B0822W6ZCG,Protector,Bedding,2,1704.0,382.0,2086.0,1704.0
2026-03-25,SC-F-PROT-Q-72x60,B0822X8LZY,Protector,Bedding,1,805.0,141.0,946.0,805.0
2026-03-25,SC-F-PROT-Q-75x60,B0822WH47T,Protector,Bedding,1,802.0,141.0,943.0,711.0
2026-03-25,SC-F-PROT-Q-78x60,B0822WJWGS,Protector,Bedding,1,758.0,141.0,899.0,758.0
2026-03-25,SC-F-PRPNPILWCS-S-28x18,B0CWL52SCG,Cotton Pillow Case,Bedding,1,384.0,153.0,537.0,384.0
2026-03-25,SC-F-S2CLPILW27x18,B08R7MX63N,Cloud Pillow,Pillows,3,4993.0,633.0,5626.0,4993.0
2026-03-25,SC-F-S2MFPILW-26x16x4,B08R8DC5BB,Memory Foam Pillow,Pillows,2,3392.0,422.0,3814.0,3392.0
2026-03-25,SC-F-ULTM-LATEX-K-78x72x10,B0D58MW6Z4,Ultima Latex Mattress,Mattress,1,33677.0,1430.0,35107.0,32624.0
2026-03-25,SC-FK-LSC-BLACK,B0GLG6Q55V,Mobility,Mobility,1,806.0,0.0,806.0,806.0
2026-03-25,SC-MFPILW-BAM-C-25x16,B09XFF5LPL,Contour Bamboo MF Pillow,Pillows,5,4279.0,740.0,5019.0,4279.0
2026-03-25,SC-MFPILW-CLT-S-25x16,B09XF967YW,CoolTEC MF Pillow,Pillows,1,1981.0,211.0,2192.0,1981.0
2026-03-25,SC-PILLOW,B0822SXQGH,Memory Foam Pillow,Pillows,3,2687.0,633.0,3320.0,2687.0
2026-03-25,SC72486,B077Q9YRMY,Original Mattress,Mattress,1,9425.0,950.0,10375.0,8911.0
2026-03-25,SC72606,B078BNQ7M4,Original Mattress,Mattress,1,11774.0,950.0,12724.0,10290.0
2026-03-25,SC72726,B077QJVWBR,Original Mattress,Mattress,1,13588.0,1230.0,14818.0,13150.0
2026-03-25,SC75606,B0732TMKP8,Original Mattress,Mattress,2,24034.0,1900.0,25934.0,23110.0
2026-03-25,SC78726,B0732Y4N37,Original Mattress,Mattress,2,27922.0,2460.0,30382.0,27026.0
2026-03-25,SCP72608,B07MHZTP8Q,Original Mattress,Mattress,2,26464.0,2460.0,28924.0,25337.0
2026-03-25,SCP75608,B07MBSJ553,Original Mattress,Mattress,1,13537.0,1230.0,14767.0,12128.0
2026-03-25,SCP78728,B07JM7GQG4,Original Mattress,Mattress,1,15949.0,1230.0,17179.0,15433.0
2026-03-25,SCPROD75x48,B0822XBCF1,Protector,Bedding,1,710.0,141.0,851.0,710.0
2026-03-25,SCPROK78x72,B0822WWZRV,Protector,Bedding,3,2556.0,573.0,3129.0,2556.0
2026-03-26,SC-78x60x10,B09BFD1ZB3,Original Mattress,Mattress,1,15625.0,1230.0,16855.0,15119.0
2026-03-26,SC-F-CON-MFPILWS2-BAM-24x14,B09XFG77VR,Contour Bamboo MF Pillow,Pillows,3,4993.0,633.0,5626.0,4993.0
2026-03-26,SC-F-HYB-LATEX-D-72x48x6,B09XFLYZ66,Hybrid Latex Mattress,Mattress,2,21450.0,1900.0,23350.0,20748.0
2026-03-26,SC-F-HYB-LATEX-K-72x72x6,B09XGDZQPC,Hybrid Latex Mattress,Mattress,1,15073.0,1230.0,16303.0,14267.0
2026-03-26,SC-F-HYB-LATEX-K-72x72x8,B09XFMGSKV,Hybrid Latex Mattress,Mattress,2,35690.0,2860.0,38550.0,34544.0
2026-03-26,SC-F-HYB-LATEX-K-78x72x6,B09XFKM8V6,Hybrid Latex Mattress,Mattress,1,16125.0,1230.0,17355.0,15777.0
2026-03-26,SC-F-HYB-LATEX-K-78x72x8,B09XGCSRXY,Hybrid Latex Mattress,Mattress,3,56307.0,4290.0,60597.0,54507.0
2026-03-26,SC-F-HYB-LATEX-Q-75x60x8,B09XFRNJCD,Hybrid Latex Mattress,Mattress,3,46227.0,3690.0,49917.0,44573.0
2026-03-26,SC-F-HYB-LATEX-Q-78x60x6,B09XGPZKTZ,Hybrid Latex Mattress,Mattress,1,14009.0,1230.0,15239.0,13560.0
2026-03-26,SC-F-HYB-LATEX-Q-78x60x8,B09XFL1H1T,Hybrid Latex Mattress,Mattress,1,15745.0,1230.0,16975.0,15235.0
2026-03-26,SC-F-HYB-LATEX-S-78x36x6,B09XGGZVSB,Hybrid Latex Mattress,Mattress,1,9161.0,0.0,9161.0,9161.0
2026-03-26,SC-F-LITEPILWPSET2-S-27X17,B0CV17V482,Fiber Lite,Pillows,1,707.0,148.0,855.0,707.0
2026-03-26,SC-F-LTX-ORTHO-D-75X48X8,B0G3CJWFJ5,Latex Ortho Mattress,Mattress,1,12448.0,950.0,13398.0,12180.0
2026-03-26,SC-F-LTX-ORTHO-S-72X30X6,B0G3C7VW1V,Latex Ortho Mattress,Mattress,1,6444.0,810.0,7254.0,5541.0
2026-03-26,SC-F-MRQLTPROT-D-75x48,B0GGSSVV8Y,Protector,Bedding,1,899.0,0.0,899.0,899.0
2026-03-26,SC-F-ORIG-K-72x72x4,B0G726PGD2,Original Mattress,Mattress,1,10033.0,950.0,10983.0,10033.0
2026-03-26,SC-F-ORIG-K-78x72x5,B0G254DYHG,Original Mattress,Mattress,1,12989.0,950.0,13939.0,12710.0
2026-03-26,SC-F-PROT-K-72x72,B0822WG76C,Protector,Bedding,1,852.0,191.0,1043.0,852.0
2026-03-26,SC-F-PROT-Q-72x60,B0822X8LZY,Protector,Bedding,2,1610.0,282.0,1892.0,1610.0
2026-03-26,SC-F-PROT-Q-75x60,B0822WH47T,Protector,Bedding,1,805.0,141.0,946.0,805.0
2026-03-26,SC-F-PROT-Q-78x60,B0822WJWGS,Protector,Bedding,2,1610.0,282.0,1892.0,1610.0
2026-03-26,SC-F-PROT-Q-78x66,B0822XLRG1,Protector,Bedding,1,862.0,141.0,1003.0,862.0
2026-03-26,SC-F-PRPNPILWCS-S-28x18,B0CWL52SCG,Cotton Pillow Case,Bedding,1,387.0,153.0,540.0,387.0
2026-03-26,SC-F-QRMTTOPPER-K-75x60x2,B0GGZW55Q5,Aeroflow Topper,Bedding,1,4729.0,0.0,4729.0,4729.0
2026-03-26,SC-F-S2CLPILW27x18,B08R7MX63N,Cloud Pillow,Pillows,2,3392.0,422.0,3814.0,3392.0
2026-03-26,SC-F-S2MFPILW-26x16x4,B08R8DC5BB,Memory Foam Pillow,Pillows,2,3370.0,422.0,3792.0,3370.0
2026-03-26,SC-F-S4MFPILW-26x16x4,B08R8DQ3T4,Memory Foam Pillow,Pillows,1,3596.0,211.0,3807.0,3596.0
2026-03-26,SC-F-SMFPILWSET1-BAM-S-22x14,B0F1Y416FR,Small Memory Foam Pillow,Pillows,2,1664.0,296.0,1960.0,1664.0
2026-03-26,SC-F-STDMPILWCS-S-28x18,B0DDCNGK8X,Sateen Pillow Case,Bedding,1,653.0,0.0,653.0,653.0
2026-03-26,SC-MFPILW-BAM-C-25x16,B09XFF5LPL,Contour Bamboo MF Pillow,Pillows,5,4285.0,740.0,5025.0,4285.0
2026-03-26,SC-PILLOW,B0822SXQGH,Memory Foam Pillow,Pillows,2,1772.0,422.0,2194.0,1772.0
2026-03-26,SC-SLMPILW-S-26x16,B09XBMFFZY,Slim Pillow,Pillows,1,807.0,148.0,955.0,807.0
2026-03-26,SC-ULTM-K-78x72x8,B09XGRWRST,Ultima Mattress,Mattress,2,43954.0,2860.0,46814.0,43433.0
2026-03-26,SC72486,B077Q9YRMY,Original Mattress,Mattress,2,18706.0,1900.0,20606.0,17682.0
2026-03-26,SC72726,B077QJVWBR,Original Mattress,Mattress,2,27274.0,2460.0,29734.0,26398.0
2026-03-26,SC75726,B0732TFNYC,Original Mattress,Mattress,3,41397.0,3690.0,45087.0,38932.0
2026-03-26,SC78606,B0732WFNVL,Original Mattress,Mattress,1,12179.0,950.0,13129.0,10726.0
2026-03-26,SC78726,B0732Y4N37,Original Mattress,Mattress,1,13961.0,1230.0,15191.0,13513.0
2026-03-26,SCP72608,B07MHZTP8Q,Original Mattress,Mattress,2,25972.0,2460.0,28432.0,25337.0
2026-03-26,SCP72728,B07M72KSRM,Original Mattress,Mattress,2,30602.0,2460.0,33062.0,29337.0
2026-03-26,SCP75608,B07MBSJ553,Original Mattress,Mattress,2,27274.0,2460.0,29734.0,26553.0
2026-03-26,SCP75728,B07MHZVDNP,Original Mattress,Mattress,1,15706.0,1230.0,16936.0,14869.0
2026-03-26,SCP78728,B07JM7GQG4,Original Mattress,Mattress,1,15949.0,1230.0,17179.0,15552.0
2026-03-26,SCPROK78x72,B0822WWZRV,Protector,Bedding,2,1704.0,382.0,2086.0,1704.0
2026-03-27,SC-F-4TFOLD-BL-72X36,B0FHF2DKQZ,Tri-fold Mattress,Mattress,2,8538.0,1620.0,10158.0,8270.0
2026-03-27,SC-F-4TFOLD-BL-72X48,B0FHF65C2R,Tri-fold Mattress,Mattress,2,10638.0,1620.0,12258.0,10638.0
2026-03-27,SC-F-CON-MFPILWS2-BAM-24x14,B09XFG77VR,Contour Bamboo MF Pillow,Pillows,1,1696.0,211.0,1907.0,1696.0
2026-03-27,SC-F-HYB-LATEX-D-72x48x6,B09XFLYZ66,Hybrid Latex Mattress,Mattress,2,21415.0,1900.0,23315.0,19483.0
2026-03-27,SC-F-HYB-LATEX-K-72x72x6,B09XGDZQPC,Hybrid Latex Mattress,Mattress,1,15054.0,1230.0,16284.0,15054.0
2026-03-27,SC-F-HYB-LATEX-K-72x72x8,B09XFMGSKV,Hybrid Latex Mattress,Mattress,1,17845.0,1430.0,19275.0,17845.0
2026-03-27,SC-F-HYB-LATEX-K-78x72x6,B09XFKM8V6,Hybrid Latex Mattress,Mattress,1,16165.0,1230.0,17395.0,15305.0
2026-03-27,SC-F-HYB-LATEX-K-78x72x8,B09XGCSRXY,Hybrid Latex Mattress,Mattress,4,75076.0,5720.0,80796.0,73603.0
2026-03-27,SC-F-HYB-LATEX-Q-72x60x6,B09XGNVN9N,Hybrid Latex Mattress,Mattress,1,13337.0,1230.0,14567.0,12908.0
2026-03-27,SC-F-LTX-ORTHO-Q-72X60X8,B0G3CNC7P5,Latex Ortho Mattress,Mattress,1,14757.0,1230.0,15987.0,14757.0
2026-03-27,SC-F-LTX-ORTHO-Q-78X60X6,B0G3CTR224,Latex Ortho Mattress,Mattress,1,13379.0,950.0,14329.0,13072.0
2026-03-27,SC-F-ORIG-K-72x70x6,B0F2TGN1KQ,Original Mattress,Mattress,1,13637.0,1230.0,14867.0,13637.0
2026-03-27,SC-F-ORIG-K-78x72x5,B0G254DYHG,Original Mattress,Mattress,1,12905.0,950.0,13855.0,10924.0
2026-03-27,SC-F-ORIG-Q-78x60x4,B0G71QBLSG,Original Mattress,Mattress,1,8788.0,950.0,9738.0,8788.0
2026-03-27,SC-F-ORIG-Q-78x60x5,B0G2569T27,Original Mattress,Mattress,1,11086.0,950.0,12036.0,9587.0
2026-03-27,SC-F-ORIG-S-72x36x4,B0G71BGCB3,Original Mattress,Mattress,2,11176.0,1620.0,12796.0,10032.0
2026-03-27,SC-F-PROT-Q-72x60,B0822X8LZY,Protector,Bedding,2,1590.0,282.0,1872.0,1590.0
2026-03-27,SC-F-PROT-Q-78x60,B0822WJWGS,Protector,Bedding,1,805.0,141.0,946.0,805.0
2026-03-27,SC-F-S2CLPILW27x18,B08R7MX63N,Cloud Pillow,Pillows,1,1696.0,211.0,1907.0,1696.0
2026-03-27,SC-F-S2MFPILW-26x16x4,B08R8DC5BB,Memory Foam Pillow,Pillows,3,4956.0,633.0,5589.0,4956.0
2026-03-27,SC-F-SMFPILWSET1-BAM-S-22x14,B0F1Y416FR,Small Memory Foam Pillow,Pillows,2,1714.0,296.0,2010.0,1714.0
2026-03-27,SC-F-STPBFTDSHEET-Q-72x60,B0DDCFLJYN,Sateen Fitted Sheets,Bedding,1,1974.0,198.0,2172.0,1974.0
2026-03-27,SC-MFPILW-BAM-C-25x16,B09XFF5LPL,Contour Bamboo MF Pillow,Pillows,5,4285.0,740.0,5025.0,4285.0
2026-03-27,SC-PILLOW,B0822SXQGH,Memory Foam Pillow,Pillows,1,896.0,211.0,1107.0,896.0
2026-03-27,SC72726,B077QJVWBR,Original Mattress,Mattress,3,40897.0,3690.0,44587.0,38785.0
2026-03-27,SC78606,B0732WFNVL,Original Mattress,Mattress,2,24106.0,1900.0,26006.0,22333.0
2026-03-27,SC78726,B0732Y4N37,Original Mattress,Mattress,2,27922.0,2460.0,30382.0,27027.0
2026-03-27,SCP72488,B07PVC8NR5,Original Mattress,Mattress,1,10802.0,950.0,11752.0,10802.0
2026-03-27,SCP72608,B07MHZTP8Q,Original Mattress,Mattress,2,26464.0,2460.0,28924.0,25446.0
2026-03-27,SCP72728,B07M72KSRM,Original Mattress,Mattress,1,15266.0,1230.0,16496.0,14450.0
2026-03-27,SCP78608,B07JN4C3NB,Original Mattress,Mattress,1,13973.0,1230.0,15203.0,13523.0
2026-03-27,SCP78728,B07JM7GQG4,Original Mattress,Mattress,1,15949.0,1230.0,17179.0,15433.0
2026-03-27,SCPROD75x48,B0822XBCF1,Protector,Bedding,1,710.0,141.0,851.0,710.0
2026-03-27,SCPROK78x72,B0822WWZRV,Protector,Bedding,9,7616.0,1719.0,9335.0,7616.0
2026-03-28,SC-F-4TFOLD-BL-72X48,B0FHF65C2R,Tri-fold Mattress,Mattress,2,10669.0,1620.0,12289.0,10253.0
2026-03-28,SC-F-CLPILW27x18,B08KT1QRHJ,Cloud Pillow,Pillows,1,857.0,148.0,1005.0,857.0
2026-03-28,SC-F-DGRPILWCS-C-52x20,B0CWL46VZK,Cotton Pillow Case,Bedding,1,398.0,0.0,398.0,398.0
2026-03-28,SC-F-HYB-LATEX-D-72x48x8,B09XGGGNN9,Hybrid Latex Mattress,Mattress,1,12665.0,950.0,13615.0,12295.0
2026-03-28,SC-F-HYB-LATEX-K-72x72x8,B09XFMGSKV,Hybrid Latex Mattress,Mattress,1,17845.0,1430.0,19275.0,16585.0
2026-03-28,SC-F-HYB-LATEX-K-78x72x8,B09XGCSRXY,Hybrid Latex Mattress,Mattress,1,18754.0,1430.0,20184.0,18154.0
2026-03-28,SC-F-HYB-LATEX-Q-72x60x8,B09XFN2QX3,Hybrid Latex Mattress,Mattress,3,45144.0,3690.0,48834.0,43407.0
2026-03-28,SC-F-HYB-LATEX-Q-75x60x6,B09XGK6Q4L,Hybrid Latex Mattress,Mattress,1,13564.0,1230.0,14794.0,12565.0
2026-03-28,SC-F-HYB-LATEX-Q-78x60x6,B09XGPZKTZ,Hybrid Latex Mattress,Mattress,1,14005.0,1230.0,15235.0,14005.0
2026-03-28,SC-F-HYB-LATEX-Q-78x60x8,B09XFL1H1T,Hybrid Latex Mattress,Mattress,1,15745.0,1230.0,16975.0,14905.0
2026-03-28,SC-F-HYBPILWSET2-S-26x16,B09XF52Y5P,Hybrid Pillow,Pillows,2,6492.0,422.0,6914.0,6492.0
2026-03-28,SC-F-LITEPILWPSET2-S-27X17,B0CV17V482,Fiber Lite,Pillows,2,1414.0,296.0,1710.0,1414.0
2026-03-28,SC-F-ORIG-K-78x72x5,B0G254DYHG,Original Mattress,Mattress,1,13005.0,950.0,13955.0,12726.0
2026-03-28,SC-F-ORIG-S-72x30x5,B0G256TW3Q,Original Mattress,Mattress,1,6503.0,810.0,7313.0,6503.0
2026-03-28,SC-F-PKCOMF-D-90x100,B09BYWZCXM,Reversible Comforter,Bedding,1,1767.0,330.0,2097.0,1767.0
2026-03-28,SC-F-PROT-K-72x72,B0822WG76C,Protector,Bedding,1,824.0,191.0,1015.0,824.0
2026-03-28,SC-F-PROT-Q-72x60,B0822X8LZY,Protector,Bedding,1,805.0,141.0,946.0,805.0
2026-03-28,SC-F-PROT-Q-75x60,B0822WH47T,Protector,Bedding,4,3220.0,564.0,3784.0,3220.0
2026-03-28,SC-F-S2CLPILW27x18,B08R7MX63N,Cloud Pillow,Pillows,1,1696.0,211.0,1907.0,1696.0
2026-03-28,SC-F-S2MFPILW-26x16x4,B08R8DC5BB,Memory Foam Pillow,Pillows,4,6774.0,844.0,7618.0,6774.0
2026-03-28,SC-F-S4MFPILW-26x16x4,B08R8DQ3T4,Memory Foam Pillow,Pillows,1,3534.0,211.0,3745.0,3534.0
2026-03-28,SC-F-SLMMFPILWSET1-BAM-S-25x15,B0GVF93GX9,Slim Pillow,Pillows,1,1211.0,211.0,1422.0,1211.0
2026-03-28,SC-F-ULTM-LATEX-K-78x72x10,B0D58MW6Z4,Ultima Latex Mattress,Mattress,1,33677.0,1430.0,35107.0,30624.0
2026-03-28,SC-F-ULTM-LATEX-K-78x72x8,B0D58NBSN9,Ultima Latex Mattress,Mattress,1,30077.0,1430.0,31507.0,29376.0
2026-03-28,SC-F-WBJRFTDSHEET-Q-75x60,B0CZLK77F6,Jersey Fitted Bed sheet,Bedding,1,1609.0,0.0,1609.0,1609.0
2026-03-28,SC-MFPILW-BAM-C-25x16,B09XFF5LPL,Contour Bamboo MF Pillow,Pillows,2,1714.0,296.0,2010.0,1714.0
2026-03-28,SC-PILLOW,B0822SXQGH,Memory Foam Pillow,Pillows,5,4425.0,1055.0,5480.0,4350.0
2026-03-28,SC-ULTM-Q-78x60x8,B09XGNTMB7,Ultima Mattress,Mattress,1,19205.0,1430.0,20635.0,19205.0
2026-03-28,SC72606,B078BNQ7M4,Original Mattress,Mattress,1,11774.0,950.0,12724.0,11392.0
2026-03-28,SC72726,B077QJVWBR,Original Mattress,Mattress,1,13637.0,1230.0,14867.0,13310.0
2026-03-28,SC75606,B0732TMKP8,Original Mattress,Mattress,3,36051.0,2850.0,38901.0,34380.0
2026-03-28,SC75726,B0732TFNYC,Original Mattress,Mattress,1,13782.0,1230.0,15012.0,13782.0
2026-03-28,SC78606,B0732WFNVL,Original Mattress,Mattress,2,24358.0,1900.0,26258.0,23677.0
2026-03-28,SC78726,B0732Y4N37,Original Mattress,Mattress,3,41883.0,3690.0,45573.0,39791.0
2026-03-28,SCP72488,B07PVC8NR5,Original Mattress,Mattress,1,10802.0,950.0,11752.0,10221.0
2026-03-28,SCP72608,B07MHZTP8Q,Original Mattress,Mattress,1,13232.0,1230.0,14462.0,12806.0
2026-03-28,SCP72728,B07M72KSRM,Original Mattress,Mattress,1,15301.0,1230.0,16531.0,13447.0
2026-03-28,SCP75488,B07NLFVP6H,Original Mattress,Mattress,1,11126.0,950.0,12076.0,11126.0
2026-03-28,SCP75728,B07MHZVDNP,Original Mattress,Mattress,1,15706.0,1230.0,16936.0,15367.0
2026-03-28,SCP78728,B07JM7GQG4,Original Mattress,Mattress,3,47789.0,3690.0,51479.0,46144.0
2026-03-28,SCPROK78x72,B0822WWZRV,Protector,Bedding,4,3408.0,764.0,4172.0,3408.0
2026-03-28,SCPROS75x36,B0822V9JY4,Protector,Bedding,2,2460.0,282.0,2742.0,2460.0
2026-03-29,SC-F-4TFOLD-BL-72X36,B0FHF2DKQZ,Tri-fold Mattress,Mattress,1,4269.0,810.0,5079.0,4133.0
2026-03-29,SC-F-4TFOLD-BL-72X48,B0FHF65C2R,Tri-fold Mattress,Mattress,1,5298.0,810.0,6108.0,4339.0
2026-03-29,SC-F-72x36x10,B09BFCJDVZ,Original Mattress,Mattress,2,19027.0,0.0,19027.0,18818.0
2026-03-29,SC-F-CON-MFPILWS2-BAM-24x14,B09XFG77VR,Contour Bamboo MF Pillow,Pillows,1,1601.0,211.0,1812.0,1601.0
2026-03-29,SC-F-DGRPILWCS-S-28x18,B0CWL2NG34,Cotton Pillow Case,Bedding,1,415.0,135.0,550.0,415.0
2026-03-29,SC-F-HYB-LATEX-D-72x48x8,B09XGGGNN9,Hybrid Latex Mattress,Mattress,1,12665.0,950.0,13615.0,11992.0
2026-03-29,SC-F-HYB-LATEX-K-72x72x6,B09XGDZQPC,Hybrid Latex Mattress,Mattress,4,60290.0,4920.0,65210.0,56342.0
2026-03-29,SC-F-HYB-LATEX-K-75x72x6,B09XFLVCHN,Hybrid Latex Mattress,Mattress,2,31154.0,2460.0,33614.0,29655.0
2026-03-29,SC-F-HYB-LATEX-K-78x72x6,B09XFKM8V6,Hybrid Latex Mattress,Mattress,2,32330.0,2460.0,34790.0,30948.0
2026-03-29,SC-F-HYB-LATEX-K-78x72x8,B09XGCSRXY,Hybrid Latex Mattress,Mattress,1,18769.0,1430.0,20199.0,18369.0
2026-03-29,SC-F-HYB-LATEX-Q-72x60x6,B09XGNVN9N,Hybrid Latex Mattress,Mattress,1,13337.0,1230.0,14567.0,11795.0
2026-03-29,SC-F-HYB-LATEX-Q-75x60x6,B09XGK6Q4L,Hybrid Latex Mattress,Mattress,1,13563.0,1230.0,14793.0,13169.0
2026-03-29,SC-F-HYB-LATEX-Q-75x60x8,B09XFRNJCD,Hybrid Latex Mattress,Mattress,1,15364.0,1230.0,16594.0,14543.0
2026-03-29,SC-F-HYB-LATEX-Q-78x60x6,B09XGPZKTZ,Hybrid Latex Mattress,Mattress,1,13930.0,1230.0,15160.0,13930.0
2026-03-29,SC-F-HYB-LATEX-Q-78x60x8,B09XFL1H1T,Hybrid Latex Mattress,Mattress,1,15701.0,1230.0,16931.0,15309.0
2026-03-29,SC-F-LITEPILWPSET2-S-27X17,B0CV17V482,Fiber Lite,Pillows,1,707.0,148.0,855.0,707.0
2026-03-29,SC-F-LTX-ORTHO-K-72X72X8,B0G3C233F8,Latex Ortho Mattress,Mattress,1,17377.0,1230.0,18607.0,15345.0
2026-03-29,SC-F-ORIG-K-72x70x6,B0F2TGN1KQ,Original Mattress,Mattress,1,13606.0,1230.0,14836.0,13279.0
2026-03-29,SC-F-ORIG-K-72x72x5,B0G25736BD,Original Mattress,Mattress,1,12212.0,950.0,13162.0,12212.0
2026-03-29,SC-F-ORIG-K-78x72x4,B0G722YTNC,Original Mattress,Mattress,1,10778.0,950.0,11728.0,10778.0
2026-03-29,SC-F-ORIG-S-72x30x5,B0G256TW3Q,Original Mattress,Mattress,1,6503.0,810.0,7313.0,6503.0
2026-03-29,SC-F-ORIG-S-72x36x4,B0G71BGCB3,Original Mattress,Mattress,1,5588.0,810.0,6398.0,5282.0
2026-03-29,SC-F-PROT-K-72x72,B0822WG76C,Protector,Bedding,1,852.0,191.0,1043.0,764.0
2026-03-29,SC-F-PROT-Q-72x60,B0822X8LZY,Protector,Bedding,3,2329.0,423.0,2752.0,2061.0
2026-03-29,SC-F-PROT-Q-78x60,B0822WJWGS,Protector,Bedding,1,805.0,141.0,946.0,718.0
2026-03-29,SC-F-PROT-Q-78x66,B0822XLRG1,Protector,Bedding,2,1699.0,282.0,1981.0,1699.0
2026-03-29,SC-F-PRPNPILWCS-S-28x18,B0CWL52SCG,Cotton Pillow Case,Bedding,1,397.0,153.0,550.0,397.0
2026-03-29,SC-F-S2CLPILW27x18,B08R7MX63N,Cloud Pillow,Pillows,1,1696.0,211.0,1907.0,1696.0
2026-03-29,SC-F-S2MFPILW-26x16x4,B08R8DC5BB,Memory Foam Pillow,Pillows,6,10114.0,1266.0,11380.0,10114.0
2026-03-29,SC-F-S4MFPILW-26x16x4,B08R8DQ3T4,Memory Foam Pillow,Pillows,3,10788.0,633.0,11421.0,10788.0
2026-03-29,SC-F-SLSTPILWCS-S-28x18,B0CWKZHV5T,Cotton Pillow Case,Bedding,1,502.0,153.0,655.0,502.0
2026-03-29,SC-F-ULTM-LATEX-K-78x72x10,B0D58MW6Z4,Ultima Latex Mattress,Mattress,2,67354.0,2860.0,70214.0,65248.0
2026-03-29,SC-MFPILW-BAM-C-25x16,B09XFF5LPL,Contour Bamboo MF Pillow,Pillows,3,2512.0,444.0,2956.0,2512.0
2026-03-29,SC-ULTM-K-78x72x10,B09XGSHBKJ,Ultima Mattress,Mattress,1,25477.0,1430.0,26907.0,24875.0
2026-03-29,SC72606,B078BNQ7M4,Original Mattress,Mattress,1,11774.0,950.0,12724.0,11774.0
2026-03-29,SC72726,B077QJVWBR,Original Mattress,Mattress,1,13637.0,1230.0,14867.0,12086.0
2026-03-29,SC75486,B077Q8RLCP,Original Mattress,Mattress,1,9587.0,950.0,10537.0,9587.0
2026-03-29,SC78606,B0732WFNVL,Original Mattress,Mattress,2,24316.0,1900.0,26216.0,23380.0
2026-03-29,SC78726,B0732Y4N37,Original Mattress,Mattress,2,27853.0,2460.0,30313.0,27405.0
2026-03-29,SCP72488,B07PVC8NR5,Original Mattress,Mattress,1,10802.0,950.0,11752.0,9439.0
2026-03-29,SCP72608,B07MHZTP8Q,Original Mattress,Mattress,1,13232.0,1230.0,14462.0,12918.0
2026-03-29,SCP72728,B07M72KSRM,Original Mattress,Mattress,1,15301.0,1230.0,16531.0,14484.0
2026-03-29,SCP75728,B07MHZVDNP,Original Mattress,Mattress,1,15691.0,1230.0,16921.0,15183.0
2026-03-29,SCP78608,B07JN4C3NB,Original Mattress,Mattress,1,14042.0,1230.0,15272.0,13742.0
2026-03-29,SCP78728,B07JM7GQG4,Original Mattress,Mattress,1,15866.0,1230.0,17096.0,14245.0
2026-03-29,SCPROD75x48,B0822XBCF1,Protector,Bedding,1,710.0,141.0,851.0,710.0
2026-03-29,SCPROK78x72,B0822WWZRV,Protector,Bedding,3,2556.0,573.0,3129.0,2260.0
2026-03-30,SC-F-4TFOLD-BL-72X48,B0FHF65C2R,Tri-fold Mattress,Mattress,3,16041.0,2430.0,18471.0,15705.0
2026-03-30,SC-F-CLD-SPR-K-75x72x8,B0DGTCXZ9M,Cloud Spring Mattress,Mattress,1,25557.0,1430.0,26987.0,24924.0
2026-03-30,SC-F-CON-MFPILWS2-BAM-24x14,B09XFG77VR,Contour Bamboo MF Pillow,Pillows,4,6784.0,844.0,7628.0,6784.0
2026-03-30,SC-F-HYB-LATEX-K-72x72x6,B09XGDZQPC,Hybrid Latex Mattress,Mattress,2,30101.0,2460.0,32561.0,29286.0
2026-03-30,SC-F-HYB-LATEX-K-72x72x8,B09XFMGSKV,Hybrid Latex Mattress,Mattress,1,17845.0,1430.0,19275.0,16173.0
2026-03-30,SC-F-HYB-LATEX-K-75x72x6,B09XFLVCHN,Hybrid Latex Mattress,Mattress,2,31154.0,2460.0,33614.0,30264.0
2026-03-30,SC-F-HYB-LATEX-K-78x72x6,B09XFKM8V6,Hybrid Latex Mattress,Mattress,2,32330.0,2460.0,34790.0,30210.0
2026-03-30,SC-F-HYB-LATEX-Q-72x60x6,B09XGNVN9N,Hybrid Latex Mattress,Mattress,1,13337.0,1230.0,14567.0,12908.0
2026-03-30,SC-F-HYB-LATEX-Q-75x60x8,B09XFRNJCD,Hybrid Latex Mattress,Mattress,2,30737.0,2460.0,33197.0,29973.0
2026-03-30,SC-F-HYB-LATEX-Q-78x60x6,B09XGPZKTZ,Hybrid Latex Mattress,Mattress,2,28018.0,2460.0,30478.0,26205.0
2026-03-30,SC-F-HYB-LATEX-Q-78x60x8,B09XFL1H1T,Hybrid Latex Mattress,Mattress,2,31470.0,2460.0,33930.0,30290.0
2026-03-30,SC-F-HYB-LATEX-S-78x36x6,B09XGGZVSB,Hybrid Latex Mattress,Mattress,1,9193.0,0.0,9193.0,8699.0
2026-03-30,SC-F-LITEPILWPSET2-S-27X17,B0CV17V482,Fiber Lite,Pillows,1,707.0,148.0,855.0,707.0
2026-03-30,SC-F-LTX-ORTHO-K-72X72X8,B0G3C233F8,Latex Ortho Mattress,Mattress,1,17377.0,1230.0,18607.0,17377.0
2026-03-30,SC-F-LTX-ORTHO-K-75x72x5,B0G7JNQ78N,Latex Ortho Mattress,Mattress,1,12821.0,950.0,13771.0,12270.0
2026-03-30,SC-F-MFMTTOPPER-Q-72x60,B0CRS2R6JM,Memory Foam Topper,Bedding,1,4632.0,409.0,5041.0,4632.0
2026-03-30,SC-F-ORIG-K-78x70x10,B0F2THKNDR,Original Mattress,Mattress,1,18622.0,1430.0,20052.0,18026.0
2026-03-30,SC-F-ORIG-Q-75x60x5,B0G256HLCB,Original Mattress,Mattress,2,21639.0,1900.0,23539.0,21278.0
2026-03-30,SC-F-ORIG-Q-78x60x5,B0G2569T27,Original Mattress,Mattress,2,22172.0,1900.0,24072.0,22172.0
2026-03-30,SC-F-ORIG-S-72x36x4,B0G71BGCB3,Original Mattress,Mattress,1,5548.0,810.0,6358.0,4764.0
2026-03-30,SC-F-PROT-D-78x48,B0822VYH6P,Protector,Bedding,2,1378.0,282.0,1660.0,1378.0
2026-03-30,SC-F-PROT-K-72x72,B0822WG76C,Protector,Bedding,3,2535.0,573.0,3108.0,2372.0
2026-03-30,SC-F-PROT-Q-72x60,B0822X8LZY,Protector,Bedding,1,797.0,141.0,938.0,710.0
2026-03-30,SC-F-PROT-Q-75x60,B0822WH47T,Protector,Bedding,1,775.0,141.0,916.0,775.0
2026-03-30,SC-F-S2MFPILW-26x16x4,B08R8DC5BB,Memory Foam Pillow,Pillows,6,10176.0,1266.0,11442.0,10176.0
2026-03-30,SC-F-SMFPILWSET1-BAM-S-22x14,B0F1Y416FR,Small Memory Foam Pillow,Pillows,1,857.0,148.0,1005.0,857.0
2026-03-30,SC-F-TBLPILWCS-S-28x18,B0CWLCGJDC,Cotton Pillow Case,Bedding,1,411.0,144.0,555.0,411.0
2026-03-30,SC-MFPILW-BAM-C-25x16,B09XFF5LPL,Contour Bamboo MF Pillow,Pillows,3,2571.0,444.0,3015.0,2571.0
2026-03-30,SC-PILLOW,B0822SXQGH,Memory Foam Pillow,Pillows,1,896.0,211.0,1107.0,896.0
2026-03-30,SC72726,B077QJVWBR,Original Mattress,Mattress,1,13619.0,1230.0,14849.0,13036.0
2026-03-30,SC75726,B0732TFNYC,Original Mattress,Mattress,1,13799.0,1230.0,15029.0,12244.0
2026-03-30,SC78606,B0732WFNVL,Original Mattress,Mattress,1,12179.0,950.0,13129.0,11785.0
2026-03-30,SCP75488,B07NLFVP6H,Original Mattress,Mattress,1,11126.0,950.0,12076.0,10528.0
2026-03-30,SCP78608,B07JN4C3NB,Original Mattress,Mattress,2,28081.0,2460.0,30541.0,27181.0
2026-03-30,SCP78728,B07JM7GQG4,Original Mattress,Mattress,2,31898.0,2460.0,34358.0,31023.0
2026-03-30,SCPROD75x48,B0822XBCF1,Protector,Bedding,1,698.0,141.0,839.0,698.0
2026-03-30,SCPROK78x72,B0822WWZRV,Protector,Bedding,1,852.0,191.0,1043.0,748.0
2026-03-31,SC-F-4TFOLD-BL-72X36,B0FHF2DKQZ,Tri-fold Mattress,Mattress,3,12807.0,2430.0,15237.0,11142.0
2026-03-31,SC-F-4TFOLD-BL-72X48,B0FHF65C2R,Tri-fold Mattress,Mattress,1,5347.0,810.0,6157.0,5162.0
2026-03-31,SC-F-BDPILW19x50,B08KS2YSFR,Cuddle Pillow,Pillows,1,1495.0,211.0,1706.0,1495.0
2026-03-31,SC-F-COMF90x100,B08KTCGSQW,Reversible Comforter,Bedding,1,1776.0,330.0,2106.0,1776.0
2026-03-31,SC-F-CON-MFPILWS2-BAM-24x14,B09XFG77VR,Contour Bamboo MF Pillow,Pillows,2,3392.0,422.0,3814.0,3392.0
2026-03-31,SC-F-DGRPILWCS-S-28x18,B0CWL2NG34,Cotton Pillow Case,Bedding,1,415.0,135.0,550.0,415.0
2026-03-31,SC-F-HYB-LATEX-K-72x72x6,B09XGDZQPC,Hybrid Latex Mattress,Mattress,1,15073.0,1230.0,16303.0,14631.0
2026-03-31,SC-F-HYB-LATEX-K-72x72x8,B09XFMGSKV,Hybrid Latex Mattress,Mattress,1,17845.0,1430.0,19275.0,16173.0
2026-03-31,SC-F-HYB-LATEX-K-78x72x6,B09XFKM8V6,Hybrid Latex Mattress,Mattress,1,16084.0,1230.0,17314.0,15226.0
2026-03-31,SC-F-HYB-LATEX-K-78x72x8,B09XGCSRXY,Hybrid Latex Mattress,Mattress,2,37479.0,2860.0,40339.0,36279.0
2026-03-31,SC-F-HYB-LATEX-Q-72x60x6,B09XGNVN9N,Hybrid Latex Mattress,Mattress,1,13337.0,1230.0,14567.0,12908.0
2026-03-31,SC-F-HYB-LATEX-Q-72x60x8,B09XFN2QX3,Hybrid Latex Mattress,Mattress,1,15073.0,1230.0,16303.0,14584.0
2026-03-31,SC-F-LITEPILWPSET2-S-27X17,B0CV17V482,Fiber Lite,Pillows,2,1372.0,296.0,1668.0,1372.0
2026-03-31,SC-F-LTX-ORTHO-K-78X72X6,B0G3BY1NZH,Latex Ortho Mattress,Mattress,1,15703.0,1230.0,16933.0,15703.0
2026-03-31,SC-F-LTX-ORTHO-K-84X72X8,B0G3CG2MCP,Latex Ortho Mattress,Mattress,1,20153.0,0.0,20153.0,18706.0
2026-03-31,SC-F-LTX-ORTHO-Q-75X60X6,B0G3BY4SK8,Latex Ortho Mattress,Mattress,1,13007.0,950.0,13957.0,11512.0
2026-03-31,SC-F-LTX-ORTHO-Q-75x60x5,B0G7JS5WXQ,Latex Ortho Mattress,Mattress,1,11305.0,950.0,12255.0,10753.0
2026-03-31,SC-F-LTX-ORTHO-S-72X36X6,B0G3CC722B,Latex Ortho Mattress,Mattress,1,8218.0,810.0,9028.0,8218.0
2026-03-31,SC-F-LTX-ORTHO-S-72X36X8,B0G3C2WN23,Latex Ortho Mattress,Mattress,1,9101.0,950.0,10051.0,8900.0
2026-03-31,SC-F-LTX-ORTHO-S-72x30x5,B0G7JKNNVR,Latex Ortho Mattress,Mattress,1,6172.0,810.0,6982.0,5857.0
2026-03-31,SC-F-ORIG-Q-75x60x5,B0G256HLCB,Original Mattress,Mattress,1,10864.0,950.0,11814.0,10627.0
2026-03-31,SC-F-ORIG-Q-78x60x4,B0G71QBLSG,Original Mattress,Mattress,1,8788.0,950.0,9738.0,8788.0
2026-03-31,SC-F-PROT-K-72x72,B0822WG76C,Protector,Bedding,2,1476.0,382.0,1858.0,1324.0
2026-03-31,SC-F-PROT-Q-72x60,B0822X8LZY,Protector,Bedding,1,805.0,141.0,946.0,729.0
2026-03-31,SC-F-PROT-Q-75x60,B0822WH47T,Protector,Bedding,2,1610.0,282.0,1892.0,1610.0
2026-03-31,SC-F-S2MFPILW-26x16x4,B08R8DC5BB,Memory Foam Pillow,Pillows,10,16776.0,2110.0,18886.0,14918.0
2026-03-31,SC-F-S4MFPILW-26x16x4,B08R8DQ3T4,Memory Foam Pillow,Pillows,1,3596.0,211.0,3807.0,3596.0
2026-03-31,SC-F-SLMPILWSET2-S-26x16,B09XBNLXW7,Slim Pillow,Pillows,3,14364.0,633.0,14997.0,14364.0
2026-03-31,SC-F-SLSTPILWCS-S-28x18,B0CWKZHV5T,Cotton Pillow Case,Bedding,1,502.0,153.0,655.0,502.0
2026-03-31,SC-F-ULTM-LATEX-Q-78x60x10,B0D58N3MS1,Ultima Latex Mattress,Mattress,1,30077.0,0.0,30077.0,29223.0
2026-03-31,SC-FK-PNC-BLACK,B0GLGGZ9M7,Mobility,Mobility,1,1230.0,220.0,1450.0,1230.0
2026-03-31,SC-MFPILW-BAM-C-25x16,B09XFF5LPL,Contour Bamboo MF Pillow,Pillows,5,4202.0,740.0,4942.0,3918.0
2026-03-31,SC-PILLOW,B0822SXQGH,Memory Foam Pillow,Pillows,6,7157.0,1266.0,8423.0,6757.0
2026-03-31,SC-ULTM-K-78x72x8,B09XGRWRST,Ultima Mattress,Mattress,1,21977.0,1430.0,23407.0,21275.0
2026-03-31,SC72486,B077Q9YRMY,Original Mattress,Mattress,2,18833.0,1900.0,20733.0,18314.0
2026-03-31,SC72606,B078BNQ7M4,Original Mattress,Mattress,2,23548.0,1900.0,25448.0,22635.0
2026-03-31,SC78606,B0732WFNVL,Original Mattress,Mattress,1,12179.0,950.0,13129.0,11785.0
2026-03-31,SC78726,B0732Y4N37,Original Mattress,Mattress,2,27922.0,2460.0,30382.0,27474.0
2026-03-31,SCP72488,B07PVC8NR5,Original Mattress,Mattress,2,21604.0,1900.0,23504.0,21023.0
2026-03-31,SCP72608,B07MHZTP8Q,Original Mattress,Mattress,1,13232.0,1230.0,14462.0,12847.0
2026-03-31,SCP75608,B07MBSJ553,Original Mattress,Mattress,2,27274.0,2460.0,29734.0,25832.0
2026-03-31,SCP78728,B07JM7GQG4,Original Mattress,Mattress,1,15725.0,1230.0,16955.0,15725.0
2026-03-31,SCPROK78x72,B0822WWZRV,Protector,Bedding,5,4208.0,955.0,5163.0,4132.0
2026-04-01,SC-F-4TFOLD-BL-72X48,B0FHF65C2R,Tri-fold Mattress,Mattress,4,21176.0,3240.0,24416.0,20408.0
2026-04-01,SC-F-CLD-SPR-K-78x72x8,B0DGT8T9Q4,Cloud Spring Mattress,Mattress,2,51062.0,2860.0,53922.0,44380.0
2026-04-01,SC-F-DGRPILWCS-S-28x18,B0CWL2NG34,Cotton Pillow Case,Bedding,2,828.0,270.0,1098.0,828.0
2026-04-01,SC-F-HYB-LATEX-K-72x72x6,B09XGDZQPC,Hybrid Latex Mattress,Mattress,4,58260.0,4920.0,63180.0,51404.0
2026-04-01,SC-F-HYB-LATEX-K-72x72x8,B09XFMGSKV,Hybrid Latex Mattress,Mattress,2,35674.0,2860.0,38534.0,34638.0
2026-04-01,SC-F-HYB-LATEX-K-78x72x6,B09XFKM8V6,Hybrid Latex Mattress,Mattress,4,64512.0,4920.0,69432.0,58702.0
2026-04-01,SC-F-HYB-LATEX-K-78x72x8,B09XGCSRXY,Hybrid Latex Mattress,Mattress,4,75034.0,5720.0,80754.0,71974.0
2026-04-01,SC-F-HYB-LATEX-Q-72x60x6,B09XGNVN9N,Hybrid Latex Mattress,Mattress,4,53316.0,4920.0,58236.0,48518.0
2026-04-01,SC-F-HYB-LATEX-Q-75x60x6,B09XGK6Q4L,Hybrid Latex Mattress,Mattress,2,27162.0,2460.0,29622.0,26290.0
2026-04-01,SC-F-HYB-LATEX-Q-75x60x8,B09XFRNJCD,Hybrid Latex Mattress,Mattress,2,30802.0,2460.0,33262.0,28836.0
2026-04-01,SC-F-HYB-LATEX-Q-78x60x8,B09XFL1H1T,Hybrid Latex Mattress,Mattress,2,31490.0,2460.0,33950.0,28148.0
2026-04-01,SC-F-LITEPILWPSET2-S-27X17,B0CV17V482,Fiber Lite,Pillows,2,1414.0,296.0,1710.0,1258.0
2026-04-01,SC-F-LTX-ORTHO-D-75X48X6,B0G3CLHBKX,Latex Ortho Mattress,Mattress,2,20962.0,1900.0,22862.0,19590.0
2026-04-01,SC-F-MFMTTOPPER-Q-78x60,B0CRS31GSK,Memory Foam Topper,Bedding,2,9660.0,818.0,10478.0,9660.0
2026-04-01,SC-F-NOVAMUSLN-S-59x85,B09XLSN95V,Muslin Throws,Bedding,2,4830.0,384.0,5214.0,4830.0
2026-04-01,SC-F-ORIG-K-72x70x6,B0F2TGN1KQ,Original Mattress,Mattress,2,27258.0,2460.0,29718.0,25532.0
2026-04-01,SC-F-ORIG-K-84x72x6,B0BB72TBNX,Original Mattress,Mattress,2,28318.0,2460.0,30778.0,25818.0
2026-04-01,SC-F-ORIG-Q-72x60x5,B0G25BHBT6,Original Mattress,Mattress,2,20600.0,1900.0,22500.0,19924.0
2026-04-01,SC-F-ORIG-S-72x30x5,B0G256TW3Q,Original Mattress,Mattress,4,25918.0,3240.0,29158.0,25918.0
2026-04-01,SC-F-PETORIG-L-32X46,B091CW7VX5,Pet Bed,Beds,2,2872.0,704.0,3576.0,2764.0
2026-04-01,SC-F-PROT-K-72x72,B0822WG76C,Protector,Bedding,6,5004.0,1146.0,6150.0,4310.0
2026-04-01,SC-F-PROT-Q-72x60,B0822X8LZY,Protector,Bedding,2,1598.0,282.0,1880.0,1504.0
2026-04-01,SC-F-PROT-Q-75x60,B0822WH47T,Protector,Bedding,4,3102.0,564.0,3666.0,2608.0
2026-04-01,SC-F-PROT-Q-78x60,B0822WJWGS,Protector,Bedding,6,7896.0,846.0,8742.0,6724.0
2026-04-01,SC-F-S2CLPILW27x18,B08R7MX63N,Cloud Pillow,Pillows,2,3376.0,422.0,3798.0,3376.0
2026-04-01,SC-F-S2MFPILW-26x16x4,B08R8DC5BB,Memory Foam Pillow,Pillows,12,22080.0,2532.0,24612.0,19054.0
2026-04-01,SC-F-S4MFPILW-26x16x4,B08R8DQ3T4,Memory Foam Pillow,Pillows,2,7174.0,422.0,7596.0,7174.0
2026-04-01,SC-F-SLSTFTDSHEET-S-72x36,B0CWCYSCT4,Cotton Fitted Bedsheet,Bedding,2,1896.0,396.0,2292.0,1896.0
2026-04-01,SC-F-SMFPILWSET1-BAM-S-22x14,B0F1Y416FR,Small Memory Foam Pillow,Pillows,2,1654.0,296.0,1950.0,1428.0
2026-04-01,SC-F-ULTM-LATEX-K-72x72x8,B0D58LLWFN,Ultima Latex Mattress,Mattress,2,60138.0,2860.0,62998.0,56638.0
2026-04-01,SC-MFPILW-BAM-C-25x16,B09XFF5LPL,Contour Bamboo MF Pillow,Pillows,22,21688.0,3256.0,24944.0,18658.0
2026-04-01,SC-PILLOW,B0822SXQGH,Memory Foam Pillow,Pillows,24,46440.0,5064.0,51504.0,40434.0
2026-04-01,SC-ULTM-K-78x72x8,B09XGRWRST,Ultima Mattress,Mattress,2,43938.0,2860.0,46798.0,42534.0
2026-04-01,SC-ULTM-Q-78x60x10,B09XGPJ4CK,Ultima Mattress,Mattress,2,43938.0,2860.0,46798.0,42896.0
2026-04-01,SC-ULTM-Q-78x60x8,B09XGNTMB7,Ultima Mattress,Mattress,2,38460.0,2860.0,41320.0,38460.0
2026-04-01,SC72366,B078BRGTDM,Original Mattress,Mattress,4,30162.0,3240.0,33402.0,28174.0
2026-04-01,SC72486,B077Q9YRMY,Original Mattress,Mattress,2,18768.0,1900.0,20668.0,16996.0
2026-04-01,SC72726,B077QJVWBR,Original Mattress,Mattress,6,81790.0,7380.0,89170.0,79162.0
2026-04-01,SC78606,B0732WFNVL,Original Mattress,Mattress,6,72992.0,5700.0,78692.0,71492.0
2026-04-01,SC78726,B0732Y4N37,Original Mattress,Mattress,2,27706.0,2460.0,30166.0,26810.0
2026-04-01,SCP72608,B07MHZTP8Q,Original Mattress,Mattress,2,26448.0,2460.0,28908.0,25814.0
2026-04-01,SCP75608,B07MBSJ553,Original Mattress,Mattress,6,81790.0,7380.0,89170.0,77936.0
2026-04-01,SCP78728,B07JM7GQG4,Original Mattress,Mattress,2,31882.0,2460.0,34342.0,31882.0
2026-04-01,SCPROD75x48,B0822XBCF1,Protector,Bedding,2,1358.0,282.0,1640.0,1168.0
2026-04-01,SCPROK78x72,B0822WWZRV,Protector,Bedding,12,10024.0,2292.0,12316.0,8638.0
2026-04-02,SC-F-4TFOLD-BL-72X48,B0FHF65C2R,Tri-fold Mattress,Mattress,2,10478.0,1620.0,12098.0,9756.0
2026-04-02,SC-F-CON-MFPILWS2-BAM-24x14,B09XFG77VR,Contour Bamboo MF Pillow,Pillows,4,6702.0,844.0,7546.0,6702.0
2026-04-02,SC-F-DGRPILWCS-S-28x18,B0CWL2NG34,Cotton Pillow Case,Bedding,2,828.0,270.0,1098.0,828.0
2026-04-02,SC-F-HYB-LATEX-D-72x48x6,B09XFLYZ66,Hybrid Latex Mattress,Mattress,2,21392.0,1900.0,23292.0,20690.0
2026-04-02,SC-F-HYB-LATEX-K-72x72x6,B09XGDZQPC,Hybrid Latex Mattress,Mattress,4,60260.0,4920.0,65180.0,55868.0
2026-04-02,SC-F-HYB-LATEX-K-78x72x6,B09XFKM8V6,Hybrid Latex Mattress,Mattress,4,64624.0,4920.0,69544.0,58420.0
2026-04-02,SC-F-HYB-LATEX-K-78x72x8,B09XGCSRXY,Hybrid Latex Mattress,Mattress,6,112506.0,8580.0,121086.0,108054.0
2026-04-02,SC-F-HYB-LATEX-Q-78x60x6,B09XGPZKTZ,Hybrid Latex Mattress,Mattress,4,56004.0,4920.0,60924.0,53336.0
2026-04-02,SC-F-HYB-LATEX-S-75x36x8,B09XGJ93PQ,Hybrid Latex Mattress,Mattress,2,19938.0,1900.0,21838.0,19938.0
2026-04-02,SC-F-LITEPILWPSET2-S-27X17,B0CV17V482,Fiber Lite,Pillows,4,2804.0,592.0,3396.0,2804.0
2026-04-02,SC-F-LTX-ORTHO-Q-78X60X6,B0G3CTR224,Latex Ortho Mattress,Mattress,2,26542.0,1900.0,28442.0,24264.0
2026-04-02,SC-F-MRQLTPROT-D-78x48,B0GGSLCD9X,Protector,Bedding,2,1852.0,382.0,2234.0,1852.0
2026-04-02,SC-F-ORIG-K-78x70x10,B0F2THKNDR,Original Mattress,Mattress,2,37228.0,2860.0,40088.0,36036.0
2026-04-02,SC-F-ORIG-K-84x72x6,B0BB72TBNX,Original Mattress,Mattress,2,28318.0,2460.0,30778.0,25086.0
2026-04-02,SC-F-ORIG-Q-72x60x5,B0G25BHBT6,Original Mattress,Mattress,2,20584.0,1900.0,22484.0,20584.0
2026-04-02,SC-F-ORIG-Q-78x60x4,B0G71QBLSG,Original Mattress,Mattress,2,17560.0,1900.0,19460.0,16984.0
2026-04-02,SC-F-PKCOMF-S-90x60,B09BZ51DLD,Reversible Comforter,Bedding,2,2674.0,500.0,3174.0,2674.0
2026-04-02,SC-F-PROT-D-78x48,B0822VYH6P,Protector,Bedding,2,1408.0,282.0,1690.0,1408.0
2026-04-02,SC-F-PROT-K-72x72,B0822WG76C,Protector,Bedding,6,5024.0,1146.0,6170.0,4446.0
2026-04-02,SC-F-PROT-Q-72x66,B0822VBPYC,Protector,Bedding,2,1712.0,282.0,1994.0,1712.0
2026-04-02,SC-F-PROT-Q-78x60,B0822WJWGS,Protector,Bedding,6,4794.0,846.0,5640.0,4526.0
2026-04-02,SC-F-S2CLPILW27x18,B08R7MX63N,Cloud Pillow,Pillows,4,6652.0,844.0,7496.0,5512.0
2026-04-02,SC-F-S2MFPILW-26x16x4,B08R8DC5BB,Memory Foam Pillow,Pillows,8,15212.0,1688.0,16900.0,13960.0
2026-04-02,SC-F-SMFPILWSET1-BAM-S-22x14,B0F1Y416FR,Small Memory Foam Pillow,Pillows,2,1700.0,296.0,1996.0,1700.0
2026-04-02,SC-F-SUPRSOFTPILW-S-25x16,B0CRHS55FC,Marshmallow Pillow,Pillows,2,2976.0,422.0,3398.0,2976.0
2026-04-02,SC-F-TBLPILWCS-S-28x18,B0CWLCGJDC,Cotton Pillow Case,Bedding,2,810.0,288.0,1098.0,810.0
2026-04-02,SC-MFPILW-BAM-C-25x16,B09XFF5LPL,Contour Bamboo MF Pillow,Pillows,6,5106.0,888.0,5994.0,4820.0
2026-04-02,SC-PILLOW,B0822SXQGH,Memory Foam Pillow,Pillows,6,5188.0,1266.0,6454.0,4574.0
2026-04-02,SC-SLSTFTDSHEET-K-78x72,B0C2ZQVLPS,Cotton Fitted Bedsheet,Bedding,2,3678.0,396.0,4074.0,3508.0
2026-04-02,SC72486,B077Q9YRMY,Original Mattress,Mattress,2,18764.0,1900.0,20664.0,18140.0
2026-04-02,SC75486,B077Q8RLCP,Original Mattress,Mattress,2,19158.0,1900.0,21058.0,18526.0
2026-04-02,SC75606,B0732TMKP8,Original Mattress,Mattress,2,24018.0,1900.0,25918.0,22484.0
2026-04-02,SC75726,B0732TFNYC,Original Mattress,Mattress,2,27582.0,2460.0,30042.0,25838.0
2026-04-02,SC78606,B0732WFNVL,Original Mattress,Mattress,2,24342.0,1900.0,26242.0,24342.0
2026-04-02,SC78726,B0732Y4N37,Original Mattress,Mattress,6,83630.0,7380.0,91010.0,77764.0
2026-04-02,SCP72488,B07PVC8NR5,Original Mattress,Mattress,2,21588.0,1900.0,23488.0,20882.0
2026-04-02,SCP72608,B07MHZTP8Q,Original Mattress,Mattress,4,52696.0,4920.0,57616.0,51844.0
2026-04-02,SCP75488,B07NLFVP6H,Original Mattress,Mattress,2,22236.0,1900.0,24136.0,21510.0
2026-04-02,SCP75728,B07MHZVDNP,Original Mattress,Mattress,2,31296.0,2460.0,33756.0,30280.0
2026-04-02,SCP78728,B07JM7GQG4,Original Mattress,Mattress,6,95432.0,7380.0,102812.0,85396.0
2026-04-02,SCPROD75x48,B0822XBCF1,Protector,Bedding,6,4224.0,846.0,5070.0,3716.0
2026-04-02,SCPROK78x72,B0822WWZRV,Protector,Bedding,12,14270.0,2292.0,16562.0,12002.0
2026-04-02,SCPROS75x36,B0822V9JY4,Protector,Bedding,2,1218.0,282.0,1500.0,1218.0
2026-04-03,SC-F-4TFOLD-BL-72X48,B0FHF65C2R,Tri-fold Mattress,Mattress,2,10678.0,1620.0,12298.0,9950.0
2026-04-03,SC-F-COMF90x100,B08KTCGSQW,Reversible Comforter,Bedding,2,3536.0,660.0,4196.0,3536.0
2026-04-03,SC-F-DGRFTDSHEET-Q-78x60,B0BF4Z4W1F,Cotton Fitted Bedsheet,Bedding,2,2698.0,396.0,3094.0,2698.0
2026-04-03,SC-F-DGRPILWCS-S-28x18,B0CWL2NG34,Cotton Pillow Case,Bedding,2,828.0,270.0,1098.0,828.0
2026-04-03,SC-F-HYB-LATEX-D-72x48x8,B09XGGGNN9,Hybrid Latex Mattress,Mattress,2,25314.0,1900.0,27214.0,22384.0
2026-04-03,SC-F-HYB-LATEX-K-72x72x8,B09XFMGSKV,Hybrid Latex Mattress,Mattress,2,35668.0,2860.0,38528.0,31912.0
2026-04-03,SC-F-HYB-LATEX-K-78x72x6,B09XFKM8V6,Hybrid Latex Mattress,Mattress,2,32314.0,2460.0,34774.0,31270.0
2026-04-03,SC-F-HYB-LATEX-Q-72x60x8,B09XFN2QX3,Hybrid Latex Mattress,Mattress,2,29956.0,2460.0,32416.0,27484.0
2026-04-03,SC-F-HYB-LATEX-Q-78x60x6,B09XGPZKTZ,Hybrid Latex Mattress,Mattress,2,28002.0,2460.0,30462.0,24782.0
2026-04-03,SC-F-LITEPILWPSET2-S-27X17,B0CV17V482,Fiber Lite,Pillows,6,7010.0,888.0,7898.0,7010.0
2026-04-03,SC-F-ORIG-K-78x72x5,B0G254DYHG,Original Mattress,Mattress,2,25994.0,1900.0,27894.0,25994.0
2026-04-03,SC-F-ORIG-K-84x72x6,B0BB72TBNX,Original Mattress,Mattress,2,28318.0,2460.0,30778.0,26498.0
2026-04-03,SC-F-ORIG-Q-72x60x4,B0G71QJRXS,Original Mattress,Mattress,2,16416.0,1620.0,18036.0,16416.0
2026-04-03,SC-F-ORIG-Q-72x60x5,B0G25BHBT6,Original Mattress,Mattress,4,41168.0,3800.0,44968.0,37566.0
2026-04-03,SC-F-ORIG-S-72x30x6,B0BB7575JC,Original Mattress,Mattress,2,13606.0,1620.0,15226.0,12704.0
2026-04-03,SC-F-PROT-D-78x48,B0822VYH6P,Protector,Bedding,2,1408.0,282.0,1690.0,1408.0
2026-04-03,SC-F-PROT-K-72x72,B0822WG76C,Protector,Bedding,2,1688.0,382.0,2070.0,1408.0
2026-04-03,SC-F-PROT-Q-72x66,B0822VBPYC,Protector,Bedding,2,1712.0,282.0,1994.0,1712.0
2026-04-03,SC-F-PROT-Q-75x60,B0822WH47T,Protector,Bedding,6,4794.0,846.0,5640.0,4794.0
2026-04-03,SC-F-PROT-Q-78x60,B0822WJWGS,Protector,Bedding,6,4794.0,846.0,5640.0,4244.0
2026-04-03,SC-F-PROT-S-72x36,B0822W49Z9,Protector,Bedding,2,1218.0,282.0,1500.0,1218.0
2026-04-03,SC-F-S2MFPILW-26x16x4,B08R8DC5BB,Memory Foam Pillow,Pillows,4,7664.0,844.0,8508.0,7024.0
2026-04-03,SC-F-S4MFPILW-26x16x4,B08R8DQ3T4,Memory Foam Pillow,Pillows,2,6976.0,422.0,7398.0,6976.0
2026-04-03,SC-F-STD-LTX-BAM-24x16,B0F2SWXPMT,Standard Latex Pillow,Pillows,2,4238.0,422.0,4660.0,4114.0
2026-04-03,SC-F-SUPRSOFTPILW-S-25x16,B0CRHS55FC,Marshmallow Pillow,Pillows,2,2806.0,422.0,3228.0,2806.0
2026-04-03,SC-F-TBLPILWCS-S-28x18,B0CWLCGJDC,Cotton Pillow Case,Bedding,2,810.0,288.0,1098.0,810.0
2026-04-03,SC-MFPILW-BAM-C-25x16,B09XFF5LPL,Contour Bamboo MF Pillow,Pillows,4,3404.0,592.0,3996.0,3404.0
2026-04-03,SC-PILLOW,B0822SXQGH,Memory Foam Pillow,Pillows,6,5276.0,1266.0,6542.0,4978.0
2026-04-03,SC-SLMPILW-S-26x16,B09XBMFFZY,Slim Pillow,Pillows,2,1508.0,296.0,1804.0,1222.0
2026-04-03,SC-SLSTFTDSHEET-Q-78x60,B0C2ZPK3PK,Cotton Fitted Bedsheet,Bedding,2,3350.0,396.0,3746.0,3350.0
2026-04-03,SC-ULTM-K-78x72x8,B09XGRWRST,Ultima Mattress,Mattress,2,43938.0,2860.0,46798.0,42534.0
2026-04-03,SC72366,B078BRGTDM,Original Mattress,Mattress,2,15226.0,1620.0,16846.0,14768.0
2026-04-03,SC72486,B077Q9YRMY,Original Mattress,Mattress,2,18834.0,1900.0,20734.0,18210.0
2026-04-03,SC72606,B078BNQ7M4,Original Mattress,Mattress,2,23532.0,1900.0,25432.0,22026.0
2026-04-03,SC72726,B077QJVWBR,Original Mattress,Mattress,4,52840.0,4920.0,57760.0,50268.0
2026-04-03,SC75606,B0732TMKP8,Original Mattress,Mattress,2,23888.0,1900.0,25788.0,21824.0
2026-04-03,SC78606,B0732WFNVL,Original Mattress,Mattress,2,24342.0,1900.0,26242.0,23554.0
2026-04-03,SC78726,B0732Y4N37,Original Mattress,Mattress,4,55764.0,4920.0,60684.0,54868.0
2026-04-03,SCP72488,B07PVC8NR5,Original Mattress,Mattress,2,21588.0,1900.0,23488.0,20198.0
2026-04-03,SCP72728,B07M72KSRM,Original Mattress,Mattress,2,30586.0,2460.0,33046.0,28632.0
2026-04-03,SCP78728,B07JM7GQG4,Original Mattress,Mattress,2,31826.0,2460.0,34286.0,28132.0
2026-04-03,SCPROD75x48,B0822XBCF1,Protector,Bedding,4,2816.0,564.0,3380.0,2816.0
2026-04-03,SCPROS75x36,B0822V9JY4,Protector,Bedding,4,4816.0,564.0,5380.0,4816.0
2026-04-04,P7836,B0822XQZVK,Protector,Bedding,2,1218.0,282.0,1500.0,1218.0
2026-04-04,SC-BABY48244,B07Y37P1T3,Baby Mattress,Mattress,2,3584.0,914.0,4498.0,3584.0
2026-04-04,SC-F-4TFOLD-BL-72X48,B0FHF65C2R,Tri-fold Mattress,Mattress,2,10678.0,1620.0,12298.0,9692.0
2026-04-04,SC-F-CON-MFPILWS2-BAM-24x14,B09XFG77VR,Contour Bamboo MF Pillow,Pillows,2,3376.0,422.0,3798.0,3228.0
2026-04-04,SC-F-HYB-LATEX-K-72x70x6,B0F2TGQH37,Hybrid Latex Mattress,Mattress,2,31138.0,2460.0,33598.0,27522.0
2026-04-04,SC-F-HYB-LATEX-K-72x72x8,B09XFMGSKV,Hybrid Latex Mattress,Mattress,8,142696.0,11440.0,154136.0,136186.0
2026-04-04,SC-F-HYB-LATEX-K-78x72x6,B09XFKM8V6,Hybrid Latex Mattress,Mattress,6,96892.0,7380.0,104272.0,90332.0
2026-04-04,SC-F-HYB-LATEX-Q-75x60x6,B09XGK6Q4L,Hybrid Latex Mattress,Mattress,2,27132.0,2460.0,29592.0,25414.0
2026-04-04,SC-F-HYB-LATEX-Q-78x60x6,B09XGPZKTZ,Hybrid Latex Mattress,Mattress,8,111998.0,9840.0,121838.0,105216.0
2026-04-04,SC-F-HYB-LATEX-Q-78x60x8,B09XFL1H1T,Hybrid Latex Mattress,Mattress,2,31474.0,2460.0,33934.0,28756.0
2026-04-04,SC-F-LITEPILWPSET2-S-27X17,B0CV17V482,Fiber Lite,Pillows,8,8412.0,1184.0,9596.0,8412.0
2026-04-04,SC-F-LTX-ORTHO-K-75X72X6,B0G3C92JXT,Latex Ortho Mattress,Mattress,2,30088.0,2460.0,32548.0,27484.0
2026-04-04,SC-F-OBCHFTDSHEET-Q-75x60,B0CWCVD3Z8,Cotton Fitted Bedsheet,Bedding,2,2860.0,396.0,3256.0,2730.0
2026-04-04,SC-F-ORIG-K-78x72x5,B0G254DYHG,Original Mattress,Mattress,2,25994.0,1900.0,27894.0,25156.0
2026-04-04,SC-F-ORIG-K-84x72x6,B0BB72TBNX,Original Mattress,Mattress,2,28318.0,2460.0,30778.0,27394.0
2026-04-04,SC-F-PKCOMF-D-90x100,B09BYWZCXM,Reversible Comforter,Bedding,2,3528.0,660.0,4188.0,3528.0
2026-04-04,SC-F-PROT-K-72x72,B0822WG76C,Protector,Bedding,6,8292.0,1146.0,9438.0,6746.0
2026-04-04,SC-F-PROT-Q-75x60,B0822WH47T,Protector,Bedding,2,1540.0,282.0,1822.0,1540.0
2026-04-04,SC-F-PROT-Q-78x60,B0822WJWGS,Protector,Bedding,4,3188.0,564.0,3752.0,2638.0
2026-04-04,SC-F-S2CLPILW27x18,B08R7MX63N,Cloud Pillow,Pillows,4,6752.0,844.0,7596.0,6182.0
2026-04-04,SC-F-S2MFPILW-26x16x4,B08R8DC5BB,Memory Foam Pillow,Pillows,14,34222.0,2954.0,37176.0,28532.0
2026-04-04,SC-F-SLMPILWSET2-S-26x16,B09XBNLXW7,Slim Pillow,Pillows,2,3176.0,422.0,3598.0,3176.0
2026-04-04,SC-MFPILW-BAM-C-25x16,B09XFF5LPL,Contour Bamboo MF Pillow,Pillows,8,6638.0,1184.0,7822.0,6638.0
2026-04-04,SC-PILLOW,B0822SXQGH,Memory Foam Pillow,Pillows,8,6962.0,1688.0,8650.0,5920.0
2026-04-04,SC-ULTM-K-78x72x10,B09XGSHBKJ,Ultima Mattress,Mattress,2,51138.0,2860.0,53998.0,46018.0
2026-04-04,SC-WNTRCOMF-D-90x100,B0BM9RZ1DT,Winter Comforter,Bedding,2,6122.0,660.0,6782.0,6122.0
2026-04-04,SC72726,B077QJVWBR,Original Mattress,Mattress,2,27258.0,2460.0,29718.0,25758.0
2026-04-04,SC78606,B0732WFNVL,Original Mattress,Mattress,2,24342.0,1900.0,26242.0,22240.0
2026-04-04,SC78726,B0732Y4N37,Original Mattress,Mattress,4,55708.0,4920.0,60628.0,51966.0
2026-04-04,SCP72608,B07MHZTP8Q,Original Mattress,Mattress,4,52884.0,4920.0,57804.0,47804.0
2026-04-04,SCP72728,B07M72KSRM,Original Mattress,Mattress,2,30536.0,2460.0,32996.0,29640.0
2026-04-04,SCP78728,B07JM7GQG4,Original Mattress,Mattress,2,31882.0,2460.0,34342.0,29582.0
2026-04-04,SCPROD75x48,B0822XBCF1,Protector,Bedding,6,4200.0,846.0,5046.0,4200.0
2026-04-04,SCPROK78x72,B0822WWZRV,Protector,Bedding,8,7112.0,1528.0,8640.0,6174.0
2026-04-05,SC-F-4TFOLD-BL-72X36,B0FHF2DKQZ,Tri-fold Mattress,Mattress,1,4261.0,810.0,5071.0,4115.0
2026-04-05,SC-F-COMF90x60,B08KTCLX7R,Reversible Comforter,Bedding,1,1258.0,250.0,1508.0,1258.0
2026-04-05,SC-F-CON-MFPILWS2-BAM-24x14,B09XFG77VR,Contour Bamboo MF Pillow,Pillows,1,1688.0,211.0,1899.0,1688.0
2026-04-05,SC-F-DCPILWSET1-BAM-25x15,B0F1937F9V,Dual Comfort Pillow,Pillows,1,1938.0,211.0,2149.0,1938.0
2026-04-05,SC-F-HYB-LATEX-D-72x48x6,B09XFLYZ66,Hybrid Latex Mattress,Mattress,3,32125.0,2850.0,34975.0,29292.0
2026-04-05,SC-F-HYB-LATEX-D-72x48x8,B09XGGGNN9,Hybrid Latex Mattress,Mattress,1,12657.0,950.0,13607.0,11543.0
2026-04-05,SC-F-HYB-LATEX-K-72x70x6,B0F2TGQH37,Hybrid Latex Mattress,Mattress,3,46707.0,3690.0,50397.0,44473.0
2026-04-05,SC-F-HYB-LATEX-K-72x72x6,B09XGDZQPC,Hybrid Latex Mattress,Mattress,2,30120.0,2460.0,32580.0,27920.0
2026-04-05,SC-F-HYB-LATEX-K-72x72x8,B09XFMGSKV,Hybrid Latex Mattress,Mattress,1,17837.0,1430.0,19267.0,17264.0
2026-04-05,SC-F-HYB-LATEX-K-78x72x6,B09XFKM8V6,Hybrid Latex Mattress,Mattress,4,64628.0,4920.0,69548.0,62084.0
2026-04-05,SC-F-HYB-LATEX-K-78x72x8,B09XGCSRXY,Hybrid Latex Mattress,Mattress,2,37522.0,2860.0,40382.0,35895.0
2026-04-05,SC-F-HYB-LATEX-Q-72x60x6,B09XGNVN9N,Hybrid Latex Mattress,Mattress,1,13329.0,1230.0,14559.0,12484.0
2026-04-05,SC-F-HYB-LATEX-Q-78x60x6,B09XGPZKTZ,Hybrid Latex Mattress,Mattress,1,13981.0,1230.0,15211.0,12786.0
2026-04-05,SC-F-HYB-LATEX-Q-78x60x8,B09XFL1H1T,Hybrid Latex Mattress,Mattress,1,15712.0,1230.0,16942.0,13887.0
2026-04-05,SC-F-HYB-LATEX-Q-78x66x6,B0F2THGKN7,Hybrid Latex Mattress,Mattress,1,15515.0,1230.0,16745.0,13711.0
2026-04-05,SC-F-LITEPILWPSET2-S-27X17,B0CV17V482,Fiber Lite,Pillows,1,701.0,148.0,849.0,701.0
2026-04-05,SC-F-LTX-ORTHO-D-72x48x5,B0G7J4C6NX,Latex Ortho Mattress,Mattress,1,9279.0,950.0,10229.0,9279.0
2026-04-05,SC-F-LTX-ORTHO-K-75X72X8,B0G3CC4M7Y,Latex Ortho Mattress,Mattress,1,18020.0,1230.0,19250.0,16480.0
2026-04-05,SC-F-ORIG-K-72x72x5,B0G25736BD,Original Mattress,Mattress,2,24408.0,1900.0,26308.0,23547.0
2026-04-05,SC-F-ORIG-K-75x70x8,B0F2TJ7SY4,Original Mattress,Mattress,1,15698.0,1230.0,16928.0,15190.0
2026-04-05,SC-F-ORIG-Q-72x60x5,B0G25BHBT6,Original Mattress,Mattress,1,9730.0,950.0,10680.0,9730.0
2026-04-05,SC-F-ORIG-S-72x30x8,B0BB72XRJ6,Original Mattress,Mattress,1,7613.0,810.0,8423.0,7114.0
2026-04-05,SC-F-PROT-K-72x72,B0822WG76C,Protector,Bedding,3,2532.0,573.0,3105.0,2227.0
2026-04-05,SC-F-PROT-Q-72x66,B0822VBPYC,Protector,Bedding,1,848.0,141.0,989.0,848.0
2026-04-05,SC-F-PROT-Q-75x60,B0822WH47T,Protector,Bedding,1,799.0,141.0,940.0,799.0
2026-04-05,SC-F-PROT-Q-75x66,B0822V9JY7,Protector,Bedding,1,856.0,141.0,997.0,856.0
2026-04-05,SC-F-PROT-Q-78x60,B0822WJWGS,Protector,Bedding,1,799.0,141.0,940.0,658.0
2026-04-05,SC-F-S2CLPILW27x18,B08R7MX63N,Cloud Pillow,Pillows,2,3376.0,422.0,3798.0,3098.0
2026-04-05,SC-F-S2MFPILW-26x16x4,B08R8DC5BB,Memory Foam Pillow,Pillows,5,13305.0,1055.0,14360.0,11406.0
2026-04-05,SC-F-SLMPILWSET2-S-26x16,B09XBNLXW7,Slim Pillow,Pillows,1,1588.0,211.0,1799.0,1588.0
2026-04-05,SC-F-SMFPILWSET1-BAM-S-22x14,B0F1Y416FR,Small Memory Foam Pillow,Pillows,3,4203.0,444.0,4647.0,4203.0
2026-04-05,SC-F-STDMPILWCS-K-32x20,B0DDCQX4K1,Sateen Pillow Case,Bedding,1,737.0,162.0,899.0,737.0
2026-04-05,SC-F-STPBPILWCS-K-32x20,B0DDCPF4MS,Sateen Pillow Case,Bedding,1,737.0,162.0,899.0,737.0
2026-04-05,SC-F-SUPRSOFTPILW-S-25x16,B0CRHS55FC,Marshmallow Pillow,Pillows,2,2976.0,422.0,3398.0,2976.0
2026-04-05,SC-F-ULTM-LATEX-K-78x72x8,B0D58NBSN9,Ultima Latex Mattress,Mattress,1,29986.0,1430.0,31416.0,27291.0
2026-04-05,SC-F-ULTM-LATEX-S-75x36x8,B0D58LVNHC,Ultima Latex Mattress,Mattress,1,15869.0,1230.0,17099.0,14501.0
2026-04-05,SC-F-WTQLTPROT-Q-72x60,B0GGT4JXN4,Protector,Bedding,1,1233.0,191.0,1424.0,1158.0
2026-04-05,SC-MFPILWSET2-CLT-C-25x16,B09XFCSDC2,CoolTEC MF Pillow,Pillows,1,3588.0,211.0,3799.0,3530.0
2026-04-05,SC-PILLOW,B0822SXQGH,Memory Foam Pillow,Pillows,6,5163.0,1266.0,6429.0,4526.0
2026-04-05,SC-ULTM-D-72x48x8,B09XGF9LKQ,Ultima Mattress,Mattress,1,15869.0,1230.0,17099.0,14029.0
2026-04-05,SC-ULTM-D-75x48x8,B09XGGGP3H,Ultima Mattress,Mattress,1,15869.0,1230.0,17099.0,15869.0
2026-04-05,SC72486,B077Q9YRMY,Original Mattress,Mattress,2,18805.0,1900.0,20705.0,17146.0
2026-04-05,SC72606,B078BNQ7M4,Original Mattress,Mattress,2,23432.0,1900.0,25332.0,22705.0
2026-04-05,SC72666,B077QB4R3Y,Original Mattress,Mattress,1,13047.0,1230.0,14277.0,12626.0
2026-04-05,SC72726,B077QJVWBR,Original Mattress,Mattress,2,27246.0,2460.0,29706.0,25238.0
2026-04-05,SC78606,B0732WFNVL,Original Mattress,Mattress,2,24342.0,1900.0,26242.0,23554.0
2026-04-05,SC78726,B0732Y4N37,Original Mattress,Mattress,2,27831.0,2460.0,30291.0,26196.0
2026-04-05,SCP72488,B07PVC8NR5,Original Mattress,Mattress,1,10794.0,950.0,11744.0,10441.0
2026-04-05,SCP72728,B07M72KSRM,Original Mattress,Mattress,1,15293.0,1230.0,16523.0,13514.0
2026-04-05,SCP78608,B07JN4C3NB,Original Mattress,Mattress,1,14034.0,1230.0,15264.0,13584.0
2026-04-05,SCP78728,B07JM7GQG4,Original Mattress,Mattress,1,15941.0,1230.0,17171.0,14925.0
2026-04-05,SCPROD75x48,B0822XBCF1,Protector,Bedding,2,1408.0,282.0,1690.0,1252.0
2026-04-05,SCPROK78x72,B0822WWZRV,Protector,Bedding,9,8082.0,1719.0,9801.0,7330.0
2026-04-06,SC-F-4TFOLD-BL-72X48,B0FHF65C2R,Tri-fold Mattress,Mattress,1,5339.0,810.0,6149.0,4975.0
2026-04-06,SC-F-CLD-SPR-K-72x72x8,B0DGTCVYJZ,Cloud Spring Mattress,Mattress,2,51136.0,2860.0,53996.0,48700.0
2026-04-06,SC-F-CLPILW27x18,B08KT1QRHJ,Cloud Pillow,Pillows,1,851.0,148.0,999.0,851.0
2026-04-06,SC-F-CON-MFPILWS2-BAM-24x14,B09XFG77VR,Contour Bamboo MF Pillow,Pillows,2,3282.0,422.0,3704.0,3282.0
2026-04-06,SC-F-HYB-LATEX-D-72x48x6,B09XFLYZ66,Hybrid Latex Mattress,Mattress,1,10725.0,950.0,11675.0,9790.0
2026-04-06,SC-F-HYB-LATEX-K-72x72x6,B09XGDZQPC,Hybrid Latex Mattress,Mattress,1,15065.0,1230.0,16295.0,13311.0
2026-04-06,SC-F-HYB-LATEX-K-78x72x6,B09XFKM8V6,Hybrid Latex Mattress,Mattress,3,48455.0,3690.0,52145.0,44672.0
2026-04-06,SC-F-HYB-LATEX-K-78x72x8,B09XGCSRXY,Hybrid Latex Mattress,Mattress,8,150037.0,11440.0,161477.0,139834.0
2026-04-06,SC-F-HYB-LATEX-Q-72x60x6,B09XGNVN9N,Hybrid Latex Mattress,Mattress,1,13329.0,1230.0,14559.0,12186.0
2026-04-06,SC-F-HYB-LATEX-Q-78x60x6,B09XGPZKTZ,Hybrid Latex Mattress,Mattress,1,14001.0,1230.0,15231.0,13116.0
2026-04-06,SC-F-HYB-LATEX-Q-78x60x8,B09XFL1H1T,Hybrid Latex Mattress,Mattress,1,15637.0,1230.0,16867.0,13818.0
2026-04-06,SC-F-HYB-LATEX-S-75x36x8,B09XGJ93PQ,Hybrid Latex Mattress,Mattress,1,9969.0,950.0,10919.0,9323.0
2026-04-06,SC-F-LITEPILWPSET2-S-27X17,B0CV17V482,Fiber Lite,Pillows,1,672.0,148.0,820.0,672.0
2026-04-06,SC-F-LTX-ORTHO-D-72x48x5,B0G7J4C6NX,Latex Ortho Mattress,Mattress,1,8849.0,950.0,9799.0,8261.0
2026-04-06,SC-F-LTX-ORTHO-Q-75X60X6,B0G3BY4SK8,Latex Ortho Mattress,Mattress,1,12999.0,950.0,13949.0,12999.0
2026-04-06,SC-F-LTX-ORTHO-Q-78X60X6,B0G3CTR224,Latex Ortho Mattress,Mattress,1,13371.0,950.0,14321.0,12941.0
2026-04-06,SC-F-NBQLTPROT-D-75x48,B0GGSQZYHY,Protector,Bedding,1,905.0,191.0,1096.0,905.0
2026-04-06,SC-F-ORIG-K-84x72x6,B0BB72TBNX,Original Mattress,Mattress,1,14059.0,1230.0,15289.0,12453.0
2026-04-06,SC-F-ORIG-Q-78x60x4,B0G71QBLSG,Original Mattress,Mattress,1,8722.0,950.0,9672.0,8722.0
2026-04-06,SC-F-PROT-D-78x48,B0822VYH6P,Protector,Bedding,3,2112.0,423.0,2535.0,2112.0
2026-04-06,SC-F-PROT-Q-75x60,B0822WH47T,Protector,Bedding,1,799.0,141.0,940.0,799.0
2026-04-06,SC-F-PROT-Q-78x60,B0822WJWGS,Protector,Bedding,2,1585.0,282.0,1867.0,1585.0
2026-04-06,SC-F-PROT-S-72x36,B0822W49Z9,Protector,Bedding,2,1193.0,282.0,1475.0,1193.0
2026-04-06,SC-F-QRMTTOPPER-Q-78x60x2,B0GGZQMYTQ,Aeroflow Topper,Bedding,1,4890.0,191.0,5081.0,4890.0
2026-04-06,SC-F-S2CLPILW27x18,B08R7MX63N,Cloud Pillow,Pillows,2,3376.0,422.0,3798.0,3376.0
2026-04-06,SC-F-SMFPILWSET1-BAM-S-22x14,B0F1Y416FR,Small Memory Foam Pillow,Pillows,1,851.0,148.0,999.0,851.0
2026-04-06,SC-F-ULTM-LATEX-K-78x72x8,B0D58NBSN9,Ultima Latex Mattress,Mattress,1,30028.0,1430.0,31458.0,29174.0
2026-04-06,SC-MFPILW-BAM-C-25x16,B09XFF5LPL,Contour Bamboo MF Pillow,Pillows,6,5086.0,888.0,5974.0,5086.0
2026-04-06,SC-PILLOW,B0822SXQGH,Memory Foam Pillow,Pillows,2,1776.0,422.0,2198.0,1776.0
2026-04-06,SC72606,B078BNQ7M4,Original Mattress,Mattress,1,11766.0,950.0,12716.0,10397.0
2026-04-06,SC75606,B0732TMKP8,Original Mattress,Mattress,2,24018.0,1900.0,25918.0,22981.0
2026-04-06,SC78606,B0732WFNVL,Original Mattress,Mattress,1,12171.0,950.0,13121.0,11120.0
2026-04-06,SC78726,B0732Y4N37,Original Mattress,Mattress,3,41859.0,3690.0,45549.0,40124.0
2026-04-06,SCP72728,B07M72KSRM,Original Mattress,Mattress,2,30586.0,2460.0,33046.0,27830.0
2026-04-06,SCP75608,B07MBSJ553,Original Mattress,Mattress,1,13629.0,1230.0,14859.0,12766.0
2026-04-06,SCP78728,B07JM7GQG4,Original Mattress,Mattress,3,47823.0,3690.0,51513.0,44942.0
2026-04-06,SCPROD75x48,B0822XBCF1,Protector,Bedding,1,686.0,141.0,827.0,686.0
2026-04-06,SCPROK78x72,B0822WWZRV,Protector,Bedding,1,898.0,191.0,1089.0,898.0
2026-04-07,SC-F-4TFOLD-BL-72X48,B0FHF65C2R,Tri-fold Mattress,Mattress,1,5335.0,810.0,6145.0,5150.0
2026-04-07,SC-F-CLPILW27x18,B08KT1QRHJ,Cloud Pillow,Pillows,1,851.0,148.0,999.0,851.0
2026-04-07,SC-F-CTR-LTX-BAM-24x16,B0F2N7Q9H3,Contour Latex Pillow,Pillows,1,2188.0,211.0,2399.0,2188.0
2026-04-07,SC-F-HYB-LATEX-D-72x48x8,B09XGGGNN9,Hybrid Latex Mattress,Mattress,1,12657.0,950.0,13607.0,12248.0
2026-04-07,SC-F-HYB-LATEX-K-72x72x6,B09XGDZQPC,Hybrid Latex Mattress,Mattress,1,15030.0,1230.0,16260.0,14541.0
2026-04-07,SC-F-HYB-LATEX-K-78x72x6,B09XFKM8V6,Hybrid Latex Mattress,Mattress,4,64628.0,4920.0,69548.0,60016.0
2026-04-07,SC-F-HYB-LATEX-K-78x72x8,B09XGCSRXY,Hybrid Latex Mattress,Mattress,4,75034.0,5720.0,80754.0,69772.0
2026-04-07,SC-F-HYB-LATEX-Q-75x60x6,B09XGK6Q4L,Hybrid Latex Mattress,Mattress,4,54293.0,4920.0,59213.0,50271.0
2026-04-07,SC-F-HYB-LATEX-Q-78x60x6,B09XGPZKTZ,Hybrid Latex Mattress,Mattress,1,14001.0,1230.0,15231.0,13552.0
2026-04-07,SC-F-HYB-LATEX-Q-78x60x8,B09XFL1H1T,Hybrid Latex Mattress,Mattress,1,15737.0,1230.0,16967.0,13910.0
2026-04-07,SC-F-HYB-LATEX-S-72x36x6,B09XFMX37N,Hybrid Latex Mattress,Mattress,1,8765.0,950.0,9715.0,8198.0
2026-04-07,SC-F-LTX-ORTHO-Q-72X60X6,B0G3CDX1H6,Latex Ortho Mattress,Mattress,1,12549.0,950.0,13499.0,11469.0
2026-04-07,SC-F-LTX-ORTHO-Q-78X60X6,B0G3CTR224,Latex Ortho Mattress,Mattress,1,12909.0,950.0,13859.0,11800.0
2026-04-07,SC-F-MBJRFTDSHEET-Q-78x60,B0CTTMM1S1,Jersey Fitted Bed sheet,Bedding,2,6404.0,396.0,6800.0,6404.0
2026-04-07,SC-F-ORIG-K-72x70x6,B0F2TGN1KQ,Original Mattress,Mattress,1,13629.0,1230.0,14859.0,12059.0
2026-04-07,SC-F-ORIG-K-72x72x4,B0G726PGD2,Original Mattress,Mattress,1,10025.0,950.0,10975.0,9695.0
2026-04-07,SC-F-ORIG-K-78x72x5,B0G254DYHG,Original Mattress,Mattress,1,12954.0,950.0,13904.0,12954.0
2026-04-07,SC-F-ORIG-Q-72x60x5,B0G25BHBT6,Original Mattress,Mattress,1,10292.0,950.0,11242.0,9391.0
2026-04-07,SC-F-PETORTHO-L-24x48,B091CVV1CN,Pet Bed,Beds,1,2155.0,352.0,2507.0,2086.0
2026-04-07,SC-F-PROT-K-72x72,B0822WG76C,Protector,Bedding,3,2532.0,573.0,3105.0,2423.0
2026-04-07,SC-F-PROT-Q-72x60,B0822X8LZY,Protector,Bedding,1,799.0,141.0,940.0,674.0
2026-04-07,SC-F-PROT-Q-72x66,B0822VBPYC,Protector,Bedding,1,806.0,141.0,947.0,806.0
2026-04-07,SC-F-PROT-Q-78x60,B0822WJWGS,Protector,Bedding,5,5593.0,705.0,6298.0,5236.0
2026-04-07,SC-F-S2CLPILW27x18,B08R7MX63N,Cloud Pillow,Pillows,1,1688.0,211.0,1899.0,1403.0
2026-04-07,SC-F-S2MFPILW-26x16x4,B08R8DC5BB,Memory Foam Pillow,Pillows,7,13303.0,1477.0,14780.0,11339.0
2026-04-07,SC-F-SMFPILWSET1-BAM-S-22x14,B0F1Y416FR,Small Memory Foam Pillow,Pillows,2,1702.0,296.0,1998.0,1702.0
2026-04-07,SC-F-TBLPILWCS-S-28x18,B0CWLCGJDC,Cotton Pillow Case,Bedding,1,405.0,144.0,549.0,405.0
2026-04-07,SC-F-ULTM-LATEX-K-75x72x8,B0D58LV9HN,Ultima Latex Mattress,Mattress,1,30069.0,1430.0,31499.0,29368.0
2026-04-07,SC-MFPILW-BAM-C-25x16,B09XFF5LPL,Contour Bamboo MF Pillow,Pillows,1,851.0,148.0,999.0,851.0
2026-04-07,SC-PILLOW,B0822SXQGH,Memory Foam Pillow,Pillows,12,15722.0,2532.0,18254.0,13310.0
2026-04-07,SC-ULTM-D-75x48x8,B09XGGGP3H,Ultima Mattress,Mattress,1,15869.0,1230.0,17099.0,15356.0
2026-04-07,SC72366,B078BRGTDM,Original Mattress,Mattress,1,7591.0,810.0,8401.0,7338.0
2026-04-07,SC72486,B077Q9YRMY,Original Mattress,Mattress,1,9417.0,950.0,10367.0,8803.0
2026-04-07,SC72726,B077QJVWBR,Original Mattress,Mattress,2,27258.0,2460.0,29718.0,25250.0
2026-04-07,SC78606,B0732WFNVL,Original Mattress,Mattress,2,24342.0,1900.0,26242.0,23554.0
2026-04-07,SC78726,B0732Y4N37,Original Mattress,Mattress,1,13953.0,1230.0,15183.0,12348.0
2026-04-07,SCP72608,B07MHZTP8Q,Original Mattress,Mattress,3,39672.0,3690.0,43362.0,37403.0
2026-04-07,SCP72728,B07M72KSRM,Original Mattress,Mattress,2,30586.0,2460.0,33046.0,28311.0
2026-04-07,SCP75608,B07MBSJ553,Original Mattress,Mattress,3,40697.0,3690.0,44387.0,37883.0
2026-04-07,SCP78728,B07JM7GQG4,Original Mattress,Mattress,4,63764.0,4920.0,68684.0,59367.0
2026-04-07,SCPROD75x48,B0822XBCF1,Protector,Bedding,1,704.0,141.0,845.0,704.0
2026-04-07,SCPROK78x72,B0822WWZRV,Protector,Bedding,6,5334.0,1146.0,6480.0,4856.0
2026-04-08,SC-F-4TFOLD-BL-72X36,B0FHF2DKQZ,Tri-fold Mattress,Mattress,1,4261.0,810.0,5071.0,4115.0
2026-04-08,SC-F-CON-MFPILWS2-BAM-24x14,B09XFG77VR,Contour Bamboo MF Pillow,Pillows,2,3345.0,422.0,3767.0,3345.0
2026-04-08,SC-F-HYB-LATEX-D-72x48x6,B09XFLYZ66,Hybrid Latex Mattress,Mattress,1,10725.0,950.0,11675.0,10034.0
2026-04-08,SC-F-HYB-LATEX-K-72x72x8,B09XFMGSKV,Hybrid Latex Mattress,Mattress,2,35674.0,2860.0,38534.0,34129.0
2026-04-08,SC-F-HYB-LATEX-K-78x72x6,B09XFKM8V6,Hybrid Latex Mattress,Mattress,3,48279.0,3690.0,51969.0,44203.0
2026-04-08,SC-F-HYB-LATEX-K-78x72x8,B09XGCSRXY,Hybrid Latex Mattress,Mattress,4,75044.0,5720.0,80764.0,69937.0
2026-04-08,SC-F-HYB-LATEX-Q-72x60x6,B09XGNVN9N,Hybrid Latex Mattress,Mattress,1,13329.0,1230.0,14559.0,12186.0
2026-04-08,SC-F-HYB-LATEX-Q-72x60x8,B09XFN2QX3,Hybrid Latex Mattress,Mattress,2,30130.0,2460.0,32590.0,29404.0
2026-04-08,SC-F-HYB-LATEX-Q-75x60x6,B09XGK6Q4L,Hybrid Latex Mattress,Mattress,1,13581.0,1230.0,14811.0,13145.0
2026-04-08,SC-F-HYB-LATEX-Q-75x60x8,B09XFRNJCD,Hybrid Latex Mattress,Mattress,2,30802.0,2460.0,33262.0,28513.0
2026-04-08,SC-F-HYB-LATEX-Q-78x60x6,B09XGPZKTZ,Hybrid Latex Mattress,Mattress,1,13999.0,1230.0,15229.0,13550.0
2026-04-08,SC-F-HYB-LATEX-Q-78x60x8,B09XFL1H1T,Hybrid Latex Mattress,Mattress,1,15732.0,1230.0,16962.0,14062.0
2026-04-08,SC-F-HYB-LATEX-S-72x36x6,B09XFMX37N,Hybrid Latex Mattress,Mattress,1,8765.0,950.0,9715.0,8504.0
2026-04-08,SC-F-LITEPILWPSET2-S-27X17,B0CV17V482,Fiber Lite,Pillows,1,701.0,148.0,849.0,701.0
2026-04-08,SC-F-LTX-ORTHO-D-75X48X6,B0G3CLHBKX,Latex Ortho Mattress,Mattress,1,10119.0,950.0,11069.0,10119.0
2026-04-08,SC-F-LTX-ORTHO-Q-78X66X8,B0G3CC2RPN,Latex Ortho Mattress,Mattress,1,16769.0,1230.0,17999.0,15329.0
2026-04-08,SC-F-NBQLTPROT-Q-75x60,B0GMJLZ45T,Protector,Bedding,1,1233.0,191.0,1424.0,1233.0
2026-04-08,SC-F-ORIG-K-72x72x5,B0G25736BD,Original Mattress,Mattress,1,12204.0,950.0,13154.0,11802.0
2026-04-08,SC-F-ORIG-K-75x70x8,B0F2TJ7SY4,Original Mattress,Mattress,1,15698.0,1230.0,16928.0,14343.0
2026-04-08,SC-F-ORIG-Q-72x60x5,B0G25BHBT6,Original Mattress,Mattress,2,20559.0,1900.0,22459.0,19659.0
2026-04-08,SC-F-ORIG-Q-72x66x5,B0G256SMQZ,Original Mattress,Mattress,1,11758.0,950.0,12708.0,11758.0
2026-04-08,SC-F-ORIG-S-72x30x5,B0G256TW3Q,Original Mattress,Mattress,1,6495.0,810.0,7305.0,6495.0
2026-04-08,SC-F-ORIG-S-72x36x4,B0G71BGCB3,Original Mattress,Mattress,1,5580.0,810.0,6390.0,5580.0
2026-04-08,SC-F-ORIG-S-75x36x5,B0G25BBWF1,Original Mattress,Mattress,1,7508.0,810.0,8318.0,7508.0
2026-04-08,SC-F-PROT-K-72x72,B0822WG76C,Protector,Bedding,2,1688.0,382.0,2070.0,1341.0
2026-04-08,SC-F-PROT-Q-72x60,B0822X8LZY,Protector,Bedding,2,1598.0,282.0,1880.0,1464.0
2026-04-08,SC-F-PROT-Q-78x60,B0822WJWGS,Protector,Bedding,1,799.0,141.0,940.0,779.0
2026-04-08,SC-F-S2CLPILW27x18,B08R7MX63N,Cloud Pillow,Pillows,1,1688.0,211.0,1899.0,1403.0
2026-04-08,SC-F-S2MFPILW-26x16x4,B08R8DC5BB,Memory Foam Pillow,Pillows,1,1916.0,211.0,2127.0,1916.0
2026-04-08,SC-F-SMFPILWSET1-BAM-S-22x14,B0F1Y416FR,Small Memory Foam Pillow,Pillows,1,836.0,148.0,984.0,836.0
2026-04-08,SC-F-STMRFTDSHEET-K-72x72,B0DDCHYZBW,Sateen Fitted Sheets,Bedding,1,2251.0,198.0,2449.0,2251.0
2026-04-08,SC-F-ULTM-LATEX-K-78x72x8,B0D58NBSN9,Ultima Latex Mattress,Mattress,1,30069.0,1430.0,31499.0,29124.0
2026-04-08,SC-MFPILW-BAM-C-25x16,B09XFF5LPL,Contour Bamboo MF Pillow,Pillows,4,3358.0,592.0,3950.0,3358.0
2026-04-08,SC-PILLOW,B0822SXQGH,Memory Foam Pillow,Pillows,8,10494.0,1688.0,12182.0,8194.0
2026-04-08,SC-SLMPILW-S-26x16,B09XBMFFZY,Slim Pillow,Pillows,1,754.0,148.0,902.0,564.0
2026-04-08,SC-ULTM-K-78x72x10,B09XGSHBKJ,Ultima Mattress,Mattress,1,25569.0,1430.0,26999.0,24759.0
2026-04-08,SC-ULTM-K-78x72x8,B09XGRWRST,Ultima Mattress,Mattress,1,21969.0,1430.0,23399.0,19586.0
2026-04-08,SC-ULTM-Q-75x60x8,B09XGPK5MG,Ultima Mattress,Mattress,1,19269.0,1430.0,20699.0,18855.0
2026-04-08,SC-ULTM-S-72x36x8,B09XGQN59S,Ultima Mattress,Mattress,2,25098.0,1900.0,26998.0,23221.0
2026-04-08,SC72366,B078BRGTDM,Original Mattress,Mattress,3,22713.0,2430.0,25143.0,21209.0
2026-04-08,SC72666,B077QB4R3Y,Original Mattress,Mattress,1,13062.0,1230.0,14292.0,11941.0
2026-04-08,SC75486,B077Q8RLCP,Original Mattress,Mattress,1,9579.0,950.0,10529.0,9579.0
2026-04-08,SC78606,B0732WFNVL,Original Mattress,Mattress,1,12171.0,950.0,13121.0,11395.0
2026-04-08,SC78726,B0732Y4N37,Original Mattress,Mattress,5,69714.0,6150.0,75864.0,64293.0
2026-04-08,SCP72608,B07MHZTP8Q,Original Mattress,Mattress,1,13224.0,1230.0,14454.0,11698.0
2026-04-08,SCP75608,B07MBSJ553,Original Mattress,Mattress,1,13629.0,1230.0,14859.0,13191.0
2026-04-08,SCP78608,B07JN4C3NB,Original Mattress,Mattress,2,28062.0,2460.0,30522.0,25976.0
2026-04-08,SCP78728,B07JM7GQG4,Original Mattress,Mattress,2,31828.0,2460.0,34288.0,30796.0
2026-04-08,SCPROD75x48,B0822XBCF1,Protector,Bedding,2,1408.0,282.0,1690.0,1408.0
2026-04-08,SCPROK78x72,B0822WWZRV,Protector,Bedding,9,9809.0,1719.0,11528.0,7969.0
2026-04-09,SC-F-4TFOLD-BL-72X36,B0FHF2DKQZ,Tri-fold Mattress,Mattress,2,8522.0,1620.0,10142.0,8254.0
2026-04-09,SC-F-4TFOLD-BL-72X48,B0FHF65C2R,Tri-fold Mattress,Mattress,1,5339.0,810.0,6149.0,5171.0
2026-04-09,SC-F-CLPILW27x18,B08KT1QRHJ,Cloud Pillow,Pillows,1,851.0,148.0,999.0,851.0
2026-04-09,SC-F-CON-MFPILWS2-BAM-24x14,B09XFG77VR,Contour Bamboo MF Pillow,Pillows,5,8399.0,1055.0,9454.0,8399.0
2026-04-09,SC-F-DCPILWSET1-BAM-25x15,B0F1937F9V,Dual Comfort Pillow,Pillows,1,1938.0,211.0,2149.0,1938.0
2026-04-09,SC-F-HYB-LATEX-K-72x72x6,B09XGDZQPC,Hybrid Latex Mattress,Mattress,1,14986.0,1230.0,16216.0,13238.0
2026-04-09,SC-F-HYB-LATEX-K-78x72x6,B09XFKM8V6,Hybrid Latex Mattress,Mattress,3,48379.0,3690.0,52069.0,45296.0
2026-04-09,SC-F-HYB-LATEX-K-78x72x8,B09XGCSRXY,Hybrid Latex Mattress,Mattress,1,18761.0,1430.0,20191.0,17579.0
2026-04-09,SC-F-HYB-LATEX-Q-72x60x8,B09XFN2QX3,Hybrid Latex Mattress,Mattress,1,15065.0,1230.0,16295.0,13310.0
2026-04-09,SC-F-HYB-LATEX-Q-75x60x8,B09XFRNJCD,Hybrid Latex Mattress,Mattress,2,30802.0,2460.0,33262.0,28561.0
2026-04-09,SC-F-HYB-LATEX-Q-78x60x6,B09XGPZKTZ,Hybrid Latex Mattress,Mattress,1,14001.0,1230.0,15231.0,12804.0
2026-04-09,SC-F-LITEPILWPSET2-S-27X17,B0CV17V482,Fiber Lite,Pillows,2,1402.0,296.0,1698.0,1402.0
2026-04-09,SC-F-LTX-ORTHO-K-78X72X8,B0G3D21NYY,Latex Ortho Mattress,Mattress,1,17248.0,1230.0,18478.0,16693.0
2026-04-09,SC-F-LTX-ORTHO-S-75X30X8,B0G3CMKQHX,Latex Ortho Mattress,Mattress,1,8189.0,810.0,8999.0,7919.0
2026-04-09,SC-F-OBCHFTDSHEET-S-72x36,B0CWD1RQCT,Cotton Fitted Bedsheet,Bedding,1,940.0,198.0,1138.0,940.0
2026-04-09,SC-F-ORIG-K-72x70x6,B0F2TGN1KQ,Original Mattress,Mattress,1,13629.0,1230.0,14859.0,13191.0
2026-04-09,SC-F-ORIG-K-72x72x5,B0G25736BD,Original Mattress,Mattress,2,24408.0,1900.0,26308.0,24006.0
2026-04-09,SC-F-ORIG-K-75x70x6,B0F2THTPGB,Original Mattress,Mattress,2,27582.0,2460.0,30042.0,24815.0
2026-04-09,SC-F-ORIG-S-72x30x6,B0BB7575JC,Original Mattress,Mattress,2,13570.0,1620.0,15190.0,12142.0
2026-04-09,SC-F-PROT-Q-72x60,B0822X8LZY,Protector,Bedding,2,1598.0,282.0,1880.0,1473.0
2026-04-09,SC-F-PROT-Q-78x60,B0822WJWGS,Protector,Bedding,2,1598.0,282.0,1880.0,1598.0
2026-04-09,SC-F-S2CLPILW27x18,B08R7MX63N,Cloud Pillow,Pillows,3,5042.0,633.0,5675.0,4227.0
2026-04-09,SC-F-S2MFPILW-26x16x4,B08R8DC5BB,Memory Foam Pillow,Pillows,2,3828.0,422.0,4250.0,3828.0
2026-04-09,SC-F-S4MFPILW-26x16x4,B08R8DQ3T4,Memory Foam Pillow,Pillows,2,7176.0,422.0,7598.0,7176.0
2026-04-09,SC-F-SLMPILWSET2-S-26x16,B09XBNLXW7,Slim Pillow,Pillows,1,1588.0,211.0,1799.0,1588.0
2026-04-09,SC-F-SUPRSOFTPILW-S-25x16,B0CRHS55FC,Marshmallow Pillow,Pillows,1,1488.0,211.0,1699.0,1488.0
2026-04-09,SC-F-TBLPILWCS-S-28x18,B0CWLCGJDC,Cotton Pillow Case,Bedding,1,405.0,144.0,549.0,405.0
2026-04-09,SC-F-ULTM-LATEX-D-75x48x8,B0D58MHQXQ,Ultima Latex Mattress,Mattress,1,21069.0,1430.0,22499.0,20459.0
2026-04-09,SC-F-ULTM-LATEX-K-78x72x8,B0D58NBSN9,Ultima Latex Mattress,Mattress,1,30069.0,1430.0,31499.0,28319.0
2026-04-09,SC-MFPILW-BAM-C-25x16,B09XFF5LPL,Contour Bamboo MF Pillow,Pillows,4,3319.0,592.0,3911.0,3319.0
2026-04-09,SC-PILLOW,B0822SXQGH,Memory Foam Pillow,Pillows,4,3497.0,844.0,4341.0,2955.0
2026-04-09,SC72366,B078BRGTDM,Original Mattress,Mattress,2,15226.0,1620.0,16846.0,14973.0
2026-04-09,SC72486,B077Q9YRMY,Original Mattress,Mattress,1,9417.0,950.0,10367.0,9105.0
2026-04-09,SC72726,B077QJVWBR,Original Mattress,Mattress,1,13629.0,1230.0,14859.0,12059.0
2026-04-09,SC75726,B0732TFNYC,Original Mattress,Mattress,1,13791.0,1230.0,15021.0,13791.0
2026-04-09,SC78726,B0732Y4N37,Original Mattress,Mattress,3,41859.0,3690.0,45549.0,38924.0
2026-04-09,SCP72368,B07PXG7NPX,Original Mattress,Mattress,1,8573.0,950.0,9523.0,7561.0
2026-04-09,SCP72608,B07MHZTP8Q,Original Mattress,Mattress,1,13224.0,1230.0,14454.0,11735.0
2026-04-09,SCP78608,B07JN4C3NB,Original Mattress,Mattress,1,14020.0,1230.0,15250.0,13570.0
2026-04-09,SCP78728,B07JM7GQG4,Original Mattress,Mattress,4,63639.0,4920.0,68559.0,58916.0
2026-04-09,SCPROD75x48,B0822XBCF1,Protector,Bedding,3,2112.0,423.0,2535.0,2112.0
2026-04-09,SCPROK78x72,B0822WWZRV,Protector,Bedding,6,5355.0,1146.0,6501.0,4664.0
2026-04-10,SC-F-4TFOLD-BL-72X36,B0FHF2DKQZ,Tri-fold Mattress,Mattress,2,8522.0,1620.0,10142.0,7748.0
2026-04-10,SC-F-4TFOLD-BL-72X48,B0FHF65C2R,Tri-fold Mattress,Mattress,2,10678.0,1620.0,12298.0,9830.0
2026-04-10,SC-F-CON-MFPILWS2-BAM-24x14,B09XFG77VR,Contour Bamboo MF Pillow,Pillows,4,6622.0,844.0,7466.0,6622.0
2026-04-10,SC-F-HYB-LATEX-K-72x70x6,B0F2TGQH37,Hybrid Latex Mattress,Mattress,1,15569.0,1230.0,16799.0,15055.0
2026-04-10,SC-F-HYB-LATEX-K-72x72x8,B09XFMGSKV,Hybrid Latex Mattress,Mattress,1,17837.0,1430.0,19267.0,17837.0
2026-04-10,SC-F-HYB-LATEX-K-75x72x6,B09XFLVCHN,Hybrid Latex Mattress,Mattress,1,15569.0,1230.0,16799.0,13770.0
2026-04-10,SC-F-HYB-LATEX-K-78x72x6,B09XFKM8V6,Hybrid Latex Mattress,Mattress,5,80785.0,6150.0,86935.0,74623.0
2026-04-10,SC-F-HYB-LATEX-K-78x72x8,B09XGCSRXY,Hybrid Latex Mattress,Mattress,1,18747.0,1430.0,20177.0,17376.0
2026-04-10,SC-F-HYB-LATEX-Q-72x60x8,B09XFN2QX3,Hybrid Latex Mattress,Mattress,2,30123.0,2460.0,32583.0,29681.0
2026-04-10,SC-F-HYB-LATEX-Q-78x60x8,B09XFL1H1T,Hybrid Latex Mattress,Mattress,2,31474.0,2460.0,33934.0,28137.0
2026-04-10,SC-F-HYB-LATEX-S-72x36x6,B09XFMX37N,Hybrid Latex Mattress,Mattress,1,8670.0,950.0,9620.0,7911.0
2026-04-10,SC-F-LITEPILWPSET2-S-27X17,B0CV17V482,Fiber Lite,Pillows,1,666.0,148.0,814.0,666.0
2026-04-10,SC-F-LTX-ORTHO-K-78X72X6,B0G3BY1NZH,Latex Ortho Mattress,Mattress,1,15149.0,1230.0,16379.0,14411.0
2026-04-10,SC-F-LTX-ORTHO-K-78x72x5,B0G7JCBDJJ,Latex Ortho Mattress,Mattress,1,12909.0,950.0,13859.0,11800.0
2026-04-10,SC-F-NOVAMUSLN-S-59x85,B09XLSN95V,Muslin Throws,Bedding,1,2407.0,192.0,2599.0,2407.0
2026-04-10,SC-F-ORIG-D-75x48x5,B0G2565L5B,Original Mattress,Mattress,1,9506.0,950.0,10456.0,9506.0
2026-04-10,SC-F-ORIG-K-72x70x6,B0F2TGN1KQ,Original Mattress,Mattress,1,13629.0,1230.0,14859.0,11580.0
2026-04-10,SC-F-ORIG-K-72x72x4,B0G726PGD2,Original Mattress,Mattress,2,20050.0,1900.0,21950.0,18842.0
2026-04-10,SC-F-ORIG-K-75x70x6,B0F2THTPGB,Original Mattress,Mattress,1,13791.0,1230.0,15021.0,12204.0
2026-04-10,SC-F-ORIG-K-84x72x8,B0BB75FZXB,Original Mattress,Mattress,1,16589.0,1230.0,17819.0,16192.0
2026-04-10,SC-F-ORIG-S-72x30x6,B0BB7575JC,Original Mattress,Mattress,1,6803.0,810.0,7613.0,6803.0
2026-04-10,SC-F-PROT-Q-72x60,B0822X8LZY,Protector,Bedding,1,799.0,141.0,940.0,686.0
2026-04-10,SC-F-PRPNPILWCS-S-28x18,B0CWL52SCG,Cotton Pillow Case,Bedding,1,391.0,153.0,544.0,391.0
2026-04-10,SC-F-S2CLPILW27x18,B08R7MX63N,Cloud Pillow,Pillows,1,1688.0,211.0,1899.0,1688.0
2026-04-10,SC-F-SLMMFPILWSET1-BAM-S-25x15,B0GVF93GX9,Slim Pillow,Pillows,1,1203.0,211.0,1414.0,1203.0
2026-04-10,SC-F-STPBPILWCS-S-28x18,B0DDCLWFTR,Sateen Pillow Case,Bedding,1,647.0,162.0,809.0,647.0
2026-04-10,SC-MFPILW-BAM-C-25x16,B09XFF5LPL,Contour Bamboo MF Pillow,Pillows,2,1702.0,296.0,1998.0,1702.0
2026-04-10,SC-PETBEDORIG-N.Blue-XL-54x36,B09XXXVG2F,Pet Bed,Beds,1,1795.0,352.0,2147.0,1747.0
2026-04-10,SC-PILLOW,B0822SXQGH,Memory Foam Pillow,Pillows,4,5221.0,844.0,6065.0,4443.0
2026-04-10,SC-ULTM-Q-78x60x8,B09XGNTMB7,Ultima Mattress,Mattress,1,19269.0,1430.0,20699.0,17105.0
2026-04-10,SC72366,B078BRGTDM,Original Mattress,Mattress,1,7613.0,810.0,8423.0,7114.0
2026-04-10,SC72726,B077QJVWBR,Original Mattress,Mattress,2,27258.0,2460.0,29718.0,26820.0
2026-04-10,SC78726,B0732Y4N37,Original Mattress,Mattress,1,13953.0,1230.0,15183.0,12348.0
2026-04-10,SCP72608,B07MHZTP8Q,Original Mattress,Mattress,1,13224.0,1230.0,14454.0,12798.0
2026-04-10,SCP72728,B07M72KSRM,Original Mattress,Mattress,1,15293.0,1230.0,16523.0,15293.0
2026-04-10,SCP75608,B07MBSJ553,Original Mattress,Mattress,1,13629.0,1230.0,14859.0,13304.0
2026-04-10,SCP78608,B07JN4C3NB,Original Mattress,Mattress,1,14034.0,1230.0,15264.0,13147.0
2026-04-10,SCP78728,B07JM7GQG4,Original Mattress,Mattress,6,95584.0,7380.0,102964.0,89326.0
2026-04-10,SCPROK78x72,B0822WWZRV,Protector,Bedding,4,3592.0,764.0,4356.0,3215.0
2026-04-11,SC-F-4TFOLD-BL-72X36,B0FHF2DKQZ,Tri-fold Mattress,Mattress,2,8522.0,1620.0,10142.0,8064.0
2026-04-11,SC-F-4TFOLD-BL-72X48,B0FHF65C2R,Tri-fold Mattress,Mattress,1,5311.0,810.0,6121.0,4769.0
2026-04-11,SC-F-CON-MFPILWS2-BAM-24x14,B09XFG77VR,Contour Bamboo MF Pillow,Pillows,3,4974.0,633.0,5607.0,4974.0
2026-04-11,SC-F-HYB-LATEX-D-72x48x8,B09XGGGNN9,Hybrid Latex Mattress,Mattress,1,12634.0,950.0,13584.0,12225.0
2026-04-11,SC-F-HYB-LATEX-K-72x72x6,B09XGDZQPC,Hybrid Latex Mattress,Mattress,3,45117.0,3690.0,48807.0,43793.0
2026-04-11,SC-F-HYB-LATEX-K-72x72x8,B09XFMGSKV,Hybrid Latex Mattress,Mattress,1,17837.0,1430.0,19267.0,16709.0
2026-04-11,SC-F-HYB-LATEX-K-75x72x6,B09XFLVCHN,Hybrid Latex Mattress,Mattress,1,15569.0,1230.0,16799.0,13915.0
2026-04-11,SC-F-HYB-LATEX-K-78x72x6,B09XFKM8V6,Hybrid Latex Mattress,Mattress,6,96768.0,7380.0,104148.0,91320.0
2026-04-11,SC-F-HYB-LATEX-K-78x72x8,B09XGCSRXY,Hybrid Latex Mattress,Mattress,4,74975.0,5720.0,80695.0,70745.0
2026-04-11,SC-F-HYB-LATEX-Q-72x60x6,B09XGNVN9N,Hybrid Latex Mattress,Mattress,1,13329.0,1230.0,14559.0,12900.0
2026-04-11,SC-F-HYB-LATEX-Q-75x60x6,B09XGK6Q4L,Hybrid Latex Mattress,Mattress,1,13581.0,1230.0,14811.0,12722.0
2026-04-11,SC-F-HYB-LATEX-Q-75x60x8,B09XFRNJCD,Hybrid Latex Mattress,Mattress,1,15401.0,1230.0,16631.0,13691.0
2026-04-11,SC-F-HYB-LATEX-Q-78x60x6,B09XGPZKTZ,Hybrid Latex Mattress,Mattress,4,55252.0,4920.0,60172.0,51147.0
2026-04-11,SC-F-HYB-LATEX-Q-78x60x8,B09XFL1H1T,Hybrid Latex Mattress,Mattress,2,31374.0,2460.0,33834.0,28040.0
2026-04-11,SC-F-LITEPILWPSET2-S-27X17,B0CV17V482,Fiber Lite,Pillows,1,683.0,148.0,831.0,683.0
2026-04-11,SC-F-LTX-ORTHO-K-78X72X6,B0G3BY1NZH,Latex Ortho Mattress,Mattress,1,15049.0,1230.0,16279.0,13746.0
2026-04-11,SC-F-LTX-ORTHO-K-78x72x5,B0G7JCBDJJ,Latex Ortho Mattress,Mattress,1,12909.0,950.0,13859.0,11800.0
2026-04-11,SC-F-LTX-ORTHO-Q-72X60X8,B0G3CNC7P5,Latex Ortho Mattress,Mattress,1,14249.0,1230.0,15479.0,14249.0
2026-04-11,SC-F-LTX-ORTHO-S-72x36x5,B0G7HSDJXL,Latex Ortho Mattress,Mattress,1,7289.0,810.0,8099.0,6150.0
2026-04-11,SC-F-ORIG-K-75x72x4,B0G7163NHY,Original Mattress,Mattress,1,10235.0,950.0,11185.0,10235.0
2026-04-11,SC-F-ORIG-Q-72x60x4,B0G71QJRXS,Original Mattress,Mattress,1,8216.0,810.0,9026.0,8216.0
2026-04-11,SC-F-ORIG-Q-75x66x5,B0G256TCF3,Original Mattress,Mattress,1,11985.0,950.0,12935.0,11596.0
2026-04-11,SC-F-ORIG-S-72x36x4,B0G71BGCB3,Original Mattress,Mattress,1,5580.0,810.0,6390.0,5580.0
2026-04-11,SC-F-PROT-Q-75x60,B0822WH47T,Protector,Bedding,6,6392.0,846.0,7238.0,6072.0
2026-04-11,SC-F-PROT-Q-78x60,B0822WJWGS,Protector,Bedding,3,2397.0,423.0,2820.0,2397.0
2026-04-11,SC-F-S2CLPILW27x18,B08R7MX63N,Cloud Pillow,Pillows,2,3299.0,422.0,3721.0,2857.0
2026-04-11,SC-F-S2MFPILW-26x16x4,B08R8DC5BB,Memory Foam Pillow,Pillows,2,3832.0,422.0,4254.0,3832.0
2026-04-11,SC-F-SMFPILWSET1-BAM-S-22x14,B0F1Y416FR,Small Memory Foam Pillow,Pillows,1,851.0,148.0,999.0,851.0
2026-04-11,SC-F-SUMLMCOMF-D-90x100,B0FCMF85YC,Summer AC Comforter,Bedding,1,1709.0,290.0,1999.0,1709.0
2026-04-11,SC-F-TBLPILWCS-S-28x18,B0CWLCGJDC,Cotton Pillow Case,Bedding,1,378.0,144.0,522.0,378.0
2026-04-11,SC-F-ULTM-LATEX-K-78x72x8,B0D58NBSN9,Ultima Latex Mattress,Mattress,1,30044.0,1430.0,31474.0,29289.0
2026-04-11,SC-MFPILW-BAM-C-25x16,B09XFF5LPL,Contour Bamboo MF Pillow,Pillows,1,851.0,148.0,999.0,851.0
2026-04-11,SC-PILLOW,B0822SXQGH,Memory Foam Pillow,Pillows,10,10466.0,2110.0,12576.0,8831.0
2026-04-11,SC-ULTM-K-72x72x8,B09XGNVVYK,Ultima Mattress,Mattress,1,21923.0,1430.0,23353.0,21455.0
2026-04-11,SC-ULTM-K-78x72x10,B09XGSHBKJ,Ultima Mattress,Mattress,1,25569.0,1430.0,26999.0,24968.0
2026-04-11,SC-ULTM-K-78x72x8,B09XGRWRST,Ultima Mattress,Mattress,3,65835.0,4290.0,70125.0,60655.0
2026-04-11,SC-ULTM-Q-75x60x8,B09XGPK5MG,Ultima Mattress,Mattress,1,19269.0,1430.0,20699.0,18045.0
2026-04-11,SC72366,B078BRGTDM,Original Mattress,Mattress,1,7613.0,810.0,8423.0,6939.0
2026-04-11,SC72726,B077QJVWBR,Original Mattress,Mattress,3,40814.0,3690.0,44504.0,39117.0
2026-04-11,SC75726,B0732TFNYC,Original Mattress,Mattress,1,13791.0,1230.0,15021.0,12243.0
2026-04-11,SC78606,B0732WFNVL,Original Mattress,Mattress,2,24317.0,1900.0,26217.0,22875.0
2026-04-11,SC78726,B0732Y4N37,Original Mattress,Mattress,2,27906.0,2460.0,30366.0,26691.0
2026-04-11,SCP72608,B07MHZTP8Q,Original Mattress,Mattress,1,13224.0,1230.0,14454.0,12907.0
2026-04-11,SCP78728,B07JM7GQG4,Original Mattress,Mattress,2,31882.0,2460.0,34342.0,30350.0
2026-04-11,SCPROD75x48,B0822XBCF1,Protector,Bedding,2,1366.0,282.0,1648.0,1366.0
2026-04-11,SCPROK78x72,B0822WWZRV,Protector,Bedding,7,6232.0,1337.0,7569.0,5758.0
2026-04-12,SC-BKNECKPILW-S-10x9,B0CJ9G9XVQ,Travel Neck Pillow,Pillows,1,845.0,154.0,999.0,845.0
2026-04-12,SC-F-4TFOLD-BL-72X36,B0FHF2DKQZ,Tri-fold Mattress,Mattress,2,8422.0,1620.0,10042.0,8286.0
2026-04-12,SC-F-4TFOLD-BL-72X48,B0FHF65C2R,Tri-fold Mattress,Mattress,2,10678.0,1620.0,12298.0,10066.0
2026-04-12,SC-F-CLPILW27x18,B08KT1QRHJ,Cloud Pillow,Pillows,1,851.0,148.0,999.0,851.0
2026-04-12,SC-F-CON-MFPILWS2-BAM-24x14,B09XFG77VR,Contour Bamboo MF Pillow,Pillows,1,1688.0,211.0,1899.0,1688.0
2026-04-12,SC-F-HYB-LATEX-D-72x48x6,B09XFLYZ66,Hybrid Latex Mattress,Mattress,3,32175.0,2850.0,35025.0,28968.0
2026-04-12,SC-F-HYB-LATEX-K-72x72x6,B09XGDZQPC,Hybrid Latex Mattress,Mattress,2,30052.0,2460.0,32512.0,27340.0
2026-04-12,SC-F-HYB-LATEX-K-72x72x8,B09XFMGSKV,Hybrid Latex Mattress,Mattress,1,17828.0,1430.0,19258.0,17255.0
2026-04-12,SC-F-HYB-LATEX-K-78x72x6,B09XFKM8V6,Hybrid Latex Mattress,Mattress,3,48471.0,3690.0,52161.0,45209.0
2026-04-12,SC-F-HYB-LATEX-K-78x72x8,B09XGCSRXY,Hybrid Latex Mattress,Mattress,6,112501.0,8580.0,121081.0,106058.0
2026-04-12,SC-F-HYB-LATEX-Q-75x60x6,B09XGK6Q4L,Hybrid Latex Mattress,Mattress,3,40743.0,3690.0,44433.0,36853.0
2026-04-12,SC-F-HYB-LATEX-Q-75x60x8,B09XFRNJCD,Hybrid Latex Mattress,Mattress,1,15401.0,1230.0,16631.0,13611.0
2026-04-12,SC-F-HYB-LATEX-Q-78x60x6,B09XGPZKTZ,Hybrid Latex Mattress,Mattress,2,27985.0,2460.0,30445.0,25971.0
2026-04-12,SC-F-HYB-LATEX-S-72x36x6,B09XFMX37N,Hybrid Latex Mattress,Mattress,1,8765.0,950.0,9715.0,8487.0
2026-04-12,SC-F-HYB-LATEX-S-75x36x6,B09XFLCPM3,Hybrid Latex Mattress,Mattress,1,8849.0,950.0,9799.0,8849.0
2026-04-12,SC-F-HYBPILWSET2-S-26x16,B09XF52Y5P,Hybrid Pillow,Pillows,1,3262.0,211.0,3473.0,3262.0
2026-04-12,SC-F-LITEPILWPSET2-S-27X17,B0CV17V482,Fiber Lite,Pillows,2,1398.0,296.0,1694.0,1398.0
2026-04-12,SC-F-LTX-ORTHO-K-78x72x5,B0G7JCBDJJ,Latex Ortho Mattress,Mattress,1,12902.0,950.0,13852.0,12902.0
2026-04-12,SC-F-ORIG-D-72x48x4,B0G71HHRVT,Original Mattress,Mattress,1,7084.0,810.0,7894.0,6610.0
2026-04-12,SC-F-ORIG-K-75x70x6,B0F2THTPGB,Original Mattress,Mattress,1,13791.0,1230.0,15021.0,12452.0
2026-04-12,SC-F-ORIG-K-78x72x4,B0G722YTNC,Original Mattress,Mattress,1,10770.0,950.0,11720.0,10770.0
2026-04-12,SC-F-ORIG-K-84x72x6,B0BB72TBNX,Original Mattress,Mattress,1,14134.0,1230.0,15364.0,12904.0
2026-04-12,SC-F-ORIG-Q-72x60x4,B0G71QJRXS,Original Mattress,Mattress,1,8245.0,810.0,9055.0,7973.0
2026-04-12,SC-F-ORIG-S-72x30x8,B0BB72XRJ6,Original Mattress,Mattress,1,7613.0,810.0,8423.0,7370.0
2026-04-12,SC-F-PROT-K-75x72,B0822W6ZCG,Protector,Bedding,1,844.0,191.0,1035.0,844.0
2026-04-12,SC-F-PROT-Q-75x60,B0822WH47T,Protector,Bedding,3,2397.0,423.0,2820.0,2318.0
2026-04-12,SC-F-PROT-Q-78x60,B0822WJWGS,Protector,Bedding,1,799.0,141.0,940.0,799.0
2026-04-12,SC-F-S2CLPILW27x18,B08R7MX63N,Cloud Pillow,Pillows,1,1688.0,211.0,1899.0,1688.0
2026-04-12,SC-F-S2MFPILW-26x16x4,B08R8DC5BB,Memory Foam Pillow,Pillows,2,3812.0,422.0,4234.0,3812.0
2026-04-12,SC-F-S4MFPILW-26x16x4,B08R8DQ3T4,Memory Foam Pillow,Pillows,1,3570.0,211.0,3781.0,3570.0
2026-04-12,SC-F-TBLFTDSHEET-S-72x36,B0CWD8Y3BH,Cotton Fitted Bedsheet,Bedding,1,940.0,198.0,1138.0,940.0
2026-04-12,SC-F-ULTM-LATEX-K-78x72x10,B0D58MW6Z4,Ultima Latex Mattress,Mattress,2,67338.0,2860.0,70198.0,65232.0
2026-04-12,SC-F-ULTM-LATEX-K-78x72x8,B0D58NBSN9,Ultima Latex Mattress,Mattress,1,30069.0,1430.0,31499.0,27207.0
2026-04-12,SC-F-ULTM-LATEX-Q-78x60x8,B0D58N5B2F,Ultima Latex Mattress,Mattress,1,27365.0,1430.0,28795.0,25039.0
2026-04-12,SC-FK-PBC-BLACK,B0GLG771PX,Mobility,Mobility,1,1349.0,250.0,1599.0,1256.0
2026-04-12,SC-MFPILW-BAM-C-25x16,B09XFF5LPL,Contour Bamboo MF Pillow,Pillows,2,1694.0,296.0,1990.0,1694.0
2026-04-12,SC-PILLOW,B0822SXQGH,Memory Foam Pillow,Pillows,9,11281.0,1899.0,13180.0,9861.0
2026-04-12,SC-SLMPILW-S-26x16,B09XBMFFZY,Slim Pillow,Pillows,2,1567.0,296.0,1863.0,1324.0
2026-04-12,SC-ULTM-Q-78x60x8,B09XGNTMB7,Ultima Mattress,Mattress,1,19219.0,1430.0,20649.0,17055.0
2026-04-12,SC72486,B077Q9YRMY,Original Mattress,Mattress,1,9417.0,950.0,10367.0,9417.0
2026-04-12,SC72726,B077QJVWBR,Original Mattress,Mattress,2,27254.0,2460.0,29714.0,24606.0
2026-04-12,SC75486,B077Q8RLCP,Original Mattress,Mattress,1,9579.0,950.0,10529.0,9263.0
2026-04-12,SC75606,B0732TMKP8,Original Mattress,Mattress,2,24018.0,1900.0,25918.0,22155.0
2026-04-12,SC75726,B0732TFNYC,Original Mattress,Mattress,1,13791.0,1230.0,15021.0,12919.0
2026-04-12,SC78606,B0732WFNVL,Original Mattress,Mattress,1,12171.0,950.0,13121.0,11777.0
2026-04-12,SC78726,B0732Y4N37,Original Mattress,Mattress,1,13953.0,1230.0,15183.0,13071.0
2026-04-12,SCP72488,B07PVC8NR5,Original Mattress,Mattress,1,10794.0,950.0,11744.0,10794.0
2026-04-12,SCP72728,B07M72KSRM,Original Mattress,Mattress,5,76437.0,6150.0,82587.0,73972.0
2026-04-12,SCP75608,B07MBSJ553,Original Mattress,Mattress,1,13629.0,1230.0,14859.0,13191.0
2026-04-12,SCP78728,B07JM7GQG4,Original Mattress,Mattress,1,15904.0,1230.0,17134.0,15388.0
2026-04-12,SCPROK78x72,B0822WWZRV,Protector,Bedding,6,5388.0,1146.0,6534.0,4798.0
2026-04-13,SC-78x60x10,B09BFD1ZB3,Original Mattress,Mattress,1,15617.0,1230.0,16847.0,15160.0
2026-04-13,SC-BKNECKPILW-S-10x9,B0CJ9G9XVQ,Travel Neck Pillow,Pillows,1,812.0,154.0,966.0,812.0
2026-04-13,SC-F-BDPILW19x50,B08KS2YSFR,Cuddle Pillow,Pillows,1,1487.0,211.0,1698.0,1487.0
2026-04-13,SC-F-CON-MFPILWS2-BAM-24x14,B09XFG77VR,Contour Bamboo MF Pillow,Pillows,2,3376.0,422.0,3798.0,3376.0
2026-04-13,SC-F-HYB-LATEX-D-72x48x6,B09XFLYZ66,Hybrid Latex Mattress,Mattress,1,10725.0,950.0,11675.0,10374.0
2026-04-13,SC-F-HYB-LATEX-D-72x48x8,B09XGGGNN9,Hybrid Latex Mattress,Mattress,1,12657.0,950.0,13607.0,12248.0
2026-04-13,SC-F-HYB-LATEX-K-72x70x6,B0F2TGQH37,Hybrid Latex Mattress,Mattress,1,15544.0,1230.0,16774.0,15088.0
2026-04-13,SC-F-HYB-LATEX-K-78x72x6,B09XFKM8V6,Hybrid Latex Mattress,Mattress,1,16157.0,1230.0,17387.0,14765.0
2026-04-13,SC-F-HYB-LATEX-K-78x72x8,B09XGCSRXY,Hybrid Latex Mattress,Mattress,1,18749.0,1430.0,20179.0,16801.0
2026-04-13,SC-F-HYB-LATEX-Q-72x60x6,B09XGNVN9N,Hybrid Latex Mattress,Mattress,1,13329.0,1230.0,14559.0,12900.0
2026-04-13,SC-F-HYB-LATEX-Q-72x60x8,B09XFN2QX3,Hybrid Latex Mattress,Mattress,3,45195.0,3690.0,48885.0,42506.0
2026-04-13,SC-F-HYB-LATEX-Q-75x60x6,B09XGK6Q4L,Hybrid Latex Mattress,Mattress,1,13581.0,1230.0,14811.0,13145.0
2026-04-13,SC-F-HYB-LATEX-Q-78x60x6,B09XGPZKTZ,Hybrid Latex Mattress,Mattress,1,14001.0,1230.0,15231.0,13552.0
2026-04-13,SC-F-HYBPILWSET2-S-26x16,B09XF52Y5P,Hybrid Pillow,Pillows,1,3188.0,211.0,3399.0,3120.0
2026-04-13,SC-F-LITEPILWPSET2-S-27X17,B0CV17V482,Fiber Lite,Pillows,3,2103.0,444.0,2547.0,2103.0
2026-04-13,SC-F-LTX-ORTHO-K-75X72X8,B0G3CC4M7Y,Latex Ortho Mattress,Mattress,1,17399.0,1230.0,18629.0,17399.0
2026-04-13,SC-F-LTX-ORTHO-Q-78X60X6,B0G3CTR224,Latex Ortho Mattress,Mattress,1,12909.0,950.0,13859.0,12909.0
2026-04-13,SC-F-MRQLTPROT-Q-72x60,B0GGSPZ6MX,Protector,Bedding,1,1233.0,191.0,1424.0,1233.0
2026-04-13,SC-F-ORIG-K-72x70x8,B0F2TGCPMR,Original Mattress,Mattress,1,15256.0,1230.0,16486.0,13524.0
2026-04-13,SC-F-ORIG-K-84x72x6,B0BB72TBNX,Original Mattress,Mattress,1,14159.0,1230.0,15389.0,13697.0
2026-04-13,SC-F-ORIG-Q-72x60x4,B0G71QJRXS,Original Mattress,Mattress,1,8245.0,810.0,9055.0,8245.0
2026-04-13,SC-F-ORIG-Q-75x60x5,B0G256HLCB,Original Mattress,Mattress,1,10845.0,950.0,11795.0,10845.0
2026-04-13,SC-F-PROT-Q-72x66,B0822VBPYC,Protector,Bedding,1,856.0,141.0,997.0,856.0
2026-04-13,SC-F-PROT-Q-78x60,B0822WJWGS,Protector,Bedding,2,1598.0,282.0,1880.0,1523.0
2026-04-13,SC-F-PROT-S-72x36,B0822W49Z9,Protector,Bedding,2,1218.0,282.0,1500.0,1218.0
2026-04-13,SC-F-PRPNPILWCS-C-52x20,B0CWL63BQ3,Cotton Pillow Case,Bedding,1,390.0,104.0,494.0,360.0
2026-04-13,SC-F-S2CLPILW27x18,B08R7MX63N,Cloud Pillow,Pillows,1,1688.0,211.0,1899.0,1688.0
2026-04-13,SC-F-SMFPILWSET1-BAM-S-22x14,B0F1Y416FR,Small Memory Foam Pillow,Pillows,2,3404.0,296.0,3700.0,3404.0
2026-04-13,SC-MFPILW-BAM-C-25x16,B09XFF5LPL,Contour Bamboo MF Pillow,Pillows,6,5056.0,888.0,5944.0,4981.0
2026-04-13,SC-PILLOW,B0822SXQGH,Memory Foam Pillow,Pillows,6,7053.0,1266.0,8319.0,6077.0
2026-04-13,SC-ULTM-K-78x72x10,B09XGSHBKJ,Ultima Mattress,Mattress,1,25569.0,1430.0,26999.0,23432.0
2026-04-13,SC-ULTM-Q-75x60x8,B09XGPK5MG,Ultima Mattress,Mattress,1,19269.0,1430.0,20699.0,17855.0
2026-04-13,SC72606,B078BNQ7M4,Original Mattress,Mattress,3,35298.0,2850.0,38148.0,33731.0
2026-04-13,SC75606,B0732TMKP8,Original Mattress,Mattress,1,12009.0,950.0,12959.0,10648.0
2026-04-13,SC78726,B0732Y4N37,Original Mattress,Mattress,5,69665.0,6150.0,75815.0,63997.0
2026-04-13,SCP72608,B07MHZTP8Q,Original Mattress,Mattress,2,26448.0,2460.0,28908.0,24495.0
2026-04-13,SCP72728,B07M72KSRM,Original Mattress,Mattress,1,14879.0,1230.0,16109.0,14383.0
2026-04-13,SCP75608,B07MBSJ553,Original Mattress,Mattress,1,13629.0,1230.0,14859.0,13191.0
2026-04-13,SCP75728,B07MHZVDNP,Original Mattress,Mattress,1,15698.0,1230.0,16928.0,14851.0
2026-04-13,SCP78608,B07JN4C3NB,Original Mattress,Mattress,1,14034.0,1230.0,15264.0,13584.0
2026-04-13,SCP78728,B07JM7GQG4,Original Mattress,Mattress,3,47798.0,3690.0,51488.0,44408.0
2026-04-13,SCPROD75x48,B0822XBCF1,Protector,Bedding,1,704.0,141.0,845.0,636.0
2026-04-13,SCPROK78x72,B0822WWZRV,Protector,Bedding,2,1796.0,382.0,2178.0,1796.0
2026-04-14,SC-F-4TFOLD-BL-72X36,B0FHF2DKQZ,Tri-fold Mattress,Mattress,3,12783.0,2430.0,15213.0,12340.0
2026-04-14,SC-F-CLPILW27x18,B08KT1QRHJ,Cloud Pillow,Pillows,2,1651.0,296.0,1947.0,1651.0
2026-04-14,SC-F-CON-MFPILWS2-BAM-24x14,B09XFG77VR,Contour Bamboo MF Pillow,Pillows,2,3343.0,422.0,3765.0,3343.0
2026-04-14,SC-F-CTR-LTX-BAM-24x16,B0F2N7Q9H3,Contour Latex Pillow,Pillows,1,2188.0,211.0,2399.0,2188.0
2026-04-14,SC-F-HYB-LATEX-D-72x48x6,B09XFLYZ66,Hybrid Latex Mattress,Mattress,1,10725.0,950.0,11675.0,9807.0
2026-04-14,SC-F-HYB-LATEX-D-72x48x8,B09XGGGNN9,Hybrid Latex Mattress,Mattress,1,12657.0,950.0,13607.0,12287.0
2026-04-14,SC-F-HYB-LATEX-D-78x48x6,B09XGGGFCX,Hybrid Latex Mattress,Mattress,1,11360.0,950.0,12310.0,11084.0
2026-04-14,SC-F-HYB-LATEX-K-72x72x6,B09XGDZQPC,Hybrid Latex Mattress,Mattress,4,60107.0,4920.0,65027.0,58151.0
2026-04-14,SC-F-HYB-LATEX-K-72x72x8,B09XFMGSKV,Hybrid Latex Mattress,Mattress,1,17812.0,1430.0,19242.0,17239.0
2026-04-14,SC-F-HYB-LATEX-K-75x72x8,B09XFL1FR1,Hybrid Latex Mattress,Mattress,1,18257.0,1430.0,19687.0,17672.0
2026-04-14,SC-F-HYB-LATEX-K-78x72x6,B09XFKM8V6,Hybrid Latex Mattress,Mattress,2,32283.0,2460.0,34743.0,29892.0
2026-04-14,SC-F-HYB-LATEX-K-78x72x8,B09XGCSRXY,Hybrid Latex Mattress,Mattress,3,56280.0,4290.0,60570.0,54635.0
2026-04-14,SC-F-HYB-LATEX-Q-72x60x6,B09XGNVN9N,Hybrid Latex Mattress,Mattress,1,13329.0,1230.0,14559.0,12900.0
2026-04-14,SC-F-HYB-LATEX-Q-75x60x6,B09XGK6Q4L,Hybrid Latex Mattress,Mattress,1,13578.0,1230.0,14808.0,13184.0
2026-04-14,SC-F-HYB-LATEX-Q-75x60x8,B09XFRNJCD,Hybrid Latex Mattress,Mattress,2,30802.0,2460.0,33262.0,29852.0
2026-04-14,SC-F-HYB-LATEX-Q-78x60x6,B09XGPZKTZ,Hybrid Latex Mattress,Mattress,1,14001.0,1230.0,15231.0,12391.0
2026-04-14,SC-F-HYB-LATEX-Q-78x60x8,B09XFL1H1T,Hybrid Latex Mattress,Mattress,1,15730.0,1230.0,16960.0,15220.0
2026-04-14,SC-F-HYBPILWSET2-S-26x16,B09XF52Y5P,Hybrid Pillow,Pillows,2,13128.0,422.0,13550.0,13128.0
2026-04-14,SC-F-LITEPILWPSET2-S-27X17,B0CV17V482,Fiber Lite,Pillows,1,701.0,148.0,849.0,701.0
2026-04-14,SC-F-LTX-ORTHO-D-72X48X8,B0G3CY2MBY,Latex Ortho Mattress,Mattress,1,11800.0,950.0,12750.0,10242.0
2026-04-14,SC-F-LTX-ORTHO-K-75X72X8,B0G3CC4M7Y,Latex Ortho Mattress,Mattress,1,17399.0,1230.0,18629.0,16180.0
2026-04-14,SC-F-LTX-ORTHO-K-78X72X8,B0G3D21NYY,Latex Ortho Mattress,Mattress,2,34763.0,2460.0,37223.0,33085.0
2026-04-14,SC-F-OBCHPILWCS-C-52x20,B0CWL8DB4C,Cotton Pillow Case,Bedding,1,396.0,153.0,549.0,328.0
2026-04-14,SC-F-ORIG-D-75x48x5,B0G2565L5B,Original Mattress,Mattress,1,9483.0,950.0,10433.0,8857.0
2026-04-14,SC-F-ORIG-K-72x70x8,B0F2TGCPMR,Original Mattress,Mattress,1,15293.0,1230.0,16523.0,14797.0
2026-04-14,SC-F-ORIG-K-72x72x4,B0G726PGD2,Original Mattress,Mattress,1,10025.0,950.0,10975.0,8927.0
2026-04-14,SC-F-ORIG-K-84x72x8,B0BB75FZXB,Original Mattress,Mattress,1,16589.0,1230.0,17819.0,16105.0
2026-04-14,SC-F-ORIG-Q-72x66x8,B0B6CKXX6W,Original Mattress,Mattress,1,14807.0,1230.0,16037.0,14449.0
2026-04-14,SC-F-ORIG-Q-75x60x5,B0G256HLCB,Original Mattress,Mattress,2,21618.0,1900.0,23518.0,21618.0
2026-04-14,SC-F-ORIG-Q-78x60x4,B0G71QBLSG,Original Mattress,Mattress,1,8776.0,950.0,9726.0,8776.0
2026-04-14,SC-F-PROT-Q-75x60,B0822WH47T,Protector,Bedding,1,799.0,141.0,940.0,799.0
2026-04-14,SC-F-PROT-Q-75x66,B0822V9JY7,Protector,Bedding,1,856.0,141.0,997.0,856.0
2026-04-14,SC-F-PROT-Q-78x60,B0822WJWGS,Protector,Bedding,1,752.0,141.0,893.0,752.0
2026-04-14,SC-F-PRPNFTDSHEET-S-72x36,B0CWD4B59K,Cotton Fitted Bedsheet,Bedding,2,3760.0,396.0,4156.0,3760.0
2026-04-14,SC-F-PRPNPILWCS-C-52x20,B0CWL63BQ3,Cotton Pillow Case,Bedding,1,390.0,104.0,494.0,390.0
2026-04-14,SC-F-S2CLPILW27x18,B08R7MX63N,Cloud Pillow,Pillows,2,3359.0,422.0,3781.0,3359.0
2026-04-14,SC-F-S2MFPILW-26x16x4,B08R8DC5BB,Memory Foam Pillow,Pillows,2,3782.0,422.0,4204.0,3782.0
2026-04-14,SC-F-S4MFPILW-26x16x4,B08R8DQ3T4,Memory Foam Pillow,Pillows,1,3570.0,211.0,3781.0,3570.0
2026-04-14,SC-F-SUPRSOFTPILW-S-25x16,B0CRHS55FC,Marshmallow Pillow,Pillows,2,5952.0,422.0,6374.0,5952.0
2026-04-14,SC-F-ULTM-LATEX-K-78x72x8,B0D58NBSN9,Ultima Latex Mattress,Mattress,1,30069.0,1430.0,31499.0,28124.0
2026-04-14,SC-MFPILW-BAM-C-25x16,B09XFF5LPL,Contour Bamboo MF Pillow,Pillows,3,2503.0,444.0,2947.0,2503.0
2026-04-14,SC-PETBEDORTHO-M.Red-L-48X24,B0FSTDKK48,Pet Bed,Beds,1,2155.0,352.0,2507.0,1964.0
2026-04-14,SC-PILLOW,B0822SXQGH,Memory Foam Pillow,Pillows,1,888.0,211.0,1099.0,888.0
2026-04-14,SC-ULTM-Q-72x60x10,B09XGTCS7M,Ultima Mattress,Mattress,1,21969.0,1430.0,23399.0,21267.0
2026-04-14,SC-ULTM-Q-78x60x8,B09XGNTMB7,Ultima Mattress,Mattress,1,19269.0,1430.0,20699.0,16952.0
2026-04-14,SC72366,B078BRGTDM,Original Mattress,Mattress,2,15226.0,1620.0,16846.0,14321.0
2026-04-14,SC72726,B077QJVWBR,Original Mattress,Mattress,2,27258.0,2460.0,29718.0,24118.0
2026-04-14,SC75606,B0732TMKP8,Original Mattress,Mattress,2,23504.0,1900.0,25404.0,21490.0
2026-04-14,SC75726,B0732TFNYC,Original Mattress,Mattress,1,13791.0,1230.0,15021.0,12204.0
2026-04-14,SC78606,B0732WFNVL,Original Mattress,Mattress,1,12171.0,950.0,13121.0,11777.0
2026-04-14,SC78726,B0732Y4N37,Original Mattress,Mattress,2,27906.0,2460.0,30366.0,27053.0
2026-04-14,SCP75608,B07MBSJ553,Original Mattress,Mattress,2,27254.0,2460.0,29714.0,25247.0
2026-04-14,SCP75728,B07MHZVDNP,Original Mattress,Mattress,3,47078.0,3690.0,50768.0,44240.0
2026-04-14,SCP78728,B07JM7GQG4,Original Mattress,Mattress,1,15941.0,1230.0,17171.0,14791.0
2026-04-14,SCPROK78x72,B0822WWZRV,Protector,Bedding,7,6286.0,1337.0,7623.0,6286.0
2026-04-15,SC-F-4TFOLD-BL-72X48,B0FHF65C2R,Tri-fold Mattress,Mattress,3,16017.0,2430.0,18447.0,15183.0
2026-04-15,SC-F-CLD-SPR-K-75x72x8,B0DGTCXZ9M,Cloud Spring Mattress,Mattress,1,25569.0,1430.0,26999.0,24759.0
2026-04-15,SC-F-CON-MFPILWS2-BAM-24x14,B09XFG77VR,Contour Bamboo MF Pillow,Pillows,2,3376.0,422.0,3798.0,3376.0
2026-04-15,SC-F-HYB-LATEX-D-72x48x8,B09XGGGNN9,Hybrid Latex Mattress,Mattress,1,12615.0,950.0,13565.0,12206.0
2026-04-15,SC-F-HYB-LATEX-K-78x72x6,B09XFKM8V6,Hybrid Latex Mattress,Mattress,4,64579.0,4920.0,69499.0,60989.0
2026-04-15,SC-F-HYB-LATEX-K-78x72x8,B09XGCSRXY,Hybrid Latex Mattress,Mattress,2,37522.0,2860.0,40382.0,36322.0
2026-04-15,SC-F-HYB-LATEX-Q-72x60x6,B09XGNVN9N,Hybrid Latex Mattress,Mattress,2,26438.0,2460.0,28898.0,23847.0
2026-04-15,SC-F-HYB-LATEX-Q-72x60x8,B09XFN2QX3,Hybrid Latex Mattress,Mattress,2,30105.0,2460.0,32565.0,28337.0
2026-04-15,SC-F-HYB-LATEX-Q-75x60x6,B09XGK6Q4L,Hybrid Latex Mattress,Mattress,1,13581.0,1230.0,14811.0,13145.0
2026-04-15,SC-F-HYB-LATEX-Q-78x60x6,B09XGPZKTZ,Hybrid Latex Mattress,Mattress,1,13979.0,1230.0,15209.0,13573.0
2026-04-15,SC-F-HYB-LATEX-Q-78x60x8,B09XFL1H1T,Hybrid Latex Mattress,Mattress,1,15737.0,1230.0,16967.0,13910.0
2026-04-15,SC-F-LTX-ORTHO-Q-75X60X8,B0G3CTX1NC,Latex Ortho Mattress,Mattress,1,14519.0,1230.0,15749.0,13518.0
2026-04-15,SC-F-MAZEMUSLN-S-59x85,B09XLS3TTP,Muslin Throws,Bedding,1,2407.0,192.0,2599.0,2407.0
2026-04-15,SC-F-NBQLTPROT-D-78x60,,SC-F-NBQLTPROT-D-78x60,Other,1,1233.0,191.0,1424.0,1233.0
2026-04-15,SC-F-ORIG-K-75x70x8,B0F2TJ7SY4,Original Mattress,Mattress,1,15423.0,1230.0,16653.0,14963.0
2026-04-15,SC-F-ORIG-K-78x72x4,B0G722YTNC,Original Mattress,Mattress,1,10770.0,950.0,11720.0,10066.0
2026-04-15,SC-F-ORIG-Q-72x60x4,B0G71QJRXS,Original Mattress,Mattress,2,16490.0,1620.0,18110.0,15538.0
2026-04-15,SC-F-ORIG-Q-78x60x4,B0G71QBLSG,Original Mattress,Mattress,1,8780.0,950.0,9730.0,8300.0
2026-04-15,SC-F-ORIG-S-72x30x6,B0BB7575JC,Original Mattress,Mattress,1,6803.0,810.0,7613.0,6596.0
2026-04-15,SC-F-ORIG-S-72x36x5,B0G255BCC2,Original Mattress,Mattress,1,7281.0,810.0,8091.0,7281.0
2026-04-15,SC-F-PROT-K-72x72,B0822WG76C,Protector,Bedding,2,1688.0,382.0,2070.0,1688.0
2026-04-15,SC-F-PROT-K-75x72,B0822W6ZCG,Protector,Bedding,1,844.0,191.0,1035.0,844.0
2026-04-15,SC-F-PROT-Q-75x60,B0822WH47T,Protector,Bedding,1,799.0,141.0,940.0,799.0
2026-04-15,SC-F-PRPNPILWCS-S-28x18,B0CWL52SCG,Cotton Pillow Case,Bedding,1,391.0,153.0,544.0,391.0
2026-04-15,SC-F-S2CLPILW27x18,B08R7MX63N,Cloud Pillow,Pillows,3,5064.0,633.0,5697.0,5064.0
2026-04-15,SC-F-SLSTPILWCS-S-28x18,B0CWKZHV5T,Cotton Pillow Case,Bedding,1,496.0,153.0,649.0,496.0
2026-04-15,SC-F-TBLPILWCS-S-28x18,B0CWLCGJDC,Cotton Pillow Case,Bedding,1,405.0,144.0,549.0,405.0
2026-04-15,SC-FK-LSC-BL,B0FMNM4TKZ,Mobility,Mobility,1,832.0,167.0,999.0,832.0
2026-04-15,SC-FK-PSC-BL,B0FMP5Y17Y,Mobility,Mobility,1,1788.0,211.0,1999.0,1788.0
2026-04-15,SC-MFPILW-BAM-C-25x16,B09XFF5LPL,Contour Bamboo MF Pillow,Pillows,4,3378.0,592.0,3970.0,3378.0
2026-04-15,SC-PETBEDORTHO-M.Red-XL-52X28,B09XXW2K8T,Pet Bed,Beds,1,2873.0,352.0,3225.0,2711.0
2026-04-15,SC-PILLOW,B0822SXQGH,Memory Foam Pillow,Pillows,6,5218.0,1266.0,6484.0,5218.0
2026-04-15,SC-ULTM-D-75x48x8,B09XGGGP3H,Ultima Mattress,Mattress,1,15869.0,1230.0,17099.0,14029.0
2026-04-15,SC-ULTM-K-72x72x8,B09XGNVVYK,Ultima Mattress,Mattress,1,21969.0,1430.0,23399.0,21267.0
2026-04-15,SC72486,B077Q9YRMY,Original Mattress,Mattress,1,9417.0,950.0,10367.0,9105.0
2026-04-15,SC72726,B077QJVWBR,Original Mattress,Mattress,1,13629.0,1230.0,14859.0,13191.0
2026-04-15,SCP72608,B07MHZTP8Q,Original Mattress,Mattress,1,13193.0,1230.0,14423.0,12767.0
2026-04-15,SCP75608,B07MBSJ553,Original Mattress,Mattress,1,13629.0,1230.0,14859.0,12098.0
2026-04-15,SCP78728,B07JM7GQG4,Original Mattress,Mattress,4,63693.0,4920.0,68613.0,59447.0
2026-04-15,SCPROD75x48,B0822XBCF1,Protector,Bedding,2,1408.0,282.0,1690.0,1342.0
2026-04-15,SCPROK78x72,B0822WWZRV,Protector,Bedding,3,2688.0,573.0,3261.0,2688.0
2026-04-16,SC-BABY48244,B07Y37P1T3,Baby Mattress,Mattress,1,1792.0,457.0,2249.0,1741.0
2026-04-16,SC-F-4TFOLD-BL-72X48,B0FHF65C2R,Tri-fold Mattress,Mattress,5,26679.0,4050.0,30729.0,25298.0
2026-04-16,SC-F-75x72x10,B09BFC4KSB,Original Mattress,Mattress,1,17885.0,1430.0,19315.0,17311.0
2026-04-16,SC-F-COMF90x100,B08KTCGSQW,Reversible Comforter,Bedding,1,1695.0,330.0,2025.0,1695.0
2026-04-16,SC-F-CON-MFPILWS2-BAM-24x14,B09XFG77VR,Contour Bamboo MF Pillow,Pillows,1,1593.0,211.0,1804.0,1593.0
2026-04-16,SC-F-HYB-LATEX-K-72x72x6,B09XGDZQPC,Hybrid Latex Mattress,Mattress,1,15065.0,1230.0,16295.0,14576.0
2026-04-16,SC-F-HYB-LATEX-K-72x72x8,B09XFMGSKV,Hybrid Latex Mattress,Mattress,3,53511.0,4290.0,57801.0,51162.0
2026-04-16,SC-F-HYB-LATEX-K-75x72x6,B09XFLVCHN,Hybrid Latex Mattress,Mattress,1,15569.0,1230.0,16799.0,14250.0
2026-04-16,SC-F-HYB-LATEX-K-78x72x6,B09XFKM8V6,Hybrid Latex Mattress,Mattress,2,31707.0,2460.0,34167.0,29985.0
2026-04-16,SC-F-HYB-LATEX-K-78x72x8,B09XGCSRXY,Hybrid Latex Mattress,Mattress,3,56282.0,4290.0,60572.0,54740.0
2026-04-16,SC-F-HYB-LATEX-Q-72x60x6,B09XGNVN9N,Hybrid Latex Mattress,Mattress,1,13329.0,1230.0,14559.0,12941.0
2026-04-16,SC-F-HYB-LATEX-Q-78x60x6,B09XGPZKTZ,Hybrid Latex Mattress,Mattress,2,28002.0,2460.0,30462.0,27220.0
2026-04-16,SC-F-HYB-LATEX-Q-78x60x8,B09XFL1H1T,Hybrid Latex Mattress,Mattress,1,15688.0,1230.0,16918.0,14598.0
2026-04-16,SC-F-HYBPILWSET2-S-26x16,B09XF52Y5P,Hybrid Pillow,Pillows,1,3288.0,211.0,3499.0,3288.0
2026-04-16,SC-F-LITEPILWPSET2-S-27X17,B0CV17V482,Fiber Lite,Pillows,2,2804.0,296.0,3100.0,2804.0
2026-04-16,SC-F-LTX-ORTHO-K-72X72X8,B0G3C233F8,Latex Ortho Mattress,Mattress,1,16769.0,1230.0,17999.0,16769.0
2026-04-16,SC-F-LTX-ORTHO-S-78X36X6,B0G3CC68LG,Latex Ortho Mattress,Mattress,1,7739.0,810.0,8549.0,7353.0
2026-04-16,SC-F-MBJRFTDSHEET-K-78x72,B0CTTKFFPL,Jersey Fitted Bed sheet,Bedding,1,1801.0,198.0,1999.0,1801.0
2026-04-16,SC-F-ORIG-K-72x70x8,B0F2TGCPMR,Original Mattress,Mattress,1,15293.0,1230.0,16523.0,14845.0
2026-04-16,SC-F-ORIG-K-84x72x6,B0BB72TBNX,Original Mattress,Mattress,2,28250.0,2460.0,30710.0,27326.0
2026-04-16,SC-F-ORIG-Q-72x60x4,B0G71QJRXS,Original Mattress,Mattress,1,8245.0,810.0,9055.0,8245.0
2026-04-16,SC-F-ORIG-Q-75x60x5,B0G256HLCB,Original Mattress,Mattress,1,10832.0,950.0,11782.0,10083.0
2026-04-16,SC-F-PROT-K-72x72,B0822WG76C,Protector,Bedding,2,1688.0,382.0,2070.0,1688.0
2026-04-16,SC-F-PROT-K-75x72,B0822W6ZCG,Protector,Bedding,2,1637.0,382.0,2019.0,1637.0
2026-04-16,SC-F-PROT-Q-78x60,B0822WJWGS,Protector,Bedding,1,799.0,141.0,940.0,799.0
2026-04-16,SC-F-PROT-Q-78x66,B0822XLRG1,Protector,Bedding,2,1681.0,282.0,1963.0,1681.0
2026-04-16,SC-F-PROT-S-72x36,B0822W49Z9,Protector,Bedding,1,609.0,141.0,750.0,609.0
2026-04-16,SC-F-S2MFPILW-26x16x4,B08R8DC5BB,Memory Foam Pillow,Pillows,4,7473.0,844.0,8317.0,7473.0
2026-04-16,SC-F-S4MFPILW-26x16x4,B08R8DQ3T4,Memory Foam Pillow,Pillows,1,3588.0,211.0,3799.0,3588.0
2026-04-16,SC-F-SLMMFPILWSET1-BAM-S-25x15,B0GVF93GX9,Slim Pillow,Pillows,2,4812.0,422.0,5234.0,4812.0
2026-04-16,SC-F-SMFPILWSET1-BAM-S-22x14,B0F1Y416FR,Small Memory Foam Pillow,Pillows,1,851.0,148.0,999.0,851.0
2026-04-16,SC-F-ULTM-LATEX-K-75x72x8,B0D58LV9HN,Ultima Latex Mattress,Mattress,1,30069.0,1430.0,31499.0,30069.0
2026-04-16,SC-F-ULTM-LATEX-K-78x72x8,B0D58NBSN9,Ultima Latex Mattress,Mattress,1,30069.0,1430.0,31499.0,27662.0
2026-04-16,SC-FK-MFMTTOPPER-K-75x72x2,B0FHHWGGVS,Memory Foam Topper,Bedding,1,6785.0,329.0,7114.0,6710.0
2026-04-16,SC-FK-MFMTTOPPER-S-72x36x2,B0FHHXS6NJ,Memory Foam Topper,Bedding,1,3773.0,191.0,3964.0,3773.0
2026-04-16,SC-MFPILW-BAM-C-25x16,B09XFF5LPL,Contour Bamboo MF Pillow,Pillows,4,3404.0,592.0,3996.0,3404.0
2026-04-16,SC-MFPILWSET2-CLT-C-25x16,B09XFCSDC2,CoolTEC MF Pillow,Pillows,1,3588.0,211.0,3799.0,3588.0
2026-04-16,SC-PILLOW,B0822SXQGH,Memory Foam Pillow,Pillows,1,886.0,211.0,1097.0,886.0
2026-04-16,SC72606,B078BNQ7M4,Original Mattress,Mattress,1,11743.0,950.0,12693.0,11397.0
2026-04-16,SC75606,B0732TMKP8,Original Mattress,Mattress,2,24018.0,1900.0,25918.0,23018.0
2026-04-16,SC75726,B0732TFNYC,Original Mattress,Mattress,1,13791.0,1230.0,15021.0,13791.0
2026-04-16,SC78726,B0732Y4N37,Original Mattress,Mattress,2,27735.0,2460.0,30195.0,27330.0
2026-04-16,SCORIG-78x72x6,,SCORIG-78x72x6,Other,1,13953.0,1230.0,15183.0,13953.0
2026-04-16,SCP72368,B07PXG7NPX,Original Mattress,Mattress,1,8585.0,950.0,9535.0,8585.0
2026-04-16,SCP72488,B07PVC8NR5,Original Mattress,Mattress,1,10794.0,950.0,11744.0,10441.0
2026-04-16,SCP72608,B07MHZTP8Q,Original Mattress,Mattress,1,13197.0,1230.0,14427.0,12771.0
2026-04-16,SCP72728,B07M72KSRM,Original Mattress,Mattress,1,15293.0,1230.0,16523.0,14797.0
2026-04-16,SCP75728,B07MHZVDNP,Original Mattress,Mattress,1,15698.0,1230.0,16928.0,15190.0
2026-04-16,SCP78608,B07JN4C3NB,Original Mattress,Mattress,1,14034.0,1230.0,15264.0,13584.0
2026-04-16,SCP78728,B07JM7GQG4,Original Mattress,Mattress,4,63764.0,4920.0,68684.0,60025.0
2026-04-16,SCPROD75x48,B0822XBCF1,Protector,Bedding,1,704.0,141.0,845.0,704.0
2026-04-16,SCPROK78x72,B0822WWZRV,Protector,Bedding,6,5363.0,1146.0,6509.0,5363.0
2026-04-17,SC-F-4TFOLD-BL-72X48,B0FHF65C2R,Tri-fold Mattress,Mattress,1,5339.0,810.0,6149.0,5164.0
2026-04-17,SC-F-75x72x10,B09BFC4KSB,Original Mattress,Mattress,1,17785.0,1430.0,19215.0,17211.0
2026-04-17,SC-F-HYB-LATEX-D-72x48x6,B09XFLYZ66,Hybrid Latex Mattress,Mattress,2,21450.0,1900.0,23350.0,19777.0
2026-04-17,SC-F-HYB-LATEX-D-72x48x8,B09XGGGNN9,Hybrid Latex Mattress,Mattress,1,12657.0,950.0,13607.0,12248.0
2026-04-17,SC-F-HYB-LATEX-K-72x72x8,B09XFMGSKV,Hybrid Latex Mattress,Mattress,1,17837.0,1430.0,19267.0,17264.0
2026-04-17,SC-F-HYB-LATEX-K-75x72x6,B09XFLVCHN,Hybrid Latex Mattress,Mattress,1,15344.0,1230.0,16574.0,13554.0
2026-04-17,SC-F-HYB-LATEX-K-78x70x6,B0F2TGBG5V,Hybrid Latex Mattress,Mattress,1,15569.0,1230.0,16799.0,15113.0
2026-04-17,SC-F-HYB-LATEX-K-78x72x8,B09XGCSRXY,Hybrid Latex Mattress,Mattress,1,18761.0,1430.0,20191.0,18161.0
2026-04-17,SC-F-HYB-LATEX-Q-72x60x6,B09XGNVN9N,Hybrid Latex Mattress,Mattress,1,13329.0,1230.0,14559.0,12900.0
2026-04-17,SC-F-HYB-LATEX-Q-72x60x8,B09XFN2QX3,Hybrid Latex Mattress,Mattress,1,15065.0,1230.0,16295.0,14702.0
2026-04-17,SC-F-HYB-LATEX-Q-78x60x6,B09XGPZKTZ,Hybrid Latex Mattress,Mattress,3,41987.0,3690.0,45677.0,39529.0
2026-04-17,SC-F-HYB-LATEX-Q-78x60x8,B09XFL1H1T,Hybrid Latex Mattress,Mattress,1,15704.0,1230.0,16934.0,15243.0
2026-04-17,SC-F-LITEPILWPSET2-S-27X17,B0CV17V482,Fiber Lite,Pillows,2,1402.0,296.0,1698.0,1388.0
2026-04-17,SC-F-LTX-ORTHO-K-72X72X6,B0G3C251F1,Latex Ortho Mattress,Mattress,1,14519.0,1230.0,15749.0,13259.0
2026-04-17,SC-F-ORIG-K-72x70x6,B0F2TGN1KQ,Original Mattress,Mattress,1,13586.0,1230.0,14816.0,12020.0
2026-04-17,SC-F-ORIG-K-72x72x4,B0G726PGD2,Original Mattress,Mattress,1,9837.0,950.0,10787.0,9837.0
2026-04-17,SC-F-ORIG-K-75x70x6,B0F2THTPGB,Original Mattress,Mattress,1,13791.0,1230.0,15021.0,13348.0
2026-04-17,SC-F-ORIG-K-75x70x8,B0F2TJ7SY4,Original Mattress,Mattress,1,15698.0,1230.0,16928.0,14815.0
2026-04-17,SC-F-ORIG-K-78x72x4,B0G722YTNC,Original Mattress,Mattress,1,10770.0,950.0,11720.0,9310.0
2026-04-17,SC-F-ORIG-Q-72x60x5,B0G25BHBT6,Original Mattress,Mattress,2,20576.0,1900.0,22476.0,19120.0
2026-04-17,SC-F-PROT-K-72x72,B0822WG76C,Protector,Bedding,2,1688.0,382.0,2070.0,1688.0
2026-04-17,SC-F-PROT-Q-72x60,B0822X8LZY,Protector,Bedding,1,799.0,141.0,940.0,799.0
2026-04-17,SC-F-PROT-Q-75x60,B0822WH47T,Protector,Bedding,1,799.0,141.0,940.0,779.0
2026-04-17,SC-F-PROT-Q-78x60,B0822WJWGS,Protector,Bedding,2,1598.0,282.0,1880.0,1598.0
2026-04-17,SC-F-S2MFPILW-26x16x4,B08R8DC5BB,Memory Foam Pillow,Pillows,1,1916.0,211.0,2127.0,1916.0
2026-04-17,SC-F-S4MFPILW-26x16x4,B08R8DQ3T4,Memory Foam Pillow,Pillows,2,7176.0,422.0,7598.0,7176.0
2026-04-17,SC-F-SMFPILWSET1-BAM-S-22x14,B0F1Y416FR,Small Memory Foam Pillow,Pillows,2,1702.0,296.0,1998.0,1702.0
2026-04-17,SC-MFPILW-BAM-C-25x16,B09XFF5LPL,Contour Bamboo MF Pillow,Pillows,3,2512.0,444.0,2956.0,2469.0
2026-04-17,SC-PILLOW,B0822SXQGH,Memory Foam Pillow,Pillows,7,6134.0,1477.0,7611.0,5419.0
2026-04-17,SC-SLMPILW-S-26x16,B09XBMFFZY,Slim Pillow,Pillows,1,801.0,148.0,949.0,801.0
2026-04-17,SC-ULTM-S-72x30x8,B0B2RGMB2Z,Ultima Mattress,Mattress,1,11649.0,950.0,12599.0,11271.0
2026-04-17,SC72486,B077Q9YRMY,Original Mattress,Mattress,2,18830.0,1900.0,20730.0,18206.0
2026-04-17,SC72606,B078BNQ7M4,Original Mattress,Mattress,1,11766.0,950.0,12716.0,10748.0
2026-04-17,SC72726,B077QJVWBR,Original Mattress,Mattress,1,13629.0,1230.0,14859.0,12059.0
2026-04-17,SC78366,B0732Y4N38,Original Mattress,Mattress,1,8099.0,810.0,8909.0,7841.0
2026-04-17,SC78726,B0732Y4N37,Original Mattress,Mattress,1,13953.0,1230.0,15183.0,13505.0
2026-04-17,SCP72488,B07PVC8NR5,Original Mattress,Mattress,1,10794.0,950.0,11744.0,10794.0
2026-04-17,SCP72608,B07MHZTP8Q,Original Mattress,Mattress,2,26448.0,2460.0,28908.0,25596.0
2026-04-17,SCP78728,B07JM7GQG4,Original Mattress,Mattress,1,15880.0,1230.0,17110.0,15364.0
2026-04-17,SCPROD75x48,B0822XBCF1,Protector,Bedding,2,1408.0,282.0,1690.0,1345.0
2026-04-17,SCPROK78x72,B0822WWZRV,Protector,Bedding,2,1770.0,382.0,2152.0,1770.0
2026-04-18,SC-BABY48244,B07Y37P1T3,Baby Mattress,Mattress,1,1792.0,457.0,2249.0,1741.0
2026-04-18,SC-F-4TFOLD-BL-72X48,B0FHF65C2R,Tri-fold Mattress,Mattress,2,11128.0,1620.0,12748.0,10068.0
2026-04-18,SC-F-BDPILW19x50,B08KS2YSFR,Cuddle Pillow,Pillows,1,1459.0,211.0,1670.0,1459.0
2026-04-18,SC-F-CON-MFPILWS2-BAM-24x14,B09XFG77VR,Contour Bamboo MF Pillow,Pillows,2,3376.0,422.0,3798.0,3376.0
2026-04-18,SC-F-DYWHSTNPLWCS-P-32x20,B0CWZ9B4NQ,Satin Pillow Case,Bedding,2,2904.0,306.0,3210.0,2904.0
2026-04-18,SC-F-HYB-LATEX-D-72x48x6,B09XFLYZ66,Hybrid Latex Mattress,Mattress,1,10725.0,950.0,11675.0,9899.0
2026-04-18,SC-F-HYB-LATEX-D-72x48x8,B09XGGGNN9,Hybrid Latex Mattress,Mattress,1,12631.0,950.0,13581.0,12222.0
2026-04-18,SC-F-HYB-LATEX-K-72x72x6,B09XGDZQPC,Hybrid Latex Mattress,Mattress,1,15065.0,1230.0,16295.0,13311.0
2026-04-18,SC-F-HYB-LATEX-K-78x72x6,B09XFKM8V6,Hybrid Latex Mattress,Mattress,3,48446.0,3690.0,52136.0,44182.0
2026-04-18,SC-F-HYB-LATEX-K-78x72x8,B09XGCSRXY,Hybrid Latex Mattress,Mattress,2,37378.0,2860.0,40238.0,35614.0
2026-04-18,SC-F-HYB-LATEX-Q-72x60x6,B09XGNVN9N,Hybrid Latex Mattress,Mattress,1,13329.0,1230.0,14559.0,12615.0
2026-04-18,SC-F-HYB-LATEX-Q-72x60x8,B09XFN2QX3,Hybrid Latex Mattress,Mattress,1,15019.0,1230.0,16249.0,14530.0
2026-04-18,SC-F-HYB-LATEX-Q-75x60x8,B09XFRNJCD,Hybrid Latex Mattress,Mattress,2,30762.0,2460.0,33222.0,29431.0
2026-04-18,SC-F-HYB-LATEX-Q-78x60x6,B09XGPZKTZ,Hybrid Latex Mattress,Mattress,1,14001.0,1230.0,15231.0,12441.0
2026-04-18,SC-F-HYB-LATEX-Q-78x60x8,B09XFL1H1T,Hybrid Latex Mattress,Mattress,4,62948.0,4920.0,67868.0,58616.0
2026-04-18,SC-F-LITEPILWPSET2-S-27X17,B0CV17V482,Fiber Lite,Pillows,2,1360.0,296.0,1656.0,1324.0
2026-04-18,SC-F-LTX-ORTHO-D-75X48X6,B0G3CLHBKX,Latex Ortho Mattress,Mattress,1,10094.0,950.0,11044.0,10094.0
2026-04-18,SC-F-LTX-ORTHO-D-75X48X8,B0G3CJWFJ5,Latex Ortho Mattress,Mattress,1,12009.0,950.0,12959.0,9992.0
2026-04-18,SC-F-LTX-ORTHO-K-75x72x5,B0G7JNQ78N,Latex Ortho Mattress,Mattress,1,12369.0,950.0,13319.0,12369.0
2026-04-18,SC-F-LTX-ORTHO-K-78x72x5,B0G7JCBDJJ,Latex Ortho Mattress,Mattress,1,12909.0,950.0,13859.0,12909.0
2026-04-18,SC-F-LTX-ORTHO-S-78X36X6,B0G3CC68LG,Latex Ortho Mattress,Mattress,1,8189.0,810.0,8999.0,8189.0
2026-04-18,SC-F-ORIG-K-72x70x6,B0F2TGN1KQ,Original Mattress,Mattress,2,27158.0,2460.0,29618.0,25196.0
2026-04-18,SC-F-ORIG-K-72x72x4,B0G726PGD2,Original Mattress,Mattress,1,10005.0,950.0,10955.0,10005.0
2026-04-18,SC-F-ORIG-K-84x72x8,B0BB75FZXB,Original Mattress,Mattress,1,16589.0,1230.0,17819.0,16054.0
2026-04-18,SC-F-ORIG-Q-78x66x5,B0G254TRZH,Original Mattress,Mattress,1,12544.0,950.0,13494.0,12544.0
2026-04-18,SC-F-PROT-K-72x72,B0822WG76C,Protector,Bedding,2,1688.0,382.0,2070.0,1652.0
2026-04-18,SC-F-PROT-K-75x72,B0822W6ZCG,Protector,Bedding,1,844.0,191.0,1035.0,844.0
2026-04-18,SC-F-PROT-Q-75x60,B0822WH47T,Protector,Bedding,2,1598.0,282.0,1880.0,1520.0
2026-04-18,SC-F-PROT-Q-78x60,B0822WJWGS,Protector,Bedding,1,799.0,141.0,940.0,724.0
2026-04-18,SC-F-S2CLPILW27x18,B08R7MX63N,Cloud Pillow,Pillows,1,1688.0,211.0,1899.0,1688.0
2026-04-18,SC-F-S2MFPILW-26x16x4,B08R8DC5BB,Memory Foam Pillow,Pillows,2,3832.0,422.0,4254.0,3631.0
2026-04-18,SC-F-SLMMFPILWSET1-BAM-S-25x15,B0GVF93GX9,Slim Pillow,Pillows,3,6015.0,633.0,6648.0,6015.0
2026-04-18,SC-F-SMFPILWSET1-BAM-S-22x14,B0F1Y416FR,Small Memory Foam Pillow,Pillows,1,851.0,148.0,999.0,817.0
2026-04-18,SC-F-STD-LTX-BAM-24x16,B0F2SWXPMT,Standard Latex Pillow,Pillows,1,2118.0,211.0,2329.0,2118.0
2026-04-18,SC-F-ULTM-LATEX-Q-78x60x8,B0D58N5B2F,Ultima Latex Mattress,Mattress,1,27369.0,1430.0,28799.0,25043.0
2026-04-18,SC-MFPILW-BAM-C-25x16,B09XFF5LPL,Contour Bamboo MF Pillow,Pillows,7,5822.0,1036.0,6858.0,5625.0
2026-04-18,SC-PILLOW,B0822SXQGH,Memory Foam Pillow,Pillows,9,11498.0,1899.0,13397.0,9826.0
2026-04-18,SC-ULTM-D-72x48x8,B09XGF9LKQ,Ultima Mattress,Mattress,1,15869.0,1230.0,17099.0,15356.0
2026-04-18,SC-ULTM-D-78x48x8,B09XGPQKRQ,Ultima Mattress,Mattress,1,15869.0,1230.0,17099.0,14186.0
2026-04-18,SC-ULTM-K-78x72x8,B09XGRWRST,Ultima Mattress,Mattress,1,21896.0,1430.0,23326.0,21194.0
2026-04-18,SC-ULTM-Q-75x60x8,B09XGPK5MG,Ultima Mattress,Mattress,1,19269.0,1430.0,20699.0,18808.0
2026-04-18,SC72486,B077Q9YRMY,Original Mattress,Mattress,1,9417.0,950.0,10367.0,9105.0
2026-04-18,SC72606,B078BNQ7M4,Original Mattress,Mattress,2,23532.0,1900.0,25432.0,22768.0
2026-04-18,SC72726,B077QJVWBR,Original Mattress,Mattress,1,13629.0,1230.0,14859.0,13191.0
2026-04-18,SC78726,B0732Y4N37,Original Mattress,Mattress,2,27906.0,2460.0,30366.0,25147.0
2026-04-18,SCP72728,B07M72KSRM,Original Mattress,Mattress,2,30586.0,2460.0,33046.0,29642.0
2026-04-18,SCP75728,B07MHZVDNP,Original Mattress,Mattress,1,15698.0,1230.0,16928.0,13876.0
2026-04-18,SCP78728,B07JM7GQG4,Original Mattress,Mattress,2,31882.0,2460.0,34342.0,30261.0
2026-04-18,SCPROK78x72,B0822WWZRV,Protector,Bedding,3,2694.0,573.0,3267.0,2601.0
2026-04-19,SC-F-4TFOLD-BL-72X36,B0FHF2DKQZ,Tri-fold Mattress,Mattress,2,8578.0,1620.0,10198.0,8446.0
2026-04-19,SC-F-75x60x10,B09BFBRLLB,Original Mattress,Mattress,1,15536.0,1230.0,16766.0,15536.0
2026-04-19,SC-F-75x72x10,B09BFC4KSB,Original Mattress,Mattress,1,17885.0,1430.0,19315.0,17311.0
2026-04-19,SC-F-CLPILW27x18,B08KT1QRHJ,Cloud Pillow,Pillows,1,851.0,148.0,999.0,851.0
2026-04-19,SC-F-CON-MFPILW-CLT-24x14,B09XFFBND4,Contour Bamboo MF Pillow,Pillows,1,1788.0,211.0,1999.0,1788.0
2026-04-19,SC-F-CON-MFPILWS2-BAM-24x14,B09XFG77VR,Contour Bamboo MF Pillow,Pillows,1,1655.0,211.0,1866.0,1655.0
2026-04-19,SC-F-HYB-LATEX-K-72x72x6,B09XGDZQPC,Hybrid Latex Mattress,Mattress,2,30130.0,2460.0,32590.0,28091.0
2026-04-19,SC-F-HYB-LATEX-K-72x72x8,B09XFMGSKV,Hybrid Latex Mattress,Mattress,1,17837.0,1430.0,19267.0,17319.0
2026-04-19,SC-F-HYB-LATEX-K-75x72x6,B09XFLVCHN,Hybrid Latex Mattress,Mattress,3,46707.0,3690.0,50397.0,44707.0
2026-04-19,SC-F-HYB-LATEX-K-78x70x6,B0F2TGBG5V,Hybrid Latex Mattress,Mattress,1,15569.0,1230.0,16799.0,13685.0
2026-04-19,SC-F-HYB-LATEX-K-78x72x6,B09XFKM8V6,Hybrid Latex Mattress,Mattress,2,32310.0,2460.0,34770.0,30162.0
2026-04-19,SC-F-HYB-LATEX-K-78x72x8,B09XGCSRXY,Hybrid Latex Mattress,Mattress,1,18753.0,1430.0,20183.0,18153.0
2026-04-19,SC-F-HYB-LATEX-Q-72x60x6,B09XGNVN9N,Hybrid Latex Mattress,Mattress,1,13295.0,1230.0,14525.0,12155.0
2026-04-19,SC-F-HYB-LATEX-Q-78x60x8,B09XFL1H1T,Hybrid Latex Mattress,Mattress,1,15737.0,1230.0,16967.0,13910.0
2026-04-19,SC-F-LITEPILWPSET2-S-27X17,B0CV17V482,Fiber Lite,Pillows,2,1402.0,296.0,1698.0,1339.0
2026-04-19,SC-F-LTX-ORTHO-D-72x48x5,B0G7J4C6NX,Latex Ortho Mattress,Mattress,1,9089.0,950.0,10039.0,7685.0
2026-04-19,SC-F-LTX-ORTHO-D-75X48X6,B0G3CLHBKX,Latex Ortho Mattress,Mattress,1,10119.0,950.0,11069.0,10119.0
2026-04-19,SC-F-LTX-ORTHO-K-75X72X8,B0G3CC4M7Y,Latex Ortho Mattress,Mattress,1,17213.0,1230.0,18443.0,15737.0
2026-04-19,SC-F-LTX-ORTHO-K-75x72x5,B0G7JNQ78N,Latex Ortho Mattress,Mattress,1,12369.0,950.0,13319.0,11119.0
2026-04-19,SC-F-LTX-ORTHO-K-78x72x5,B0G7JCBDJJ,Latex Ortho Mattress,Mattress,1,12909.0,950.0,13859.0,12909.0
2026-04-19,SC-F-ORIG-K-75x70x8,B0F2TJ7SY4,Original Mattress,Mattress,2,31320.0,2460.0,33780.0,27682.0
2026-04-19,SC-F-ORIG-K-84x72x6,B0BB72TBNX,Original Mattress,Mattress,1,14159.0,1230.0,15389.0,13741.0
2026-04-19,SC-F-ORIG-Q-72x60x5,B0G25BHBT6,Original Mattress,Mattress,1,10292.0,950.0,11242.0,9729.0
2026-04-19,SC-F-PETORTHO-XL-28x52,,SC-F-PETORTHO-XL-28x52,Other,1,4137.0,352.0,4489.0,4002.0
2026-04-19,SC-F-PROT-K-72x72,B0822WG76C,Protector,Bedding,1,844.0,191.0,1035.0,799.0
2026-04-19,SC-F-PROT-Q-72x60,B0822X8LZY,Protector,Bedding,1,799.0,141.0,940.0,799.0
2026-04-19,SC-F-PROT-Q-72x66,B0822VBPYC,Protector,Bedding,1,806.0,141.0,947.0,806.0
2026-04-19,SC-F-PROT-Q-75x60,B0822WH47T,Protector,Bedding,2,1582.0,282.0,1864.0,1502.0
2026-04-19,SC-F-PROT-Q-75x66,B0822V9JY7,Protector,Bedding,1,856.0,141.0,997.0,856.0
2026-04-19,SC-F-PROT-Q-78x60,B0822WJWGS,Protector,Bedding,1,799.0,141.0,940.0,752.0
2026-04-19,SC-F-S2CLPILW27x18,B08R7MX63N,Cloud Pillow,Pillows,1,1688.0,211.0,1899.0,1688.0
2026-04-19,SC-F-S2MFPILW-26x16x4,B08R8DC5BB,Memory Foam Pillow,Pillows,1,1916.0,211.0,2127.0,1809.0
2026-04-19,SC-F-S4CLPILW32x20,B08V53Z18N,Cloud Pillow,Pillows,1,3148.0,211.0,3359.0,3148.0
2026-04-19,SC-F-STD-LTX-BAM-24x16,B0F2SWXPMT,Standard Latex Pillow,Pillows,2,4138.0,422.0,4560.0,4138.0
2026-04-19,SC-F-STPBFTDSHEET-Q-72x60,B0DDCFLJYN,Sateen Fitted Sheets,Bedding,1,1966.0,198.0,2164.0,1966.0
2026-04-19,SC-F-ULTM-LATEX-K-72x72x8,B0D58LLWFN,Ultima Latex Mattress,Mattress,1,29997.0,1430.0,31427.0,29143.0
2026-04-19,SC-F-ULTM-LATEX-K-78x72x10,B0D58MW6Z4,Ultima Latex Mattress,Mattress,1,33669.0,1430.0,35099.0,30962.0
2026-04-19,SC-FK-MFMTTOPPER-D-72x48x2in,B0FHHZ7NF7,Memory Foam Topper,Bedding,1,4910.0,329.0,5239.0,4910.0
2026-04-19,SC-FK-PBC-BL,B0FMNQ5SFR,Mobility,Mobility,1,1294.0,250.0,1544.0,1221.0
2026-04-19,SC-MFPILW-BAM-C-25x16,B09XFF5LPL,Contour Bamboo MF Pillow,Pillows,6,5078.0,888.0,5966.0,4799.0
2026-04-19,SC-PETBEDORIG-N.Blue-XL-54x36,B09XXXVG2F,Pet Bed,Beds,1,1795.0,352.0,2147.0,1747.0
2026-04-19,SC-PILLOW,B0822SXQGH,Memory Foam Pillow,Pillows,10,21116.0,2110.0,23226.0,17952.0
2026-04-19,SC-SLMPILW-S-26x16,B09XBMFFZY,Slim Pillow,Pillows,1,754.0,148.0,902.0,754.0
2026-04-19,SC72486,B077Q9YRMY,Original Mattress,Mattress,2,18775.0,1900.0,20675.0,16699.0
2026-04-19,SC75606,B0732TMKP8,Original Mattress,Mattress,1,12009.0,950.0,12959.0,10614.0
2026-04-19,SC78726,B0732Y4N37,Original Mattress,Mattress,2,27838.0,2460.0,30298.0,26985.0
2026-04-19,SCP72488,B07PVC8NR5,Original Mattress,Mattress,1,10794.0,950.0,11744.0,10441.0
2026-04-19,SCP75608,B07MBSJ553,Original Mattress,Mattress,1,13606.0,1230.0,14836.0,12441.0
2026-04-19,SCP75728,B07MHZVDNP,Original Mattress,Mattress,1,15698.0,1230.0,16928.0,13876.0
2026-04-19,SCP78608,B07JN4C3NB,Original Mattress,Mattress,1,14002.0,1230.0,15232.0,12805.0
2026-04-19,SCP78728,B07JM7GQG4,Original Mattress,Mattress,2,31831.0,2460.0,34291.0,31315.0
2026-04-19,SCPROK78x72,B0822WWZRV,Protector,Bedding,3,2635.0,573.0,3208.0,2477.0
2026-04-20,SC-F-4TFOLD-BL-72X48,B0FHF65C2R,Tri-fold Mattress,Mattress,1,5564.0,810.0,6374.0,5372.0
2026-04-20,SC-F-COMF90x100,B08KTCGSQW,Reversible Comforter,Bedding,1,1768.0,330.0,2098.0,1768.0
2026-04-20,SC-F-HYB-LATEX-K-75x72x8,B09XFL1FR1,Hybrid Latex Mattress,Mattress,1,18257.0,1430.0,19687.0,17672.0
2026-04-20,SC-F-HYB-LATEX-K-78x72x6,B09XFKM8V6,Hybrid Latex Mattress,Mattress,3,48361.0,3690.0,52051.0,45627.0
2026-04-20,SC-F-HYB-LATEX-K-78x72x8,B09XGCSRXY,Hybrid Latex Mattress,Mattress,3,56283.0,4290.0,60573.0,53703.0
2026-04-20,SC-F-HYB-LATEX-Q-72x60x8,B09XFN2QX3,Hybrid Latex Mattress,Mattress,1,15010.0,1230.0,16240.0,14568.0
2026-04-20,SC-F-HYB-LATEX-Q-75x60x8,B09XFRNJCD,Hybrid Latex Mattress,Mattress,2,30801.0,2460.0,33261.0,28553.0
2026-04-20,SC-F-HYB-LATEX-Q-78x60x6,B09XGPZKTZ,Hybrid Latex Mattress,Mattress,1,13939.0,1230.0,15169.0,13490.0
2026-04-20,SC-F-HYB-LATEX-Q-78x60x8,B09XFL1H1T,Hybrid Latex Mattress,Mattress,2,31409.0,2460.0,33869.0,28377.0
2026-04-20,SC-F-HYB-LATEX-S-72x36x8,B09XGCTNFC,Hybrid Latex Mattress,Mattress,2,19465.0,1900.0,21365.0,18897.0
2026-04-20,SC-F-LITEPILWPSET2-S-27X17,B0CV17V482,Fiber Lite,Pillows,1,701.0,148.0,849.0,674.0
2026-04-20,SC-F-LTX-ORTHO-D-72X48X6,B0G3CFZX69,Latex Ortho Mattress,Mattress,1,10019.0,950.0,10969.0,9360.0
2026-04-20,SC-F-LTX-ORTHO-D-75X48X8,B0G3CJWFJ5,Latex Ortho Mattress,Mattress,1,11993.0,950.0,12943.0,11993.0
2026-04-20,SC-F-LTX-ORTHO-K-78x72x5,B0G7JCBDJJ,Latex Ortho Mattress,Mattress,1,12909.0,950.0,13859.0,11315.0
2026-04-20,SC-F-LTX-ORTHO-S-72X36X8,B0G3C2WN23,Latex Ortho Mattress,Mattress,1,8909.0,950.0,9859.0,8909.0
2026-04-20,SC-F-MFPILW-P-28x18,,SC-F-MFPILW-P-28x18,Other,1,1904.0,211.0,2115.0,1904.0
2026-04-20,SC-F-OBCHPILWCS-S-28x18,B0CWL313ZC,Cotton Pillow Case,Bedding,1,431.0,153.0,584.0,431.0
2026-04-20,SC-F-ORIG-K-72x72x4,B0G726PGD2,Original Mattress,Mattress,1,10025.0,950.0,10975.0,9327.0
2026-04-20,SC-F-ORIG-K-75x72x5,B0G253GWFF,Original Mattress,Mattress,1,12482.0,950.0,13432.0,12482.0
2026-04-20,SC-F-ORIG-K-78x72x4,B0G722YTNC,Original Mattress,Mattress,1,10728.0,950.0,11678.0,10728.0
2026-04-20,SC-F-ORIG-K-84x72x8,B0BB75FZXB,Original Mattress,Mattress,1,16589.0,1230.0,17819.0,16054.0
2026-04-20,SC-F-ORIG-Q-72x60x4,B0G71QJRXS,Original Mattress,Mattress,1,8245.0,810.0,9055.0,6805.0
2026-04-20,SC-F-ORIG-S-72x36x5,B0G255BCC2,Original Mattress,Mattress,1,7281.0,810.0,8091.0,6876.0
2026-04-20,SC-F-PROT-K-72x72,B0822WG76C,Protector,Bedding,1,844.0,191.0,1035.0,792.0
2026-04-20,SC-F-PROT-K-75x72,B0822W6ZCG,Protector,Bedding,1,844.0,191.0,1035.0,844.0
2026-04-20,SC-F-PROT-Q-75x60,B0822WH47T,Protector,Bedding,1,799.0,141.0,940.0,759.0
2026-04-20,SC-F-PROT-Q-78x60,B0822WJWGS,Protector,Bedding,2,1573.0,282.0,1855.0,1495.0
2026-04-20,SC-F-PROT-S-72x36,B0822W49Z9,Protector,Bedding,1,609.0,141.0,750.0,609.0
2026-04-20,SC-F-S2CLPILW27x18,B08R7MX63N,Cloud Pillow,Pillows,4,6657.0,844.0,7501.0,6528.0
2026-04-20,SC-F-S2MFPILW-26x16x4,B08R8DC5BB,Memory Foam Pillow,Pillows,6,14546.0,1266.0,15812.0,13161.0
2026-04-20,SC-F-SMFPILWSET1-BAM-S-22x14,B0F1Y416FR,Small Memory Foam Pillow,Pillows,1,851.0,148.0,999.0,808.0
2026-04-20,SC-F-ULTM-LATEX-K-75x72x8,B0D58LV9HN,Ultima Latex Mattress,Mattress,1,30069.0,1430.0,31499.0,27559.0
2026-04-20,SC-F-ULTM-LATEX-K-78x72x8,B0D58NBSN9,Ultima Latex Mattress,Mattress,1,30069.0,1430.0,31499.0,28319.0
2026-04-20,SC-FK-MFMTTOPPER-K-72x72x2,B0FHHTNKY1,Memory Foam Topper,Bedding,1,7455.0,409.0,7864.0,7455.0
2026-04-20,SC-MFPILW-BAM-C-25x16,B09XFF5LPL,Contour Bamboo MF Pillow,Pillows,3,2515.0,444.0,2959.0,2404.0
2026-04-20,SC-PILLOW,B0822SXQGH,Memory Foam Pillow,Pillows,4,3442.0,844.0,4286.0,2953.0
2026-04-20,SC-ULTM-Q-75x60x8,B09XGPK5MG,Ultima Mattress,Mattress,1,19269.0,1430.0,20699.0,18648.0
2026-04-20,SC72366,B078BRGTDM,Original Mattress,Mattress,1,7613.0,810.0,8423.0,7425.0
2026-04-20,SC72726,B077QJVWBR,Original Mattress,Mattress,1,13629.0,1230.0,14859.0,13191.0
2026-04-20,SC75606,B0732TMKP8,Original Mattress,Mattress,1,12009.0,950.0,12959.0,11620.0
2026-04-20,SC75726,B0732TFNYC,Original Mattress,Mattress,2,27582.0,2460.0,30042.0,25626.0
2026-04-20,SC78606,B0732WFNVL,Original Mattress,Mattress,1,12171.0,950.0,13121.0,10793.0
2026-04-20,SC78726,B0732Y4N37,Original Mattress,Mattress,3,41659.0,3690.0,45349.0,39712.0
2026-04-20,SCP72728,B07M72KSRM,Original Mattress,Mattress,1,15269.0,1230.0,16499.0,14773.0
2026-04-20,SCP75608,B07MBSJ553,Original Mattress,Mattress,1,13629.0,1230.0,14859.0,12462.0
2026-04-20,SCP78608,B07JN4C3NB,Original Mattress,Mattress,1,13995.0,1230.0,15225.0,12385.0
2026-04-20,SCP78728,B07JM7GQG4,Original Mattress,Mattress,1,15941.0,1230.0,17171.0,15425.0
2026-04-20,SCPROK78x72,B0822WWZRV,Protector,Bedding,6,5237.0,1146.0,6383.0,4708.0
2026-04-21,SC-78x60x10,B09BFD1ZB3,Original Mattress,Mattress,1,15617.0,1230.0,16847.0,15160.0
2026-04-21,SC-F-4TFOLD-BL-72X48,B0FHF65C2R,Tri-fold Mattress,Mattress,3,16633.0,2430.0,19063.0,15901.0
2026-04-21,SC-F-72x60x10,B09BFDR5TH,Original Mattress,Mattress,1,14807.0,1230.0,16037.0,14325.0
2026-04-21,SC-F-CON-MFPILW-CLT-24x14,B09XFFBND4,Contour Bamboo MF Pillow,Pillows,1,1788.0,211.0,1999.0,1788.0
2026-04-21,SC-F-CON-MFPILWS2-BAM-24x14,B09XFG77VR,Contour Bamboo MF Pillow,Pillows,2,3371.0,422.0,3793.0,3371.0
2026-04-21,SC-F-HYB-LATEX-K-72x72x6,B09XGDZQPC,Hybrid Latex Mattress,Mattress,1,15038.0,1230.0,16268.0,14549.0
2026-04-21,SC-F-HYB-LATEX-K-72x72x8,B09XFMGSKV,Hybrid Latex Mattress,Mattress,1,17837.0,1430.0,19267.0,17264.0
2026-04-21,SC-F-HYB-LATEX-K-75x72x6,B09XFLVCHN,Hybrid Latex Mattress,Mattress,1,15569.0,1230.0,16799.0,14739.0
2026-04-21,SC-F-HYB-LATEX-K-78x72x6,B09XFKM8V6,Hybrid Latex Mattress,Mattress,3,48471.0,3690.0,52161.0,46153.0
2026-04-21,SC-F-HYB-LATEX-K-78x72x8,B09XGCSRXY,Hybrid Latex Mattress,Mattress,2,37522.0,2860.0,40382.0,36380.0
2026-04-21,SC-F-HYB-LATEX-Q-75x60x6,B09XGK6Q4L,Hybrid Latex Mattress,Mattress,1,13581.0,1230.0,14811.0,13145.0
2026-04-21,SC-F-HYB-LATEX-Q-75x60x8,B09XFRNJCD,Hybrid Latex Mattress,Mattress,1,15401.0,1230.0,16631.0,14950.0
2026-04-21,SC-F-LITEPILWPSET2-S-27X17,B0CV17V482,Fiber Lite,Pillows,3,3505.0,444.0,3949.0,3395.0
2026-04-21,SC-F-LTX-ORTHO-Q-72X60X6,B0G3CDX1H6,Latex Ortho Mattress,Mattress,1,12549.0,950.0,13499.0,10940.0
2026-04-21,SC-F-LTX-ORTHO-Q-75X60X6,B0G3BY4SK8,Latex Ortho Mattress,Mattress,1,12549.0,950.0,13499.0,12144.0
2026-04-21,SC-F-NBQLTPROT-Q-75x60,B0GMJLZ45T,Protector,Bedding,1,1233.0,191.0,1424.0,1233.0
2026-04-21,SC-F-NBQLTPROT-Q-75x66,B0GMJT36W8,Protector,Bedding,1,1293.0,191.0,1484.0,1293.0
2026-04-21,SC-F-ORIG-K-72x70x8,B0F2TGCPMR,Original Mattress,Mattress,1,15193.0,1230.0,16423.0,12626.0
2026-04-21,SC-F-ORIG-K-72x72x4,B0G726PGD2,Original Mattress,Mattress,1,10025.0,950.0,10975.0,9365.0
2026-04-21,SC-F-ORIG-K-75x70x8,B0F2TJ7SY4,Original Mattress,Mattress,1,15621.0,1230.0,16851.0,14341.0
2026-04-21,SC-F-ORIG-Q-72x60x5,B0G25BHBT6,Original Mattress,Mattress,1,10292.0,950.0,11242.0,8891.0
2026-04-21,SC-F-ORIG-Q-78x60x5,B0G2569T27,Original Mattress,Mattress,1,11078.0,950.0,12028.0,10354.0
2026-04-21,SC-F-PETORIG-L-32X46,B091CW7VX5,Pet Bed,Beds,1,1436.0,352.0,1788.0,1399.0
2026-04-21,SC-F-PROT-D-78x48,B0822VYH6P,Protector,Bedding,1,704.0,141.0,845.0,684.0
2026-04-21,SC-F-PROT-Q-78x60,B0822WJWGS,Protector,Bedding,1,783.0,141.0,924.0,783.0
2026-04-21,SC-F-PROT-Q-78x66,B0822XLRG1,Protector,Bedding,1,856.0,141.0,997.0,856.0
2026-04-21,SC-F-S2MFPILW-26x16x4,B08R8DC5BB,Memory Foam Pillow,Pillows,8,13373.0,1688.0,15061.0,12746.0
2026-04-21,SC-F-S4MFPILW-26x16x4,B08R8DQ3T4,Memory Foam Pillow,Pillows,2,7176.0,422.0,7598.0,7176.0
2026-04-21,SC-F-ULTM-LATEX-K-72x72x8,B0D58LLWFN,Ultima Latex Mattress,Mattress,1,30069.0,1430.0,31499.0,27874.0
2026-04-21,SC-F-ULTM-LATEX-K-78x72x10,B0D58MW6Z4,Ultima Latex Mattress,Mattress,1,33669.0,1430.0,35099.0,32616.0
2026-04-21,SC-F-ULTM-LATEX-K-78x72x8,B0D58NBSN9,Ultima Latex Mattress,Mattress,1,30069.0,1430.0,31499.0,30069.0
2026-04-21,SC-MFPILW-BAM-C-25x16,B09XFF5LPL,Contour Bamboo MF Pillow,Pillows,7,7525.0,1036.0,8561.0,7148.0
2026-04-21,SC-PETBEDORTHO-N.Blue-XL-52X28,B0FST5VM2L,Pet Bed,Beds,1,2873.0,352.0,3225.0,2873.0
2026-04-21,SC-PILLOW,B0822SXQGH,Memory Foam Pillow,Pillows,2,1739.0,422.0,2161.0,1482.0
2026-04-21,SC-SLMPILW-S-26x16,B09XBMFFZY,Slim Pillow,Pillows,1,801.0,148.0,949.0,687.0
2026-04-21,SC-ULTM-K-75x72x10,B09XGX5FZX,Ultima Mattress,Mattress,2,51113.0,2860.0,53973.0,48395.0
2026-04-21,SC-ULTM-K-78x72x10,B09XGSHBKJ,Ultima Mattress,Mattress,1,25569.0,1430.0,26999.0,23583.0
2026-04-21,SC-ULTM-K-78x72x8,B09XGRWRST,Ultima Mattress,Mattress,1,21965.0,1430.0,23395.0,20077.0
2026-04-21,SC72606,B078BNQ7M4,Original Mattress,Mattress,2,23469.0,1900.0,25369.0,23087.0
2026-04-21,SC72726,B077QJVWBR,Original Mattress,Mattress,2,27258.0,2460.0,29718.0,25199.0
2026-04-21,SC78606,B0732WFNVL,Original Mattress,Mattress,1,12171.0,950.0,13121.0,12171.0
2026-04-21,SC78726,B0732Y4N37,Original Mattress,Mattress,2,27890.0,2460.0,30350.0,26356.0
2026-04-21,SCP72608,B07MHZTP8Q,Original Mattress,Mattress,1,13224.0,1230.0,14454.0,12798.0
2026-04-21,SCP72728,B07M72KSRM,Original Mattress,Mattress,2,30586.0,2460.0,33046.0,29594.0
2026-04-21,SCP78608,B07JN4C3NB,Original Mattress,Mattress,1,14004.0,1230.0,15234.0,13256.0
2026-04-21,SCPROK78x72,B0822WWZRV,Protector,Bedding,7,5908.0,1337.0,7245.0,5268.0
2026-04-22,SC-F-4TFOLD-BL-72X36,B0FHF2DKQZ,Tri-fold Mattress,Mattress,1,4289.0,810.0,5099.0,4289.0
2026-04-22,SC-F-CLD-SPR-K-75x72x8,B0DGTCXZ9M,Cloud Spring Mattress,Mattress,1,25569.0,1430.0,26999.0,24759.0
2026-04-22,SC-F-CON-MFPILWS2-BAM-24x14,B09XFG77VR,Contour Bamboo MF Pillow,Pillows,2,3325.0,422.0,3747.0,3325.0
2026-04-22,SC-F-HYB-LATEX-D-72x48x8,B09XGGGNN9,Hybrid Latex Mattress,Mattress,2,25314.0,1900.0,27214.0,23704.0
2026-04-22,SC-F-HYB-LATEX-K-72x70x6,B0F2TGQH37,Hybrid Latex Mattress,Mattress,1,15569.0,1230.0,16799.0,15065.0
2026-04-22,SC-F-HYB-LATEX-K-72x72x8,B09XFMGSKV,Hybrid Latex Mattress,Mattress,1,17837.0,1430.0,19267.0,16333.0
2026-04-22,SC-F-HYB-LATEX-K-75x72x6,B09XFLVCHN,Hybrid Latex Mattress,Mattress,1,15569.0,1230.0,16799.0,15065.0
2026-04-22,SC-F-HYB-LATEX-K-78x72x6,B09XFKM8V6,Hybrid Latex Mattress,Mattress,1,16155.0,1230.0,17385.0,15683.0
2026-04-22,SC-F-HYB-LATEX-K-78x72x8,B09XGCSRXY,Hybrid Latex Mattress,Mattress,1,18761.0,1430.0,20191.0,18161.0
2026-04-22,SC-F-HYB-LATEX-Q-72x60x8,B09XFN2QX3,Hybrid Latex Mattress,Mattress,1,15065.0,1230.0,16295.0,14576.0
2026-04-22,SC-F-HYB-LATEX-Q-78x60x8,B09XFL1H1T,Hybrid Latex Mattress,Mattress,4,62762.0,4920.0,67682.0,59741.0
2026-04-22,SC-F-HYB-LATEX-S-72x36x6,B09XFMX37N,Hybrid Latex Mattress,Mattress,1,8765.0,950.0,9715.0,8477.0
2026-04-22,SC-F-LITEPILWPSET2-S-27X17,B0CV17V482,Fiber Lite,Pillows,2,1390.0,296.0,1686.0,1378.0
2026-04-22,SC-F-LTX-ORTHO-D-72x48x5,B0G7J4C6NX,Latex Ortho Mattress,Mattress,1,9089.0,950.0,10039.0,9089.0
2026-04-22,SC-F-LTX-ORTHO-K-75x72x5,B0G7JNQ78N,Latex Ortho Mattress,Mattress,1,12369.0,950.0,13319.0,12369.0
2026-04-22,SC-F-LTX-ORTHO-K-78X72X8,B0G3D21NYY,Latex Ortho Mattress,Mattress,1,17367.0,1230.0,18597.0,15643.0
2026-04-22,SC-F-LTX-ORTHO-K-78x72x5,B0G7JCBDJJ,Latex Ortho Mattress,Mattress,1,12899.0,950.0,13849.0,12206.0
2026-04-22,SC-F-LTX-ORTHO-Q-78X60X8,B0G3CQPRB9,Latex Ortho Mattress,Mattress,1,15149.0,1230.0,16379.0,15149.0
2026-04-22,SC-F-ORIG-K-72x70x8,B0F2TGCPMR,Original Mattress,Mattress,2,30586.0,2460.0,33046.0,26410.0
2026-04-22,SC-F-ORIG-K-72x72x5,B0G25736BD,Original Mattress,Mattress,1,12204.0,950.0,13154.0,12204.0
2026-04-22,SC-F-ORIG-K-78x72x4,B0G722YTNC,Original Mattress,Mattress,1,10770.0,950.0,11720.0,10770.0
2026-04-22,SC-F-ORIG-Q-72x60x5,B0G25BHBT6,Original Mattress,Mattress,3,30876.0,2850.0,33726.0,28751.0
2026-04-22,SC-F-PROT-K-72x72,B0822WG76C,Protector,Bedding,1,844.0,191.0,1035.0,844.0
2026-04-22,SC-F-PROT-Q-75x60,B0822WH47T,Protector,Bedding,1,821.0,141.0,962.0,821.0
2026-04-22,SC-F-PROT-Q-75x66,B0822V9JY7,Protector,Bedding,1,856.0,141.0,997.0,856.0
2026-04-22,SC-F-PROT-Q-78x60,B0822WJWGS,Protector,Bedding,1,774.0,141.0,915.0,774.0
2026-04-22,SC-F-S2CLPILW27x18,B08R7MX63N,Cloud Pillow,Pillows,1,1688.0,211.0,1899.0,1688.0
2026-04-22,SC-F-S2MFPILW-26x16x4,B08R8DC5BB,Memory Foam Pillow,Pillows,3,4969.0,633.0,5602.0,4969.0
2026-04-22,SC-F-SLMMFPILWSET1-BAM-S-25x15,B0GVF93GX9,Slim Pillow,Pillows,1,1203.0,211.0,1414.0,1203.0
2026-04-22,SC-F-ULTM-LATEX-K-78x72x8,B0D58NBSN9,Ultima Latex Mattress,Mattress,1,30069.0,1430.0,31499.0,27559.0
2026-04-22,SC-F-ULTM-LATEX-Q-72x60x8,B0D58MHD11,Ultima Latex Mattress,Mattress,1,27369.0,1430.0,28799.0,25335.0
2026-04-22,SC-MFPILW-BAM-C-25x16,B09XFF5LPL,Contour Bamboo MF Pillow,Pillows,1,851.0,148.0,999.0,851.0
2026-04-22,SC-PILLOW,B0822SXQGH,Memory Foam Pillow,Pillows,2,1768.0,422.0,2190.0,1768.0
2026-04-22,SC-ULTM-K-75x72x8,B09XGPHT52,Ultima Mattress,Mattress,1,21947.0,1430.0,23377.0,21245.0
2026-04-22,SC72606,B078BNQ7M4,Original Mattress,Mattress,1,11731.0,950.0,12681.0,11096.0
2026-04-22,SC75486,B077Q8RLCP,Original Mattress,Mattress,1,9579.0,950.0,10529.0,9263.0
2026-04-22,SC78726,B0732Y4N37,Original Mattress,Mattress,2,27906.0,2460.0,30366.0,27458.0
2026-04-22,SCP72608,B07MHZTP8Q,Original Mattress,Mattress,1,13224.0,1230.0,14454.0,12839.0
2026-04-22,SCP72728,B07M72KSRM,Original Mattress,Mattress,3,45879.0,3690.0,49569.0,44391.0
2026-04-22,SCP78608,B07JN4C3NB,Original Mattress,Mattress,1,13934.0,1230.0,15164.0,13484.0
2026-04-22,SCP78728,B07JM7GQG4,Original Mattress,Mattress,3,47823.0,3690.0,51513.0,46275.0
2026-04-22,SCPROD75x48,B0822XBCF1,Protector,Bedding,1,704.0,141.0,845.0,704.0
2026-04-22,SCPROK78x72,B0822WWZRV,Protector,Bedding,6,6690.0,1146.0,7836.0,6690.0
2026-04-23,SC-F-4TFOLD-BL-72X48,B0FHF65C2R,Tri-fold Mattress,Mattress,2,11128.0,1620.0,12748.0,10815.0
2026-04-23,SC-F-CON-MFPILWS2-BAM-24x14,B09XFG77VR,Contour Bamboo MF Pillow,Pillows,2,3376.0,422.0,3798.0,3376.0
2026-04-23,SC-F-HYB-LATEX-K-75x72x6,B09XFLVCHN,Hybrid Latex Mattress,Mattress,3,46682.0,3690.0,50372.0,44860.0
2026-04-23,SC-F-HYB-LATEX-K-78x72x6,B09XFKM8V6,Hybrid Latex Mattress,Mattress,2,32314.0,2460.0,34774.0,30474.0
2026-04-23,SC-F-HYB-LATEX-K-78x72x8,B09XGCSRXY,Hybrid Latex Mattress,Mattress,2,37480.0,2860.0,40340.0,36338.0
2026-04-23,SC-F-HYB-LATEX-Q-78x60x8,B09XFL1H1T,Hybrid Latex Mattress,Mattress,1,15737.0,1230.0,16967.0,15227.0
2026-04-23,SC-F-LITEPILWPSET2-S-27X17,B0CV17V482,Fiber Lite,Pillows,4,4168.0,592.0,4760.0,4015.0
2026-04-23,SC-F-LTX-ORTHO-D-72X48X8,B0G3CY2MBY,Latex Ortho Mattress,Mattress,1,11829.0,950.0,12779.0,11017.0
2026-04-23,SC-F-LTX-ORTHO-D-72x48x5,B0G7J4C6NX,Latex Ortho Mattress,Mattress,2,18178.0,1900.0,20078.0,17881.0
2026-04-23,SC-F-LTX-ORTHO-K-72x72x5,B0G7JJM812,Latex Ortho Mattress,Mattress,1,12007.0,950.0,12957.0,12007.0
2026-04-23,SC-F-LTX-ORTHO-K-75X72X8,B0G3CC4M7Y,Latex Ortho Mattress,Mattress,1,17399.0,1230.0,18629.0,16829.0
2026-04-23,SC-F-LTX-ORTHO-K-78X72X8,B0G3D21NYY,Latex Ortho Mattress,Mattress,1,17399.0,1230.0,18629.0,17399.0
2026-04-23,SC-F-LTX-ORTHO-K-78x72x5,B0G7JCBDJJ,Latex Ortho Mattress,Mattress,1,12909.0,950.0,13859.0,10834.0
2026-04-23,SC-F-LTX-ORTHO-Q-72X60X8,B0G3CNC7P5,Latex Ortho Mattress,Mattress,1,14229.0,1230.0,15459.0,13247.0
2026-04-23,SC-F-LTX-ORTHO-Q-75X60X6,B0G3BY4SK8,Latex Ortho Mattress,Mattress,1,12549.0,950.0,13499.0,12549.0
2026-04-23,SC-F-LTX-ORTHO-Q-75X60X8,B0G3CTX1NC,Latex Ortho Mattress,Mattress,2,29008.0,2460.0,31468.0,28222.0
2026-04-23,SC-F-LTX-ORTHO-Q-78X60X6,B0G3CTR224,Latex Ortho Mattress,Mattress,2,25818.0,1900.0,27718.0,24432.0
2026-04-23,SC-F-LTX-ORTHO-S-72X30X6,B0G3C7VW1V,Latex Ortho Mattress,Mattress,1,6272.0,810.0,7082.0,5988.0
2026-04-23,SC-F-LTX-ORTHO-S-72X36X8,B0G3C2WN23,Latex Ortho Mattress,Mattress,1,8909.0,950.0,9859.0,8291.0
2026-04-23,SC-F-ORIG-D-72x48x10,B0BB7KCGYN,Original Mattress,Mattress,1,12495.0,950.0,13445.0,12091.0
2026-04-23,SC-F-ORIG-D-72x48x4,B0G71HHRVT,Original Mattress,Mattress,1,7500.0,810.0,8310.0,7500.0
2026-04-23,SC-F-ORIG-K-75x72x5,B0G253GWFF,Original Mattress,Mattress,1,12544.0,950.0,13494.0,11686.0
2026-04-23,SC-F-ORIG-K-84x72x8,B0BB75FZXB,Original Mattress,Mattress,1,16589.0,1230.0,17819.0,16192.0
2026-04-23,SC-F-ORIG-Q-72x60x4,B0G71QJRXS,Original Mattress,Mattress,1,8204.0,810.0,9014.0,7080.0
2026-04-23,SC-F-ORIG-Q-72x60x5,B0G25BHBT6,Original Mattress,Mattress,1,10292.0,950.0,11242.0,9577.0
2026-04-23,SC-F-ORIG-Q-78x60x5,B0G2569T27,Original Mattress,Mattress,1,11078.0,950.0,12028.0,11078.0
2026-04-23,SC-F-PROT-D-78x48,B0822VYH6P,Protector,Bedding,1,704.0,141.0,845.0,704.0
2026-04-23,SC-F-PROT-K-72x72,B0822WG76C,Protector,Bedding,1,840.0,191.0,1031.0,840.0
2026-04-23,SC-F-PROT-Q-78x60,B0822WJWGS,Protector,Bedding,2,1571.0,282.0,1853.0,1571.0
2026-04-23,SC-F-S2CLPILW27x18,B08R7MX63N,Cloud Pillow,Pillows,1,1688.0,211.0,1899.0,1688.0
2026-04-23,SC-F-S2MFPILW-26x16x4,B08R8DC5BB,Memory Foam Pillow,Pillows,7,11572.0,1477.0,13049.0,11407.0
2026-04-23,SC-F-S4MFPILW-26x16x4,B08R8DQ3T4,Memory Foam Pillow,Pillows,3,10764.0,633.0,11397.0,10764.0
2026-04-23,SC-F-TBLPILWCS-S-28x18,B0CWLCGJDC,Cotton Pillow Case,Bedding,1,405.0,144.0,549.0,405.0
2026-04-23,SC-F-ULTM-LATEX-K-78x72x8,B0D58NBSN9,Ultima Latex Mattress,Mattress,2,60038.0,2860.0,62898.0,56985.0
2026-04-23,SC-MFPILW-BAM-C-25x16,B09XFF5LPL,Contour Bamboo MF Pillow,Pillows,1,830.0,148.0,978.0,757.0
2026-04-23,SC-PILLOW,B0822SXQGH,Memory Foam Pillow,Pillows,2,1776.0,422.0,2198.0,1776.0
2026-04-23,SC-ULTM-D-75x48x8,B09XGGGP3H,Ultima Mattress,Mattress,1,15869.0,1230.0,17099.0,15356.0
2026-04-23,SC-ULTM-K-78x72x8,B09XGRWRST,Ultima Mattress,Mattress,1,21969.0,1430.0,23399.0,21335.0
2026-04-23,SC-ULTM-Q-78x60x8,B09XGNTMB7,Ultima Mattress,Mattress,1,19200.0,1430.0,20630.0,18179.0
2026-04-23,SC72726,B077QJVWBR,Original Mattress,Mattress,1,13591.0,1230.0,14821.0,12487.0
2026-04-23,SC75726,B0732TFNYC,Original Mattress,Mattress,1,13791.0,1230.0,15021.0,13348.0
2026-04-23,SC78606,B0732WFNVL,Original Mattress,Mattress,2,24296.0,1900.0,26196.0,23228.0
2026-04-23,SC78726,B0732Y4N37,Original Mattress,Mattress,3,41833.0,3690.0,45523.0,40489.0
2026-04-23,SCP72488,B07PVC8NR5,Original Mattress,Mattress,2,21588.0,1900.0,23488.0,20882.0
2026-04-23,SCP78608,B07JN4C3NB,Original Mattress,Mattress,1,14034.0,1230.0,15264.0,12857.0
2026-04-23,SCP78728,B07JM7GQG4,Original Mattress,Mattress,1,15941.0,1230.0,17171.0,14639.0
2026-04-23,SCPROK78x72,B0822WWZRV,Protector,Bedding,1,839.0,191.0,1030.0,839.0
2026-04-24,SC-F-4TFOLD-BL-72X36,B0FHF2DKQZ,Tri-fold Mattress,Mattress,1,4389.0,810.0,5199.0,4389.0
2026-04-24,SC-F-4TFOLD-BL-72X48,B0FHF65C2R,Tri-fold Mattress,Mattress,4,22356.0,3240.0,25596.0,21636.0
2026-04-24,SC-F-75x72x10,B09BFC4KSB,Original Mattress,Mattress,1,19069.0,1430.0,20499.0,17879.0
2026-04-24,SC-F-BDPILW19x50,B08KS2YSFR,Cuddle Pillow,Pillows,1,1487.0,211.0,1698.0,1487.0
2026-04-24,SC-F-CLPILW27x18,B08KT1QRHJ,Cloud Pillow,Pillows,1,831.0,148.0,979.0,831.0
2026-04-24,SC-F-COMF90x100,B08KTCGSQW,Reversible Comforter,Bedding,1,1769.0,330.0,2099.0,1769.0
2026-04-24,SC-F-CON-MFPILWS2-BAM-24x14,B09XFG77VR,Contour Bamboo MF Pillow,Pillows,1,1688.0,211.0,1899.0,1688.0
2026-04-24,SC-F-DGRPILWCS-S-28x18,B0CWL2NG34,Cotton Pillow Case,Bedding,1,414.0,135.0,549.0,414.0
2026-04-24,SC-F-HYB-LATEX-K-75x72x8,B09XFL1FR1,Hybrid Latex Mattress,Mattress,1,19469.0,1430.0,20899.0,17649.0
2026-04-24,SC-F-HYB-LATEX-K-78x72x6,B09XFKM8V6,Hybrid Latex Mattress,Mattress,3,52007.0,3690.0,55697.0,48981.0
2026-04-24,SC-F-HYB-LATEX-K-78x72x8,B09XGCSRXY,Hybrid Latex Mattress,Mattress,2,39643.0,2860.0,42503.0,37166.0
2026-04-24,SC-F-HYB-LATEX-Q-72x60x6,B09XGNVN9N,Hybrid Latex Mattress,Mattress,1,14069.0,1230.0,15299.0,13610.0
2026-04-24,SC-F-HYB-LATEX-Q-78x60x6,B09XGPZKTZ,Hybrid Latex Mattress,Mattress,2,29495.0,2460.0,31955.0,29015.0
2026-04-24,SC-F-LITEPILWPSET2-S-27X17,B0CV17V482,Fiber Lite,Pillows,4,4184.0,592.0,4776.0,3792.0
2026-04-24,SC-F-LTX-ORTHO-K-72X72X8,B0G3C233F8,Latex Ortho Mattress,Mattress,2,35938.0,2460.0,38398.0,35938.0
2026-04-24,SC-F-ORIG-D-72x48x4,B0G71HHRVT,Original Mattress,Mattress,1,8089.0,810.0,8899.0,8089.0
2026-04-24,SC-F-PROT-K-72x72,B0822WG76C,Protector,Bedding,2,1688.0,382.0,2070.0,1688.0
2026-04-24,SC-F-PROT-Q-72x66,B0822VBPYC,Protector,Bedding,1,832.0,141.0,973.0,832.0
2026-04-24,SC-F-PROT-Q-78x60,B0822WJWGS,Protector,Bedding,1,799.0,141.0,940.0,799.0
2026-04-24,SC-F-S2CLPILW27x18,B08R7MX63N,Cloud Pillow,Pillows,2,3376.0,422.0,3798.0,3376.0
2026-04-24,SC-F-S2MFPILW-26x16x4,B08R8DC5BB,Memory Foam Pillow,Pillows,6,10050.0,1266.0,11316.0,9200.0
2026-04-24,SC-F-SMFPILWSET1-BAM-S-22x14,B0F1Y416FR,Small Memory Foam Pillow,Pillows,2,1702.0,296.0,1998.0,1574.0
2026-04-24,SC-F-STDMPILWCS-K-32x20,B0DDCQX4K1,Sateen Pillow Case,Bedding,1,737.0,162.0,899.0,737.0
2026-04-24,SC-MFPILW-BAM-C-25x16,B09XFF5LPL,Contour Bamboo MF Pillow,Pillows,6,6765.0,888.0,7653.0,6162.0
2026-04-24,SC-PILLOW,B0822SXQGH,Memory Foam Pillow,Pillows,7,5927.0,1477.0,7404.0,5427.0
2026-04-24,SC-ULTM-K-78x72x10,B09XGSHBKJ,Ultima Mattress,Mattress,1,27069.0,1430.0,28499.0,25249.0
2026-04-24,SC72486,B077Q9YRMY,Original Mattress,Mattress,1,10149.0,950.0,11099.0,9816.0
2026-04-24,SC72726,B077QJVWBR,Original Mattress,Mattress,1,14469.0,1230.0,15699.0,13236.0
2026-04-24,SC75726,B0732TFNYC,Original Mattress,Mattress,1,14557.0,1230.0,15787.0,14128.0
2026-04-24,SC78606,B0732WFNVL,Original Mattress,Mattress,2,26210.0,1900.0,28110.0,25364.0
2026-04-24,SC78726,B0732Y4N37,Original Mattress,Mattress,2,29538.0,2460.0,31998.0,28578.0
2026-04-24,SCP72608,B07MHZTP8Q,Original Mattress,Mattress,1,13969.0,1230.0,15199.0,13513.0
2026-04-24,SCP78608,B07JN4C3NB,Original Mattress,Mattress,1,14869.0,1230.0,16099.0,14064.0
2026-04-24,SCP78728,B07JM7GQG4,Original Mattress,Mattress,2,34272.0,2460.0,36732.0,33221.0
2026-04-24,SCPROK78x72,B0822WWZRV,Protector,Bedding,3,2532.0,573.0,3105.0,2472.0
2026-04-25,SC-F-4TFOLD-BL-72X36,B0FHF2DKQZ,Tri-fold Mattress,Mattress,2,8583.0,1620.0,10203.0,8427.0
2026-04-25,SC-F-CLD-SPR-K-72x72x8,B0DGTCVYJZ,Cloud Spring Mattress,Mattress,1,25569.0,1430.0,26999.0,24759.0
2026-04-25,SC-F-CON-MFPILWS2-BAM-24x14,B09XFG77VR,Contour Bamboo MF Pillow,Pillows,2,3376.0,422.0,3798.0,3376.0
2026-04-25,SC-F-HYB-LATEX-K-78x72x8,B09XGCSRXY,Hybrid Latex Mattress,Mattress,1,19969.0,1430.0,21399.0,19327.0
2026-04-25,SC-F-HYB-LATEX-Q-72x60x6,B09XGNVN9N,Hybrid Latex Mattress,Mattress,1,14069.0,1230.0,15299.0,13610.0
2026-04-25,SC-F-HYB-LATEX-Q-75x60x8,B09XFRNJCD,Hybrid Latex Mattress,Mattress,1,16569.0,1230.0,17799.0,16086.0
2026-04-25,SC-F-HYB-LATEX-Q-78x60x6,B09XGPZKTZ,Hybrid Latex Mattress,Mattress,1,14769.0,1230.0,15999.0,13969.0
2026-04-25,SC-F-HYB-LATEX-S-75x36x6,B09XFLCPM3,Hybrid Latex Mattress,Mattress,1,9349.0,950.0,10299.0,8386.0
2026-04-25,SC-F-HYBPILWSET2-S-26x16,B09XF52Y5P,Hybrid Pillow,Pillows,1,3288.0,211.0,3499.0,3288.0
2026-04-25,SC-F-LITEPILWPSET2-S-27X17,B0CV17V482,Fiber Lite,Pillows,2,1402.0,296.0,1698.0,1280.0
2026-04-25,SC-F-LTX-ORTHO-Q-72X60X8,B0G3CNC7P5,Latex Ortho Mattress,Mattress,1,15269.0,1230.0,16499.0,14019.0
2026-04-25,SC-F-ORIG-D-72x48x4,B0G71HHRVT,Original Mattress,Mattress,1,8089.0,810.0,8899.0,8089.0
2026-04-25,SC-F-ORIG-K-72x70x6,B0F2TGN1KQ,Original Mattress,Mattress,1,14469.0,1230.0,15699.0,13650.0
2026-04-25,SC-F-ORIG-K-72x70x8,B0F2TGCPMR,Original Mattress,Mattress,1,16469.0,1230.0,17699.0,14519.0
2026-04-25,SC-F-ORIG-K-72x72x4,B0G726PGD2,Original Mattress,Mattress,2,21698.0,1900.0,23598.0,20204.0
2026-04-25,SC-F-ORIG-K-75x72x5,B0G253GWFF,Original Mattress,Mattress,1,13549.0,950.0,14499.0,11519.0
2026-04-25,SC-F-ORIG-K-78x72x4,B0G722YTNC,Original Mattress,Mattress,2,23296.0,1900.0,25196.0,23296.0
2026-04-25,SC-F-ORIG-K-84x72x6,B0BB72TBNX,Original Mattress,Mattress,1,15269.0,1230.0,16499.0,15269.0
2026-04-25,SC-F-ORIG-Q-78x60x5,B0G2569T27,Original Mattress,Mattress,1,11849.0,950.0,12799.0,11849.0
2026-04-25,SC-F-PROT-Q-72x66,B0822VBPYC,Protector,Bedding,2,1716.0,282.0,1998.0,1716.0
2026-04-25,SC-F-PROT-Q-78x60,B0822WJWGS,Protector,Bedding,1,799.0,141.0,940.0,799.0
2026-04-25,SC-F-PTGPCOMF-D-90x100,B0FR3G84GM,Reversible Comforter,Bedding,1,1971.0,290.0,2261.0,1971.0
2026-04-25,SC-F-S2CLPILW27x18,B08R7MX63N,Cloud Pillow,Pillows,1,1688.0,211.0,1899.0,1688.0
2026-04-25,SC-F-S2MFPILW-26x16x4,B08R8DC5BB,Memory Foam Pillow,Pillows,4,6717.0,844.0,7561.0,6103.0
2026-04-25,SC-F-SLMMFPILWSET1-BAM-S-25x15,B0GVF93GX9,Slim Pillow,Pillows,2,4812.0,422.0,5234.0,4812.0
2026-04-25,SC-F-SMFPILWSET1-BAM-S-22x14,B0F1Y416FR,Small Memory Foam Pillow,Pillows,4,5102.0,592.0,5694.0,4956.0
2026-04-25,SC-F-STD-LTX-BAM-24x16,B0F2SWXPMT,Standard Latex Pillow,Pillows,2,4238.0,422.0,4660.0,4238.0
2026-04-25,SC-F-ULTM-LATEX-K-72x72x8,B0D58LLWFN,Ultima Latex Mattress,Mattress,1,31769.0,1430.0,33199.0,30773.0
2026-04-25,SC-FK-PNC-BLACK,B0GLGGZ9M7,Mobility,Mobility,1,1279.0,220.0,1499.0,1246.0
2026-04-25,SC-MFPILW-BAM-C-25x16,B09XFF5LPL,Contour Bamboo MF Pillow,Pillows,9,9184.0,1332.0,10516.0,8328.0
2026-04-25,SC-PILLOW,B0822SXQGH,Memory Foam Pillow,Pillows,6,5067.0,1266.0,6333.0,4715.0
2026-04-25,SC-SLMPILW-S-26x16,B09XBMFFZY,Slim Pillow,Pillows,1,801.0,148.0,949.0,801.0
2026-04-25,SC72606,B078BNQ7M4,Original Mattress,Mattress,1,12749.0,950.0,13699.0,11223.0
2026-04-25,SC78366,B0732Y4N38,Original Mattress,Mattress,1,8789.0,810.0,9599.0,8553.0
2026-04-25,SCP78728,B07JM7GQG4,Original Mattress,Mattress,1,16845.0,1230.0,18075.0,15465.0
2026-04-25,SCPROD75x48,B0822XBCF1,Protector,Bedding,1,704.0,141.0,845.0,704.0
2026-04-25,SCPROK78x72,B0822WWZRV,Protector,Bedding,3,2532.0,573.0,3105.0,2532.0
2026-04-26,SC-F-4TFOLD-BL-72X36,B0FHF2DKQZ,Tri-fold Mattress,Mattress,1,4349.0,810.0,5159.0,4006.0
2026-04-26,SC-F-4TFOLD-BL-72X48,B0FHF65C2R,Tri-fold Mattress,Mattress,2,11086.0,1620.0,12706.0,10484.0
2026-04-26,SC-F-HYB-LATEX-K-72x72x6,B09XGDZQPC,Hybrid Latex Mattress,Mattress,1,16265.0,1230.0,17495.0,15740.0
2026-04-26,SC-F-HYB-LATEX-K-75x70x6,B0F2TGGZSR,Hybrid Latex Mattress,Mattress,1,16769.0,1230.0,17999.0,14226.0
2026-04-26,SC-F-HYB-LATEX-K-78x72x6,B09XFKM8V6,Hybrid Latex Mattress,Mattress,3,52077.0,3690.0,55767.0,49500.0
2026-04-26,SC-F-HYB-LATEX-K-78x72x8,B09XGCSRXY,Hybrid Latex Mattress,Mattress,1,19969.0,1430.0,21399.0,19327.0
2026-04-26,SC-F-HYB-LATEX-Q-72x60x8,B09XFN2QX3,Hybrid Latex Mattress,Mattress,1,16230.0,1230.0,17460.0,15705.0
2026-04-26,SC-F-HYB-LATEX-Q-75x60x8,B09XFRNJCD,Hybrid Latex Mattress,Mattress,1,16569.0,1230.0,17799.0,15517.0
2026-04-26,SC-F-HYB-LATEX-Q-78x60x6,B09XGPZKTZ,Hybrid Latex Mattress,Mattress,2,29391.0,2460.0,31851.0,27385.0
2026-04-26,SC-F-LITEPILWPSET2-S-27X17,B0CV17V482,Fiber Lite,Pillows,3,2019.0,444.0,2463.0,1883.0
2026-04-26,SC-F-LTX-ORTHO-D-72X48X6,B0G3CFZX69,Latex Ortho Mattress,Mattress,1,10849.0,950.0,11799.0,10849.0
2026-04-26,SC-F-LTX-ORTHO-D-72x48x5,B0G7J4C6NX,Latex Ortho Mattress,Mattress,1,9649.0,950.0,10599.0,9649.0
2026-04-26,SC-F-LTX-ORTHO-K-72X72X8,B0G3C233F8,Latex Ortho Mattress,Mattress,1,17967.0,1230.0,19197.0,17967.0
2026-04-26,SC-F-LTX-ORTHO-K-78X72X6,B0G3BY1NZH,Latex Ortho Mattress,Mattress,1,16269.0,1230.0,17499.0,16269.0
2026-04-26,SC-F-MRQLTPROT-Q-72x60,B0GGSPZ6MX,Protector,Bedding,1,1188.0,191.0,1379.0,1188.0
2026-04-26,SC-F-NBQLTPROT-D-78x48,B0GGRXQJ7Q,Protector,Bedding,1,891.0,191.0,1082.0,891.0
2026-04-26,SC-F-ORIG-K-78x72x4,B0G722YTNC,Original Mattress,Mattress,1,11649.0,950.0,12599.0,11271.0
2026-04-26,SC-F-ORIG-K-84x72x6,B0BB72TBNX,Original Mattress,Mattress,2,30538.0,2460.0,32998.0,29548.0
2026-04-26,SC-F-ORIG-Q-72x60x4,B0G71QJRXS,Original Mattress,Mattress,1,8889.0,810.0,9699.0,8501.0
2026-04-26,SC-F-ORIG-Q-78x66x10,B0BB7KGNLD,Original Mattress,Mattress,1,18955.0,1430.0,20385.0,18402.0
2026-04-26,SC-F-ORIG-S-72x36x4,B0G71BGCB3,Original Mattress,Mattress,1,6089.0,810.0,6899.0,4992.0
2026-04-26,SC-F-PROT-K-72x72,B0822WG76C,Protector,Bedding,3,2495.0,573.0,3068.0,2460.0
2026-04-26,SC-F-PROT-Q-75x60,B0822WH47T,Protector,Bedding,1,799.0,141.0,940.0,799.0
2026-04-26,SC-F-QRMTTOPPER-Q-72x60x2,B0GH175SR4,Aeroflow Topper,Bedding,1,4890.0,191.0,5081.0,4890.0
2026-04-26,SC-F-S2CLPILW27x18,B08R7MX63N,Cloud Pillow,Pillows,2,6752.0,422.0,7174.0,6752.0
2026-04-26,SC-F-S2MFPILW-26x16x4,B08R8DC5BB,Memory Foam Pillow,Pillows,4,6657.0,844.0,7501.0,6222.0
2026-04-26,SC-F-ULTM-LATEX-K-75x72x8,B0D58LV9HN,Ultima Latex Mattress,Mattress,1,31769.0,1430.0,33199.0,29615.0
2026-04-26,SC-F-ZSJRFTDSHEET-Q-75x60,B0CZLJR5MD,Jersey Fitted Bed sheet,Bedding,1,1601.0,198.0,1799.0,1601.0
2026-04-26,SC-MFPILW-BAM-C-25x16,B09XFF5LPL,Contour Bamboo MF Pillow,Pillows,9,9256.0,1332.0,10588.0,8500.0
2026-04-26,SC-PETBEDORTHO-N.Blue-XL-52X28,B0FST5VM2L,Pet Bed,Beds,1,2847.0,352.0,3199.0,2237.0
2026-04-26,SC-PILLOW,B0822SXQGH,Memory Foam Pillow,Pillows,11,9311.0,2321.0,11632.0,8472.0
2026-04-26,SC-ULTM-K-78x72x8,B09XGRWRST,Ultima Mattress,Mattress,1,23269.0,1430.0,24699.0,21346.0
2026-04-26,SC72726,B077QJVWBR,Original Mattress,Mattress,1,14469.0,1230.0,15699.0,13279.0
2026-04-26,SC75486,B077Q8RLCP,Original Mattress,Mattress,1,10349.0,950.0,11299.0,8949.0
2026-04-26,SC78726,B0732Y4N37,Original Mattress,Mattress,4,59021.0,4920.0,63941.0,57627.0
2026-04-26,SCP72488,B07PVC8NR5,Original Mattress,Mattress,1,11649.0,950.0,12599.0,11271.0
2026-04-26,SCP72608,B07MHZTP8Q,Original Mattress,Mattress,2,27938.0,2460.0,30398.0,26627.0
2026-04-26,SCP72728,B07M72KSRM,Original Mattress,Mattress,3,49381.0,3690.0,53071.0,48370.0
2026-04-26,SCP75608,B07MBSJ553,Original Mattress,Mattress,2,28938.0,2460.0,31398.0,27539.0
2026-04-26,SCP75728,B07MHZVDNP,Original Mattress,Mattress,2,33887.0,2460.0,36347.0,31545.0
2026-04-26,SCP78608,B07JN4C3NB,Original Mattress,Mattress,1,14869.0,1230.0,16099.0,14386.0
2026-04-26,SCP78728,B07JM7GQG4,Original Mattress,Mattress,1,17128.0,1230.0,18358.0,16576.0
2026-04-26,SCPROK78x72,B0822WWZRV,Protector,Bedding,3,2532.0,573.0,3105.0,2431.0
2026-04-27,SC-F-4TFOLD-BL-72X48,B0FHF65C2R,Tri-fold Mattress,Mattress,2,11078.0,1620.0,12698.0,10510.0
2026-04-27,SC-F-CLD-SPR-K-78x72x8,B0DGT8T9Q4,Cloud Spring Mattress,Mattress,1,25545.0,1430.0,26975.0,24735.0
2026-04-27,SC-F-CON-MFPILWS2-BAM-24x14,B09XFG77VR,Contour Bamboo MF Pillow,Pillows,1,1688.0,211.0,1899.0,1688.0
2026-04-27,SC-F-HYB-LATEX-D-72x48x6,B09XFLYZ66,Hybrid Latex Mattress,Mattress,1,11549.0,950.0,12499.0,10601.0
2026-04-27,SC-F-HYB-LATEX-K-75x72x6,B09XFLVCHN,Hybrid Latex Mattress,Mattress,1,16728.0,1230.0,17958.0,15085.0
2026-04-27,SC-F-HYB-LATEX-K-78x72x6,B09XFKM8V6,Hybrid Latex Mattress,Mattress,2,34738.0,2460.0,37198.0,32719.0
2026-04-27,SC-F-HYB-LATEX-K-78x72x8,B09XGCSRXY,Hybrid Latex Mattress,Mattress,4,79876.0,5720.0,85596.0,73930.0
2026-04-27,SC-F-HYB-LATEX-Q-75x60x8,B09XFRNJCD,Hybrid Latex Mattress,Mattress,1,16569.0,1230.0,17799.0,15220.0
2026-04-27,SC-F-HYB-LATEX-Q-78x60x8,B09XFL1H1T,Hybrid Latex Mattress,Mattress,2,33871.0,2460.0,36331.0,32779.0
2026-04-27,SC-F-HYB-LATEX-S-72x36x6,B09XFMX37N,Hybrid Latex Mattress,Mattress,1,9349.0,950.0,10299.0,9050.0
2026-04-27,SC-F-LITEPILWPSET2-S-27X17,B0CV17V482,Fiber Lite,Pillows,3,2103.0,444.0,2547.0,2103.0
2026-04-27,SC-F-LTX-ORTHO-K-78x72x5,B0G7JCBDJJ,Latex Ortho Mattress,Mattress,1,13824.0,950.0,14774.0,13380.0
2026-04-27,SC-F-LTX-ORTHO-Q-72X60X8,B0G3CNC7P5,Latex Ortho Mattress,Mattress,1,15269.0,1230.0,16499.0,15021.0
2026-04-27,SC-F-LTX-ORTHO-S-72X30X8,B0G3BW8QFQ,Latex Ortho Mattress,Mattress,1,8064.0,810.0,8874.0,7709.0
2026-04-27,SC-F-OBCHPILWCS-S-28x18,B0CWL313ZC,Cotton Pillow Case,Bedding,1,496.0,153.0,649.0,478.0
2026-04-27,SC-F-ORIG-K-72x70x8,B0F2TGCPMR,Original Mattress,Mattress,1,16437.0,1230.0,17667.0,14413.0
2026-04-27,SC-F-ORIG-K-84x72x6,B0BB72TBNX,Original Mattress,Mattress,1,15269.0,1230.0,16499.0,13667.0
2026-04-27,SC-F-ORIG-Q-72x60x5,B0G25BHBT6,Original Mattress,Mattress,1,11149.0,950.0,12099.0,11149.0
2026-04-27,SC-F-ORIG-Q-75x60x5,B0G256HLCB,Original Mattress,Mattress,1,11749.0,950.0,12699.0,11749.0
2026-04-27,SC-F-ORIG-Q-78x60x4,B0G71QBLSG,Original Mattress,Mattress,1,9349.0,950.0,10299.0,9349.0
2026-04-27,SC-F-PROT-K-72x72,B0822WG76C,Protector,Bedding,3,2532.0,573.0,3105.0,2490.0
2026-04-27,SC-F-PROT-Q-72x60,B0822X8LZY,Protector,Bedding,1,799.0,141.0,940.0,799.0
2026-04-27,SC-F-S2CLPILW27x18,B08R7MX63N,Cloud Pillow,Pillows,1,1688.0,211.0,1899.0,1688.0
2026-04-27,SC-F-S2MFPILW-26x16x4,B08R8DC5BB,Memory Foam Pillow,Pillows,2,3376.0,422.0,3798.0,3376.0
2026-04-27,SC-F-S4MFPILW-26x16x4,B08R8DQ3T4,Memory Foam Pillow,Pillows,1,3488.0,211.0,3699.0,3488.0
2026-04-27,SC-F-SLSTPILWCS-S-28x18,B0CWKZHV5T,Cotton Pillow Case,Bedding,2,992.0,306.0,1298.0,975.0
2026-04-27,SC-F-TBLPILWCS-S-28x18,B0CWLCGJDC,Cotton Pillow Case,Bedding,1,405.0,144.0,549.0,405.0
2026-04-27,SC-F-ULTM-LATEX-Q-78x60x8,B0D58N5B2F,Ultima Latex Mattress,Mattress,1,28888.0,1430.0,30318.0,28280.0
2026-04-27,SC-MFPILW-BAM-C-25x16,B09XFF5LPL,Contour Bamboo MF Pillow,Pillows,4,3404.0,592.0,3996.0,3404.0
2026-04-27,SC-PILLOW,B0822SXQGH,Memory Foam Pillow,Pillows,3,2545.0,633.0,3178.0,2545.0
2026-04-27,SC72726,B077QJVWBR,Original Mattress,Mattress,1,14469.0,1230.0,15699.0,14119.0
2026-04-27,SC75726,B0732TFNYC,Original Mattress,Mattress,1,14569.0,1230.0,15799.0,13779.0
2026-04-27,SC78726,B0732Y4N37,Original Mattress,Mattress,1,14769.0,1230.0,15999.0,14289.0
2026-04-27,SCP72608,B07MHZTP8Q,Original Mattress,Mattress,1,13969.0,1230.0,15199.0,13513.0
2026-04-27,SCPROD75x48,B0822XBCF1,Protector,Bedding,1,704.0,141.0,845.0,704.0
2026-04-27,SCPROK78x72,B0822WWZRV,Protector,Bedding,7,5900.0,1337.0,7237.0,5900.0
2026-04-28,SC-F-4TFOLD-BL-72X36,B0FHF2DKQZ,Tri-fold Mattress,Mattress,4,17556.0,3240.0,20796.0,16585.0
2026-04-28,SC-F-4TFOLD-BL-72X48,B0FHF65C2R,Tri-fold Mattress,Mattress,3,16673.0,2430.0,19103.0,15700.0
2026-04-28,SC-F-72x60x10,B09BFDR5TH,Original Mattress,Mattress,1,15969.0,1230.0,17199.0,15109.0
2026-04-28,SC-F-CLD-SPR-K-75x72x8,B0DGTCXZ9M,Cloud Spring Mattress,Mattress,1,25569.0,1430.0,26999.0,24219.0
2026-04-28,SC-F-CLD-SPR-K-78x72x8,B0DGT8T9Q4,Cloud Spring Mattress,Mattress,1,25569.0,1430.0,26999.0,24837.0
2026-04-28,SC-F-CLPILW27x18,B08KT1QRHJ,Cloud Pillow,Pillows,1,851.0,148.0,999.0,851.0
2026-04-28,SC-F-COMF90x100,B08KTCGSQW,Reversible Comforter,Bedding,1,1769.0,330.0,2099.0,1769.0
2026-04-28,SC-F-CON-MFPILWS2-BAM-24x14,B09XFG77VR,Contour Bamboo MF Pillow,Pillows,3,5064.0,633.0,5697.0,5064.0
2026-04-28,SC-F-HYB-LATEX-K-72x70x6,B0F2TGQH37,Hybrid Latex Mattress,Mattress,1,16735.0,1230.0,17965.0,14100.0
2026-04-28,SC-F-HYB-LATEX-K-75x70x6,B0F2TGGZSR,Hybrid Latex Mattress,Mattress,1,16769.0,1230.0,17999.0,15869.0
2026-04-28,SC-F-HYB-LATEX-K-78x72x6,B09XFKM8V6,Hybrid Latex Mattress,Mattress,1,17269.0,1230.0,18499.0,16339.0
2026-04-28,SC-F-HYB-LATEX-K-78x72x8,B09XGCSRXY,Hybrid Latex Mattress,Mattress,1,19969.0,1430.0,21399.0,18327.0
2026-04-28,SC-F-HYB-LATEX-Q-72x60x8,B09XFN2QX3,Hybrid Latex Mattress,Mattress,1,16269.0,1230.0,17499.0,15443.0
2026-04-28,SC-F-HYB-LATEX-Q-78x60x6,B09XGPZKTZ,Hybrid Latex Mattress,Mattress,1,14720.0,1230.0,15950.0,13920.0
2026-04-28,SC-F-HYB-LATEX-Q-78x60x8,B09XFL1H1T,Hybrid Latex Mattress,Mattress,1,16969.0,1230.0,18199.0,15540.0
2026-04-28,SC-F-HYB-LATEX-S-75x36x6,B09XFLCPM3,Hybrid Latex Mattress,Mattress,1,9342.0,950.0,10292.0,9033.0
2026-04-28,SC-F-LITEPILWPSET2-S-27X17,B0CV17V482,Fiber Lite,Pillows,1,701.0,148.0,849.0,701.0
2026-04-28,SC-F-LTX-ORTHO-D-72X48X8,B0G3CY2MBY,Latex Ortho Mattress,Mattress,1,12649.0,950.0,13599.0,12649.0
2026-04-28,SC-F-LTX-ORTHO-K-72X72X8,B0G3C233F8,Latex Ortho Mattress,Mattress,1,17969.0,1230.0,19199.0,17969.0
2026-04-28,SC-F-LTX-ORTHO-Q-75x60x5,B0G7JS5WXQ,Latex Ortho Mattress,Mattress,1,11749.0,950.0,12699.0,11368.0
2026-04-28,SC-F-LTX-ORTHO-S-78X36X6,B0G3CC68LG,Latex Ortho Mattress,Mattress,1,8764.0,810.0,9574.0,8764.0
2026-04-28,SC-F-ORIG-K-72x72x5,B0G25736BD,Original Mattress,Mattress,1,13149.0,950.0,14099.0,10663.0
2026-04-28,SC-F-ORIG-K-75x72x5,B0G253GWFF,Original Mattress,Mattress,1,13549.0,950.0,14499.0,13549.0
2026-04-28,SC-F-ORIG-Q-72x60x5,B0G25BHBT6,Original Mattress,Mattress,1,11149.0,950.0,12099.0,10380.0
2026-04-28,SC-F-PROT-D-78x48,B0822VYH6P,Protector,Bedding,1,662.0,141.0,803.0,662.0
2026-04-28,SC-F-PROT-K-72x72,B0822WG76C,Protector,Bedding,1,844.0,191.0,1035.0,844.0
2026-04-28,SC-F-PROT-Q-72x60,B0822X8LZY,Protector,Bedding,2,1598.0,282.0,1880.0,1598.0
2026-04-28,SC-F-PROT-Q-75x60,B0822WH47T,Protector,Bedding,1,752.0,141.0,893.0,752.0
2026-04-28,SC-F-PROT-Q-78x60,B0822WJWGS,Protector,Bedding,3,2368.0,423.0,2791.0,2368.0
2026-04-28,SC-F-S2MFPILW-26x16x4,B08R8DC5BB,Memory Foam Pillow,Pillows,3,5064.0,633.0,5697.0,5064.0
2026-04-28,SC-F-SMFPILWSET1-BAM-S-22x14,B0F1Y416FR,Small Memory Foam Pillow,Pillows,2,3404.0,296.0,3700.0,3404.0
2026-04-28,SC-F-TBLPILWCS-S-28x18,B0CWLCGJDC,Cotton Pillow Case,Bedding,1,405.0,144.0,549.0,405.0
2026-04-28,SC-F-ULTM-LATEX-K-78x72x8,B0D58NBSN9,Ultima Latex Mattress,Mattress,1,31508.0,1430.0,32938.0,29258.0
2026-04-28,SC-F-ULTM-LATEX-Q-78x60x8,B0D58N5B2F,Ultima Latex Mattress,Mattress,1,28969.0,1430.0,30399.0,28057.0
2026-04-28,SC-MFPILW-BAM-C-25x16,B09XFF5LPL,Contour Bamboo MF Pillow,Pillows,3,2485.0,444.0,2929.0,2485.0
2026-04-28,SC-PILLOW,B0822SXQGH,Memory Foam Pillow,Pillows,2,1652.0,422.0,2074.0,1652.0
2026-04-28,SC-PRPNFTDSHEET-K-78x72,B0C2ZNYG6Y,Cotton Fitted Bedsheet,Bedding,1,1601.0,198.0,1799.0,1601.0
2026-04-28,SC72486,B077Q9YRMY,Original Mattress,Mattress,1,10149.0,950.0,11099.0,9594.0
2026-04-28,SC72606,B078BNQ7M4,Original Mattress,Mattress,2,25498.0,1900.0,27398.0,23827.0
2026-04-28,SC75486,B077Q8RLCP,Original Mattress,Mattress,1,10349.0,950.0,11299.0,9384.0
2026-04-28,SC75606,B0732TMKP8,Original Mattress,Mattress,1,12920.0,950.0,13870.0,12503.0
2026-04-28,SC78606,B0732WFNVL,Original Mattress,Mattress,2,26216.0,1900.0,28116.0,25370.0
2026-04-28,SC78726,B0732Y4N37,Original Mattress,Mattress,1,14768.0,1230.0,15998.0,14334.0
2026-04-28,SCP78608,B07JN4C3NB,Original Mattress,Mattress,1,14869.0,1230.0,16099.0,14386.0
2026-04-28,SCP78728,B07JM7GQG4,Original Mattress,Mattress,1,17169.0,1230.0,18399.0,16249.0
2026-04-28,SCPROK78x72,B0822WWZRV,Protector,Bedding,1,839.0,191.0,1030.0,839.0
2026-04-29,SC-F-72x60x10,B09BFDR5TH,Original Mattress,Mattress,1,15969.0,1230.0,17199.0,15453.0
2026-04-29,SC-F-BDPILW19x50,B08KS2YSFR,Cuddle Pillow,Pillows,1,1465.0,211.0,1676.0,1465.0
2026-04-29,SC-F-CLD-SPR-K-75x72x8,B0DGTCXZ9M,Cloud Spring Mattress,Mattress,1,25569.0,1430.0,26999.0,22639.0
2026-04-29,SC-F-HYB-LATEX-K-72x70x6,B0F2TGQH37,Hybrid Latex Mattress,Mattress,2,33538.0,2460.0,35998.0,30540.0
2026-04-29,SC-F-HYB-LATEX-K-72x72x6,B09XGDZQPC,Hybrid Latex Mattress,Mattress,1,16269.0,1230.0,17499.0,15394.0
2026-04-29,SC-F-HYB-LATEX-K-75x72x8,B09XFL1FR1,Hybrid Latex Mattress,Mattress,1,19469.0,1430.0,20899.0,18424.0
2026-04-29,SC-F-HYB-LATEX-K-78x72x6,B09XFKM8V6,Hybrid Latex Mattress,Mattress,2,34738.0,2460.0,37198.0,30203.0
2026-04-29,SC-F-HYB-LATEX-K-78x72x8,B09XGCSRXY,Hybrid Latex Mattress,Mattress,2,39938.0,2860.0,42798.0,37403.0
2026-04-29,SC-F-HYB-LATEX-Q-72x60x6,B09XGNVN9N,Hybrid Latex Mattress,Mattress,1,14069.0,1230.0,15299.0,13022.0
2026-04-29,SC-F-HYB-LATEX-Q-72x60x8,B09XFN2QX3,Hybrid Latex Mattress,Mattress,1,16269.0,1230.0,17499.0,15071.0
2026-04-29,SC-F-LITEPILWPSET2-S-27X17,B0CV17V482,Fiber Lite,Pillows,2,1402.0,296.0,1698.0,1402.0
2026-04-29,SC-F-LTX-ORTHO-K-72X72X8,B0G3C233F8,Latex Ortho Mattress,Mattress,1,17969.0,1230.0,19199.0,15603.0
2026-04-29,SC-F-LTX-ORTHO-K-78X72X8,B0G3D21NYY,Latex Ortho Mattress,Mattress,2,37337.0,2460.0,39797.0,35774.0
2026-04-29,SC-F-ORIG-K-78x72x4,B0G722YTNC,Original Mattress,Mattress,1,11622.0,950.0,12572.0,9306.0
2026-04-29,SC-F-ORIG-S-72x36x4,B0G71BGCB3,Original Mattress,Mattress,1,6089.0,810.0,6899.0,6089.0
2026-04-29,SC-F-ORIG-S-72x36x5,B0G255BCC2,Original Mattress,Mattress,1,7889.0,810.0,8699.0,7215.0
2026-04-29,SC-F-PROT-K-72x72,B0822WG76C,Protector,Bedding,3,2475.0,573.0,3048.0,2475.0
2026-04-29,SC-F-PROT-Q-72x60,B0822X8LZY,Protector,Bedding,2,1596.0,282.0,1878.0,1596.0
2026-04-29,SC-F-PROT-Q-78x60,B0822WJWGS,Protector,Bedding,2,1551.0,282.0,1833.0,1551.0
2026-04-29,SC-F-S2CLPILW27x18,B08R7MX63N,Cloud Pillow,Pillows,2,3376.0,422.0,3798.0,3376.0
2026-04-29,SC-F-S2MFPILW-26x16x4,B08R8DC5BB,Memory Foam Pillow,Pillows,2,3350.0,422.0,3772.0,3167.0
2026-04-29,SC-F-SLMPILWSET2-S-26x16,B09XBNLXW7,Slim Pillow,Pillows,1,1588.0,211.0,1799.0,1588.0
2026-04-29,SC-MFPILW-BAM-C-25x16,B09XFF5LPL,Contour Bamboo MF Pillow,Pillows,3,2416.0,444.0,2860.0,2339.0
2026-04-29,SC-PILLOW,B0822SXQGH,Memory Foam Pillow,Pillows,1,826.0,211.0,1037.0,826.0
2026-04-29,SC75606,B0732TMKP8,Original Mattress,Mattress,1,12949.0,950.0,13899.0,12254.0
2026-04-29,SCP72608,B07MHZTP8Q,Original Mattress,Mattress,1,13966.0,1230.0,15196.0,12625.0
2026-04-29,SCP78608,B07JN4C3NB,Original Mattress,Mattress,1,14861.0,1230.0,16091.0,13291.0
2026-04-29,SCPROK78x72,B0822WWZRV,Protector,Bedding,6,5064.0,1146.0,6210.0,5001.0
2026-04-29,SCPROS75x36,B0822V9JY4,Protector,Bedding,1,609.0,141.0,750.0,609.0
2026-04-30,SC-F-4TFOLD-BL-72X48,B0FHF65C2R,Tri-fold Mattress,Mattress,2,11178.0,1620.0,12798.0,10986.0
2026-04-30,SC-F-72x60x10,B09BFDR5TH,Original Mattress,Mattress,1,15969.0,1230.0,17199.0,15109.0
2026-04-30,SC-F-75x72x10,B09BFC4KSB,Original Mattress,Mattress,1,19069.0,1430.0,20499.0,18044.0
2026-04-30,SC-F-CON-MFPILWS2-BAM-24x14,B09XFG77VR,Contour Bamboo MF Pillow,Pillows,3,5040.0,633.0,5673.0,5040.0
2026-04-30,SC-F-HYB-LATEX-K-72x72x6,B09XGDZQPC,Hybrid Latex Mattress,Mattress,1,16269.0,1230.0,17499.0,15744.0
2026-04-30,SC-F-HYB-LATEX-K-78x72x6,B09XFKM8V6,Hybrid Latex Mattress,Mattress,3,52018.0,3690.0,55708.0,48879.0
2026-04-30,SC-F-HYB-LATEX-Q-72x60x6,B09XGNVN9N,Hybrid Latex Mattress,Mattress,1,14069.0,1230.0,15299.0,12431.0
2026-04-30,SC-F-HYB-LATEX-Q-78x60x6,B09XGPZKTZ,Hybrid Latex Mattress,Mattress,1,14769.0,1230.0,15999.0,12490.0
2026-04-30,SC-F-HYB-LATEX-Q-78x60x8,B09XFL1H1T,Hybrid Latex Mattress,Mattress,1,16969.0,1230.0,18199.0,16059.0
2026-04-30,SC-F-HYB-LATEX-S-72x30x6,B0C857R73C,Hybrid Latex Mattress,Mattress,1,9089.0,950.0,10039.0,8802.0
2026-04-30,SC-F-LITEPILWPSET2-S-27X17,B0CV17V482,Fiber Lite,Pillows,2,1402.0,296.0,1698.0,1316.0
2026-04-30,SC-F-LTX-ORTHO-K-78X72X6,B0G3BY1NZH,Latex Ortho Mattress,Mattress,1,16234.0,1230.0,17464.0,16234.0
2026-04-30,SC-F-LTX-ORTHO-Q-75X66X6,B0G3CT4ZKM,Latex Ortho Mattress,Mattress,1,15569.0,1230.0,16799.0,15569.0
2026-04-30,SC-F-LTX-ORTHO-S-78X36X6,B0G3CC68LG,Latex Ortho Mattress,Mattress,1,8789.0,810.0,9599.0,8789.0
2026-04-30,SC-F-ORIG-K-78x72x4,B0G722YTNC,Original Mattress,Mattress,1,11608.0,950.0,12558.0,9833.0
2026-04-30,SC-F-ORIG-Q-78x60x4,B0G71QBLSG,Original Mattress,Mattress,1,9349.0,950.0,10299.0,9349.0
2026-04-30,SC-F-ORIG-S-72x30x6,B0BB7575JC,Original Mattress,Mattress,1,7389.0,810.0,8199.0,7002.0
2026-04-30,SC-F-PROT-Q-72x60,B0822X8LZY,Protector,Bedding,1,799.0,141.0,940.0,799.0
2026-04-30,SC-F-PROT-Q-75x60,B0822WH47T,Protector,Bedding,2,1598.0,282.0,1880.0,1598.0
2026-04-30,SC-F-PROT-Q-78x60,B0822WJWGS,Protector,Bedding,2,1598.0,282.0,1880.0,1598.0
2026-04-30,SC-F-PROT-Q-78x66,B0822XLRG1,Protector,Bedding,1,847.0,141.0,988.0,847.0
2026-04-30,SC-F-PRPNPILWCS-S-28x18,B0CWL52SCG,Cotton Pillow Case,Bedding,1,396.0,153.0,549.0,388.0
2026-04-30,SC-F-S2CLPILW27x18,B08R7MX63N,Cloud Pillow,Pillows,1,1688.0,211.0,1899.0,1688.0
2026-04-30,SC-F-S2MFPILW-26x16x4,B08R8DC5BB,Memory Foam Pillow,Pillows,3,5064.0,633.0,5697.0,4986.0
2026-04-30,SC-MFPILW-BAM-C-25x16,B09XFF5LPL,Contour Bamboo MF Pillow,Pillows,8,8420.0,1184.0,9604.0,8165.0
2026-04-30,SC-PILLOW,B0822SXQGH,Memory Foam Pillow,Pillows,4,3379.0,844.0,4223.0,3261.0
2026-04-30,SC-ULTM-Q-78x60x8,B09XGNTMB7,Ultima Mattress,Mattress,1,20369.0,1430.0,21799.0,18524.0
2026-04-30,SC72606,B078BNQ7M4,Original Mattress,Mattress,1,12749.0,950.0,13699.0,12749.0
2026-04-30,SCP72608,B07MHZTP8Q,Original Mattress,Mattress,1,13969.0,1230.0,15199.0,13513.0
2026-04-30,SCP72728,B07M72KSRM,Original Mattress,Mattress,1,16469.0,1230.0,17699.0,15584.0
2026-04-30,SCP75488,B07NLFVP6H,Original Mattress,Mattress,1,12049.0,950.0,12999.0,11399.0
2026-04-30,SCP78728,B07JM7GQG4,Original Mattress,Mattress,1,17113.0,1230.0,18343.0,16561.0
2026-04-30,SCPROD75x48,B0822XBCF1,Protector,Bedding,2,1375.0,282.0,1657.0,1375.0
2026-04-30,SCPROK78x72,B0822WWZRV,Protector,Bedding,5,9258.0,955.0,10213.0,9258.0
2026-05-01,SC-F-4TFOLD-BL-72X36,B0FHF2DKQZ,Tri-fold Mattress,Mattress,1,4389.0,810.0,5199.0,4389.0
2026-05-01,SC-F-4TFOLD-BL-72X48,B0FHF65C2R,Tri-fold Mattress,Mattress,1,5589.0,810.0,6399.0,5205.0
2026-05-01,SC-F-BDPILW19x50,B08KS2YSFR,Cuddle Pillow,Pillows,1,1589.0,211.0,1800.0,1409.0
2026-05-01,SC-F-CLPILW27x18,B08KT1QRHJ,Cloud Pillow,Pillows,1,851.0,148.0,999.0,767.0
2026-05-01,SC-F-CON-MFPILW-CLT-24x14,B09XFFBND4,Contour Bamboo MF Pillow,Pillows,1,1788.0,211.0,1999.0,1588.0
2026-05-01,SC-F-CON-MFPILWS2-BAM-24x14,B09XFG77VR,Contour Bamboo MF Pillow,Pillows,3,4944.0,633.0,5577.0,4395.0
2026-05-01,SC-F-CTR-LTX-BAM-24x16,B0F2N7Q9H3,Contour Latex Pillow,Pillows,2,4376.0,422.0,4798.0,3903.0
2026-05-01,SC-F-HYB-LATEX-D-72x48x8,B09XGGGNN9,Hybrid Latex Mattress,Mattress,2,27298.0,1900.0,29198.0,24587.0
2026-05-01,SC-F-HYB-LATEX-K-72x70x6,B0F2TGQH37,Hybrid Latex Mattress,Mattress,1,16769.0,1230.0,17999.0,14843.0
2026-05-01,SC-F-HYB-LATEX-K-75x70x6,B0F2TGGZSR,Hybrid Latex Mattress,Mattress,1,16769.0,1230.0,17999.0,15869.0
2026-05-01,SC-F-HYB-LATEX-K-75x72x6,B09XFLVCHN,Hybrid Latex Mattress,Mattress,1,16709.0,1230.0,17939.0,14834.0
2026-05-01,SC-F-HYB-LATEX-K-75x72x8,B09XFL1FR1,Hybrid Latex Mattress,Mattress,2,38689.0,2860.0,41549.0,35618.0
2026-05-01,SC-F-HYB-LATEX-K-78x72x6,B09XFKM8V6,Hybrid Latex Mattress,Mattress,1,17369.0,1230.0,18599.0,16997.0
2026-05-01,SC-F-HYB-LATEX-K-78x72x8,B09XGCSRXY,Hybrid Latex Mattress,Mattress,4,79876.0,5720.0,85596.0,71797.0
2026-05-01,SC-F-HYB-LATEX-Q-72x60x8,B09XFN2QX3,Hybrid Latex Mattress,Mattress,1,16253.0,1230.0,17483.0,15378.0
2026-05-01,SC-F-HYB-LATEX-Q-75x60x8,B09XFRNJCD,Hybrid Latex Mattress,Mattress,1,16569.0,1230.0,17799.0,15814.0
2026-05-01,SC-F-HYB-LATEX-Q-78x60x6,B09XGPZKTZ,Hybrid Latex Mattress,Mattress,1,14740.0,1230.0,15970.0,12982.0
2026-05-01,SC-F-HYB-LATEX-Q-78x60x8,B09XFL1H1T,Hybrid Latex Mattress,Mattress,2,33938.0,2460.0,36398.0,31247.0
2026-05-01,SC-F-LITEPILWPSET2-S-27X17,B0CV17V482,Fiber Lite,Pillows,3,2103.0,444.0,2547.0,1880.0
2026-05-01,SC-F-LTX-ORTHO-K-75X72X6,B0G3C92JXT,Latex Ortho Mattress,Mattress,1,15569.0,1230.0,16799.0,15569.0
2026-05-01,SC-F-MRQLTPROT-D-78x48,B0GGSLCD9X,Protector,Bedding,1,948.0,191.0,1139.0,851.0
2026-05-01,SC-F-NBQLTPROT-D-72x48,B0GGSPVDCG,Protector,Bedding,1,924.0,191.0,1115.0,810.0
2026-05-01,SC-F-NBQLTPROT-D-75x48,B0GGSQZYHY,Protector,Bedding,1,948.0,191.0,1139.0,851.0
2026-05-01,SC-F-ORIG-Q-78x60x4,B0G71QBLSG,Original Mattress,Mattress,1,9333.0,950.0,10283.0,8716.0
2026-05-01,SC-F-PROT-D-78x48,B0822VYH6P,Protector,Bedding,1,704.0,141.0,845.0,619.0
2026-05-01,SC-F-PROT-K-72x72,B0822WG76C,Protector,Bedding,1,830.0,191.0,1021.0,733.0
2026-05-01,SC-F-PROT-Q-72x60,B0822X8LZY,Protector,Bedding,1,787.0,141.0,928.0,606.0
2026-05-01,SC-F-PROT-Q-75x60,B0822WH47T,Protector,Bedding,2,1598.0,282.0,1880.0,1389.0
2026-05-01,SC-F-PROT-Q-78x60,B0822WJWGS,Protector,Bedding,1,799.0,141.0,940.0,705.0
2026-05-01,SC-F-PTGPCOMF-D-90x100,B0FR3G84GM,Reversible Comforter,Bedding,1,2009.0,290.0,2299.0,1786.0
2026-05-01,SC-F-S2CLPILW27x18,B08R7MX63N,Cloud Pillow,Pillows,3,5064.0,633.0,5697.0,4511.0
2026-05-01,SC-F-S2MFPILW-26x16x4,B08R8DC5BB,Memory Foam Pillow,Pillows,2,3345.0,422.0,3767.0,2981.0
2026-05-01,SC-F-S4MFPILW-26x16x4,B08R8DQ3T4,Memory Foam Pillow,Pillows,1,3588.0,211.0,3799.0,3225.0
2026-05-01,SC-F-SLMPILWSET2-S-26x16,B09XBNLXW7,Slim Pillow,Pillows,1,1588.0,211.0,1799.0,1415.0
2026-05-01,SC-F-SLSTPILWCS-S-28x18,B0CWKZHV5T,Cotton Pillow Case,Bedding,1,496.0,153.0,649.0,431.0
2026-05-01,SC-F-SMFPILWSET1-BAM-S-22x14,B0F1Y416FR,Small Memory Foam Pillow,Pillows,1,851.0,148.0,999.0,751.0
2026-05-01,SC-F-STD-LTX-BAM-24x16,B0F2SWXPMT,Standard Latex Pillow,Pillows,1,2119.0,211.0,2330.0,1886.0
2026-05-01,SC-F-TBLFTDSHEET-K-78x72,B0BF52YR1M,Cotton Fitted Bedsheet,Bedding,1,1601.0,198.0,1799.0,1421.0
2026-05-01,SC-F-ULTM-LATEX-K-78x72x8,B0D58NBSN9,Ultima Latex Mattress,Mattress,1,31769.0,1430.0,33199.0,30109.0
2026-05-01,SC-F-ZSJRFTDSHEET-D-72x48,B0CZLMRNP8,Jersey Fitted Bed sheet,Bedding,1,1501.0,198.0,1699.0,1303.0
2026-05-01,SC-MFPILW-BAM-C-25x16,B09XFF5LPL,Contour Bamboo MF Pillow,Pillows,8,8510.0,1184.0,9694.0,7128.0
2026-05-01,SC-OBCHFTDSHEET-K-78x72,B0BX6PXMT9,Cotton Fitted Bedsheet,Bedding,1,1839.0,198.0,2037.0,1651.0
2026-05-01,SC-PETBEDORIG-N.Blue-XL-54x36,B09XXXVG2F,Pet Bed,Beds,1,1747.0,352.0,2099.0,1597.0
2026-05-01,SC-PILLOW,B0822SXQGH,Memory Foam Pillow,Pillows,11,14327.0,2321.0,16648.0,12481.0
2026-05-01,SC72606,B078BNQ7M4,Original Mattress,Mattress,2,24515.0,1900.0,26415.0,22423.0
2026-05-01,SC75486,B077Q8RLCP,Original Mattress,Mattress,1,10340.0,950.0,11290.0,9775.0
2026-05-01,SC75606,B0732TMKP8,Original Mattress,Mattress,2,25898.0,1900.0,27798.0,24508.0
2026-05-01,SC78606,B0732WFNVL,Original Mattress,Mattress,1,13149.0,950.0,14099.0,11774.0
2026-05-01,SC78726,B0732Y4N37,Original Mattress,Mattress,2,29503.0,2460.0,31963.0,27453.0
2026-05-01,SCP72608,B07MHZTP8Q,Original Mattress,Mattress,1,13942.0,1230.0,15172.0,13183.0
2026-05-01,SCP72728,B07M72KSRM,Original Mattress,Mattress,2,32938.0,2460.0,35398.0,29044.0
2026-05-01,SCPROK78x72,B0822WWZRV,Protector,Bedding,12,13247.0,2292.0,15539.0,11621.0
2026-05-02,SC-F-4TFOLD-BL-72X48,B0FHF65C2R,Tri-fold Mattress,Mattress,3,16672.0,2430.0,19102.0,15473.0
2026-05-02,SC-F-BDPILW19x50,B08KS2YSFR,Cuddle Pillow,Pillows,1,1589.0,211.0,1800.0,1432.0
2026-05-02,SC-F-CON-MFPILWS2-BAM-24x14,B09XFG77VR,Contour Bamboo MF Pillow,Pillows,4,6712.0,844.0,7556.0,5966.0
2026-05-02,SC-F-DGRPILWCS-S-28x18,B0CWL2NG34,Cotton Pillow Case,Bedding,1,414.0,135.0,549.0,359.0
2026-05-02,SC-F-HYB-LATEX-K-72x70x8,B0F2TJJVDM,Hybrid Latex Mattress,Mattress,1,19269.0,1430.0,20699.0,17404.0
2026-05-02,SC-F-HYB-LATEX-K-72x72x6,B09XGDZQPC,Hybrid Latex Mattress,Mattress,1,16219.0,1230.0,17449.0,15346.0
2026-05-02,SC-F-HYB-LATEX-K-75x70x6,B0F2TGGZSR,Hybrid Latex Mattress,Mattress,1,16763.0,1230.0,17993.0,15863.0
2026-05-02,SC-F-HYB-LATEX-K-78x72x6,B09XFKM8V6,Hybrid Latex Mattress,Mattress,1,17369.0,1230.0,18599.0,16439.0
2026-05-02,SC-F-HYB-LATEX-K-78x72x8,B09XGCSRXY,Hybrid Latex Mattress,Mattress,4,79860.0,5720.0,85580.0,71280.0
2026-05-02,SC-F-HYB-LATEX-Q-78x60x8,B09XFL1H1T,Hybrid Latex Mattress,Mattress,3,50907.0,3690.0,54597.0,42733.0
2026-05-02,SC-F-HYBPILWSET2-S-26x16,B09XF52Y5P,Hybrid Pillow,Pillows,1,3281.0,211.0,3492.0,2938.0
2026-05-02,SC-F-LITEPILWPSET2-S-27X17,B0CV17V482,Fiber Lite,Pillows,3,2100.0,444.0,2544.0,1859.0
2026-05-02,SC-F-LTX-ORTHO-D-72X48X6,B0G3CFZX69,Latex Ortho Mattress,Mattress,1,10849.0,950.0,11799.0,10849.0
2026-05-02,SC-F-LTX-ORTHO-K-75X72X8,B0G3CC4M7Y,Latex Ortho Mattress,Mattress,1,18669.0,1230.0,19899.0,18669.0
2026-05-02,SC-F-LTX-ORTHO-K-75x72x5,B0G7JNQ78N,Latex Ortho Mattress,Mattress,1,13224.0,950.0,14174.0,12373.0
2026-05-02,SC-F-LTX-ORTHO-K-78x72x5,B0G7JCBDJJ,Latex Ortho Mattress,Mattress,1,13849.0,950.0,14799.0,13396.0
2026-05-02,SC-F-ORIG-D-72x48x4,B0G71HHRVT,Original Mattress,Mattress,1,8089.0,810.0,8899.0,8089.0
2026-05-02,SC-F-ORIG-K-72x70x6,B0F2TGN1KQ,Original Mattress,Mattress,1,14369.0,1230.0,15599.0,13584.0
2026-05-02,SC-F-ORIG-K-78x72x4,B0G722YTNC,Original Mattress,Mattress,1,11649.0,950.0,12599.0,11649.0
2026-05-02,SC-F-ORIG-Q-72x60x5,B0G25BHBT6,Original Mattress,Mattress,1,11149.0,950.0,12099.0,10544.0
2026-05-02,SC-F-PROT-D-78x48,B0822VYH6P,Protector,Bedding,1,704.0,141.0,845.0,606.0
2026-05-02,SC-F-PROT-K-72x72,B0822WG76C,Protector,Bedding,3,2511.0,573.0,3084.0,2206.0
2026-05-02,SC-F-PROT-K-84x72,B0FV89YKNN,Protector,Bedding,1,949.0,191.0,1140.0,842.0
2026-05-02,SC-F-PROT-Q-72x60,B0822X8LZY,Protector,Bedding,1,799.0,141.0,940.0,712.0
2026-05-02,SC-F-S2CLPILW27x18,B08R7MX63N,Cloud Pillow,Pillows,3,5064.0,633.0,5697.0,4494.0
2026-05-02,SC-F-S2MFPILW-26x16x4,B08R8DC5BB,Memory Foam Pillow,Pillows,4,6735.0,844.0,7579.0,5969.0
2026-05-02,SC-F-S4MFPILW-26x16x4,B08R8DQ3T4,Memory Foam Pillow,Pillows,1,3588.0,211.0,3799.0,3215.0
2026-05-02,SC-F-STD-LTX-BAM-24x16,B0F2SWXPMT,Standard Latex Pillow,Pillows,2,8476.0,422.0,8898.0,7544.0
2026-05-02,SC-F-ULTM-LATEX-K-78x72x8,B0D58NBSN9,Ultima Latex Mattress,Mattress,2,63538.0,2860.0,66398.0,54860.0
2026-05-02,SC-MFPILW-BAM-C-25x16,B09XFF5LPL,Contour Bamboo MF Pillow,Pillows,8,6681.0,1184.0,7865.0,5864.0
2026-05-02,SC-PILLOW,B0822SXQGH,Memory Foam Pillow,Pillows,11,9193.0,2321.0,11514.0,7949.0
2026-05-02,SC-ULTM-K-72x72x8,B09XGNVVYK,Ultima Mattress,Mattress,1,23269.0,1430.0,24699.0,22221.0
2026-05-02,SC-ULTM-Q-78x60x8,B09XGNTMB7,Ultima Mattress,Mattress,2,40738.0,2860.0,43598.0,38584.0
2026-05-02,SC72366,B078BRGTDM,Original Mattress,Mattress,1,8189.0,810.0,8999.0,8189.0
2026-05-02,SC72606,B078BNQ7M4,Original Mattress,Mattress,1,12749.0,950.0,13699.0,12064.0
2026-05-02,SC72726,B077QJVWBR,Original Mattress,Mattress,1,14469.0,1230.0,15699.0,12938.0
2026-05-02,SC75486,B077Q8RLCP,Original Mattress,Mattress,1,10349.0,950.0,11299.0,9784.0
2026-05-02,SC78726,B0732Y4N37,Original Mattress,Mattress,1,14769.0,1230.0,15999.0,13969.0
2026-05-02,SCPROK78x72,B0822WWZRV,Protector,Bedding,5,4214.0,955.0,5169.0,3674.0
2026-05-03,SC-F-4TFOLD-BL-72X48,B0FHF65C2R,Tri-fold Mattress,Mattress,1,5589.0,810.0,6399.0,4921.0
2026-05-03,SC-F-CON-MFPILWS2-BAM-24x14,B09XFG77VR,Contour Bamboo MF Pillow,Pillows,5,8440.0,1055.0,9495.0,7497.0
2026-05-03,SC-F-HYB-LATEX-K-72x72x6,B09XGDZQPC,Hybrid Latex Mattress,Mattress,2,32538.0,2460.0,34998.0,30788.0
2026-05-03,SC-F-HYB-LATEX-K-75x72x6,B09XFLVCHN,Hybrid Latex Mattress,Mattress,2,33538.0,2460.0,35998.0,30115.0
2026-05-03,SC-F-HYB-LATEX-K-78x72x6,B09XFKM8V6,Hybrid Latex Mattress,Mattress,2,34738.0,2460.0,37198.0,31157.0
2026-05-03,SC-F-HYB-LATEX-K-78x72x8,B09XGCSRXY,Hybrid Latex Mattress,Mattress,6,119768.0,8580.0,128348.0,105141.0
2026-05-03,SC-F-HYB-LATEX-Q-72x60x8,B09XFN2QX3,Hybrid Latex Mattress,Mattress,1,16269.0,1230.0,17499.0,14562.0
2026-05-03,SC-F-HYB-LATEX-Q-78x60x6,B09XGPZKTZ,Hybrid Latex Mattress,Mattress,1,14769.0,1230.0,15999.0,12490.0
2026-05-03,SC-F-HYB-LATEX-Q-78x60x8,B09XFL1H1T,Hybrid Latex Mattress,Mattress,3,50860.0,3690.0,54550.0,46404.0
2026-05-03,SC-F-HYBPILWSET2-S-26x16,B09XF52Y5P,Hybrid Pillow,Pillows,1,3243.0,211.0,3454.0,2927.0
2026-05-03,SC-F-LITEPILWPSET2-S-27X17,B0CV17V482,Fiber Lite,Pillows,2,1402.0,296.0,1698.0,1239.0
2026-05-03,SC-F-LTX-ORTHO-D-72x48x5,B0G7J4C6NX,Latex Ortho Mattress,Mattress,1,9649.0,950.0,10599.0,9119.0
2026-05-03,SC-F-LTX-ORTHO-S-72X30X8,B0G3BW8QFQ,Latex Ortho Mattress,Mattress,2,16159.0,1620.0,17779.0,14732.0
2026-05-03,SC-F-LTX-ORTHO-S-72X36X6,B0G3CC722B,Latex Ortho Mattress,Mattress,1,8489.0,810.0,9299.0,8246.0
2026-05-03,SC-F-MRQLTPROT-D-72x48,B0GGSLL9VV,Protector,Bedding,1,948.0,191.0,1139.0,746.0
2026-05-03,SC-F-ORIG-D-72x48x10,B0BB7KCGYN,Original Mattress,Mattress,2,26798.0,1900.0,28698.0,25576.0
2026-05-03,SC-F-ORIG-D-72x48x4,B0G71HHRVT,Original Mattress,Mattress,1,8065.0,810.0,8875.0,8065.0
2026-05-03,SC-F-ORIG-D-75x48x4,B0G71S9GW3,Original Mattress,Mattress,1,8089.0,810.0,8899.0,8089.0
2026-05-03,SC-F-ORIG-Q-78x60x4,B0G71QBLSG,Original Mattress,Mattress,1,9349.0,950.0,10299.0,9349.0
2026-05-03,SC-F-PROT-K-72x72,B0822WG76C,Protector,Bedding,4,3331.0,764.0,4095.0,2894.0
2026-05-03,SC-F-PROT-K-84x72,B0FV89YKNN,Protector,Bedding,2,1898.0,382.0,2280.0,1659.0
2026-05-03,SC-F-PROT-Q-72x60,B0822X8LZY,Protector,Bedding,1,799.0,141.0,940.0,721.0
2026-05-03,SC-F-PROT-Q-75x66,B0822V9JY7,Protector,Bedding,1,858.0,141.0,999.0,765.0
2026-05-03,SC-F-PROT-Q-78x60,B0822WJWGS,Protector,Bedding,1,799.0,141.0,940.0,685.0
2026-05-03,SC-F-PROT-S-72x36,B0822W49Z9,Protector,Bedding,1,609.0,141.0,750.0,467.0
2026-05-03,SC-F-S2CLPILW27x18,B08R7MX63N,Cloud Pillow,Pillows,2,3328.0,422.0,3750.0,2948.0
2026-05-03,SC-F-S2MFPILW-26x16x4,B08R8DC5BB,Memory Foam Pillow,Pillows,5,8393.0,1055.0,9448.0,7473.0
2026-05-03,SC-F-S4MFPILW-26x16x4,B08R8DQ3T4,Memory Foam Pillow,Pillows,3,10764.0,633.0,11397.0,9658.0
2026-05-03,SC-F-SLMPILWSET2-S-26x16,B09XBNLXW7,Slim Pillow,Pillows,1,1588.0,211.0,1799.0,1408.0
2026-05-03,SC-F-SLSTDVTCOVER-S-90x60,B0CW9SHX3D,Cotton Duvet cover,Bedding,1,1326.0,256.0,1582.0,1170.0
2026-05-03,SC-F-SMFPILWSET1-BAM-S-22x14,B0F1Y416FR,Small Memory Foam Pillow,Pillows,1,851.0,148.0,999.0,758.0
2026-05-03,SC-MFPILW-BAM-C-25x16,B09XFF5LPL,Contour Bamboo MF Pillow,Pillows,8,6680.0,1184.0,7864.0,5933.0
2026-05-03,SC-PILLOW,B0822SXQGH,Memory Foam Pillow,Pillows,13,14331.0,2743.0,17074.0,12579.0
2026-05-03,SC75366,B077Q9YRMV,Original Mattress,Mattress,1,8389.0,810.0,9199.0,7929.0
2026-05-03,SCP72488,B07PVC8NR5,Original Mattress,Mattress,1,11649.0,950.0,12599.0,11019.0
2026-05-03,SCP75488,B07NLFVP6H,Original Mattress,Mattress,1,12049.0,950.0,12999.0,11505.0
2026-05-03,SCP75728,B07MHZVDNP,Original Mattress,Mattress,1,16944.0,1230.0,18174.0,16034.0
2026-05-03,SCPROK78x72,B0822WWZRV,Protector,Bedding,1,844.0,191.0,1035.0,756.0
2026-05-03,SCPROS75x36,B0822V9JY4,Protector,Bedding,2,2436.0,282.0,2718.0,2136.0
2026-05-04,SC-F-4TFOLD-BL-72X36,B0FHF2DKQZ,Tri-fold Mattress,Mattress,1,4341.0,810.0,5151.0,4341.0
2026-05-04,SC-F-CON-MFPILW-CLT-24x14,B09XFFBND4,Contour Bamboo MF Pillow,Pillows,1,1788.0,211.0,1999.0,1595.0
2026-05-04,SC-F-CON-MFPILWS2-BAM-24x14,B09XFG77VR,Contour Bamboo MF Pillow,Pillows,1,1688.0,211.0,1899.0,1498.0
2026-05-04,SC-F-HYB-LATEX-K-72x72x6,B09XGDZQPC,Hybrid Latex Mattress,Mattress,1,16269.0,1230.0,17499.0,14289.0
2026-05-04,SC-F-HYB-LATEX-K-78x72x8,B09XGCSRXY,Hybrid Latex Mattress,Mattress,1,19969.0,1430.0,21399.0,18899.0
2026-05-04,SC-F-HYB-LATEX-Q-72x60x6,B09XGNVN9N,Hybrid Latex Mattress,Mattress,1,14069.0,1230.0,15299.0,12193.0
2026-05-04,SC-F-HYB-LATEX-Q-72x60x8,B09XFN2QX3,Hybrid Latex Mattress,Mattress,1,16269.0,1230.0,17499.0,15394.0
2026-05-04,SC-F-HYB-LATEX-Q-75x60x8,B09XFRNJCD,Hybrid Latex Mattress,Mattress,1,16569.0,1230.0,17799.0,15679.0
2026-05-04,SC-F-LTX-ORTHO-D-75X48X6,B0G3CLHBKX,Latex Ortho Mattress,Mattress,1,10849.0,950.0,11799.0,10541.0
2026-05-04,SC-F-ORIG-D-72x48x10,B0BB7KCGYN,Original Mattress,Mattress,2,26874.0,1900.0,28774.0,26154.0
2026-05-04,SC-F-ORIG-K-72x70x8,B0F2TGCPMR,Original Mattress,Mattress,1,16369.0,1230.0,17599.0,15484.0
2026-05-04,SC-F-ORIG-K-84x72x6,B0BB72TBNX,Original Mattress,Mattress,1,15269.0,1230.0,16499.0,13336.0
2026-05-04,SC-F-PETORTHO-L-24x48,B091CVV1CN,Pet Bed,Beds,1,2147.0,352.0,2499.0,2015.0
2026-05-04,SC-F-PROT-K-72x72,B0822WG76C,Protector,Bedding,3,2500.0,573.0,3073.0,2210.0
2026-05-04,SC-F-PROT-Q-75x60,B0822WH47T,Protector,Bedding,1,799.0,141.0,940.0,705.0
2026-05-04,SC-F-PROT-Q-78x60,B0822WJWGS,Protector,Bedding,1,789.0,141.0,930.0,703.0
2026-05-04,SC-F-S2CLPILW27x18,B08R7MX63N,Cloud Pillow,Pillows,2,3376.0,422.0,3798.0,2929.0
2026-05-04,SC-F-S2MFPILW-26x16x4,B08R8DC5BB,Memory Foam Pillow,Pillows,8,13485.0,1688.0,15173.0,11918.0
2026-05-04,SC-F-S4CLPILW32x20,B08V53Z18N,Cloud Pillow,Pillows,1,3148.0,211.0,3359.0,2847.0
2026-05-04,SC-F-SLMPILWSET2-S-26x16,B09XBNLXW7,Slim Pillow,Pillows,1,1588.0,211.0,1799.0,1426.0
2026-05-04,SC-F-SMFPILWSET1-BAM-S-22x14,B0F1Y416FR,Small Memory Foam Pillow,Pillows,1,801.0,148.0,949.0,709.0
2026-05-04,SC-F-TBLPILWCS-S-28x18,B0CWLCGJDC,Cotton Pillow Case,Bedding,1,405.0,144.0,549.0,357.0
2026-05-04,SC-MFPILW-BAM-C-25x16,B09XFF5LPL,Contour Bamboo MF Pillow,Pillows,2,1652.0,296.0,1948.0,1400.0
2026-05-04,SC-PETBEDORTHO-M.Red-L-48X24,B0FSTDKK48,Pet Bed,Beds,1,2147.0,352.0,2499.0,1886.0
2026-05-04,SC-PETBEDORTHO-M.Red-XL-52X28,B09XXW2K8T,Pet Bed,Beds,1,2847.0,352.0,3199.0,2722.0
2026-05-04,SC-PETBEDORTHO-N.Blue-XL-52X28,B0FST5VM2L,Pet Bed,Beds,1,2847.0,352.0,3199.0,2705.0
2026-05-04,SC-PILLOW,B0822SXQGH,Memory Foam Pillow,Pillows,6,5049.0,1266.0,6315.0,4478.0
2026-05-04,SC-SLMPILW-S-26x16,B09XBMFFZY,Slim Pillow,Pillows,1,801.0,148.0,949.0,723.0
2026-05-04,SC-ULTM-K-75x72x8,B09XGPHT52,Ultima Mattress,Mattress,1,23269.0,1430.0,24699.0,22104.0
2026-05-04,SC72606,B078BNQ7M4,Original Mattress,Mattress,1,12747.0,950.0,13697.0,11087.0
2026-05-04,SC78726,B0732Y4N37,Original Mattress,Mattress,1,14769.0,1230.0,15999.0,12490.0
2026-05-04,SCP72488,B07PVC8NR5,Original Mattress,Mattress,2,23297.0,1900.0,25197.0,20971.0
2026-05-04,SCP72728,B07M72KSRM,Original Mattress,Mattress,1,16463.0,1230.0,17693.0,14473.0
2026-05-04,SCP75488,B07NLFVP6H,Original Mattress,Mattress,1,11975.0,950.0,12925.0,11325.0
2026-05-04,SCP78728,B07JM7GQG4,Original Mattress,Mattress,1,17169.0,1230.0,18399.0,16249.0
2026-05-04,SCPROD75x48,B0822XBCF1,Protector,Bedding,1,704.0,141.0,845.0,627.0
2026-05-04,SCPROK78x72,B0822WWZRV,Protector,Bedding,2,1668.0,382.0,2050.0,1369.0
2026-05-05,SC-BABY48244,B07Y37P1T3,Baby Mattress,Mattress,1,1742.0,457.0,2199.0,1640.0
2026-05-05,SC-F-4TFOLD-BL-72X36,B0FHF2DKQZ,Tri-fold Mattress,Mattress,2,8764.0,1620.0,10384.0,8359.0
2026-05-05,SC-F-4TFOLD-BL-72X48,B0FHF65C2R,Tri-fold Mattress,Mattress,1,5589.0,810.0,6399.0,4949.0
2026-05-05,SC-F-CLPILW27x18,B08KT1QRHJ,Cloud Pillow,Pillows,2,1702.0,296.0,1998.0,1502.0
2026-05-05,SC-F-CON-MFPILW-CLT-24x14,B09XFFBND4,Contour Bamboo MF Pillow,Pillows,1,1788.0,211.0,1999.0,1606.0
2026-05-05,SC-F-CON-MFPILWS2-BAM-24x14,B09XFG77VR,Contour Bamboo MF Pillow,Pillows,2,3376.0,422.0,3798.0,3012.0
2026-05-05,SC-F-CTR-LTX-BAM-24x16,B0F2N7Q9H3,Contour Latex Pillow,Pillows,1,2188.0,211.0,2399.0,1956.0
2026-05-05,SC-F-GYQLTPROT-Q-75x60,B0GMJR3HKK,Protector,Bedding,1,1233.0,191.0,1424.0,1090.0
2026-05-05,SC-F-HYB-LATEX-K-72x72x6,B09XGDZQPC,Hybrid Latex Mattress,Mattress,1,16269.0,1230.0,17499.0,14210.0
2026-05-05,SC-F-HYB-LATEX-K-72x72x8,B09XFMGSKV,Hybrid Latex Mattress,Mattress,1,18969.0,1430.0,20399.0,18104.0
2026-05-05,SC-F-HYB-LATEX-K-75x70x6,B0F2TGGZSR,Hybrid Latex Mattress,Mattress,1,16769.0,1230.0,17999.0,15869.0
2026-05-05,SC-F-HYB-LATEX-K-75x72x6,B09XFLVCHN,Hybrid Latex Mattress,Mattress,1,16769.0,1230.0,17999.0,15869.0
2026-05-05,SC-F-HYB-LATEX-Q-72x60x6,B09XGNVN9N,Hybrid Latex Mattress,Mattress,2,28138.0,2460.0,30598.0,26724.0
2026-05-05,SC-F-HYB-LATEX-Q-72x60x8,B09XFN2QX3,Hybrid Latex Mattress,Mattress,1,16269.0,1230.0,17499.0,14289.0
2026-05-05,SC-F-HYB-LATEX-Q-75x60x6,B09XGK6Q4L,Hybrid Latex Mattress,Mattress,1,14369.0,1230.0,15599.0,13589.0
2026-05-05,SC-F-HYB-LATEX-Q-78x60x6,B09XGPZKTZ,Hybrid Latex Mattress,Mattress,3,44307.0,3690.0,47997.0,40798.0
2026-05-05,SC-F-HYB-LATEX-Q-78x60x8,B09XFL1H1T,Hybrid Latex Mattress,Mattress,1,16969.0,1230.0,18199.0,14705.0
2026-05-05,SC-F-HYB-LATEX-S-72x36x6,B09XFMX37N,Hybrid Latex Mattress,Mattress,1,9349.0,950.0,10299.0,7854.0
2026-05-05,SC-F-LITEPILWPSET2-S-27X17,B0CV17V482,Fiber Lite,Pillows,1,701.0,148.0,849.0,616.0
2026-05-05,SC-F-LTX-ORTHO-D-72x48x5,B0G7J4C6NX,Latex Ortho Mattress,Mattress,1,9649.0,950.0,10599.0,9142.0
2026-05-05,SC-F-LTX-ORTHO-K-75X72X8,B0G3CC4M7Y,Latex Ortho Mattress,Mattress,1,18669.0,1230.0,19899.0,18669.0
2026-05-05,SC-F-LTX-ORTHO-K-78x72x5,B0G7JCBDJJ,Latex Ortho Mattress,Mattress,1,13795.0,950.0,14745.0,12545.0
2026-05-05,SC-F-OBCHPILWCS-S-28x18,B0CWL313ZC,Cotton Pillow Case,Bedding,1,496.0,153.0,649.0,448.0
2026-05-05,SC-F-ORIG-S-72x30x5,B0G256TW3Q,Original Mattress,Mattress,1,6989.0,810.0,7799.0,6989.0
2026-05-05,SC-F-ORIG-S-72x30x6,B0BB7575JC,Original Mattress,Mattress,1,7389.0,810.0,8199.0,6989.0
2026-05-05,SC-F-PETORIG-L-32X46,B091CW7VX5,Pet Bed,Beds,1,1357.0,352.0,1709.0,1224.0
2026-05-05,SC-F-PROT-D-78x48,B0822VYH6P,Protector,Bedding,1,662.0,141.0,803.0,577.0
2026-05-05,SC-F-PROT-K-72x72,B0822WG76C,Protector,Bedding,2,1638.0,382.0,2020.0,1372.0
2026-05-05,SC-F-PROT-K-75x72,B0822W6ZCG,Protector,Bedding,1,844.0,191.0,1035.0,748.0
2026-05-05,SC-F-PROT-K-84x72,B0FV89YKNN,Protector,Bedding,1,892.0,191.0,1083.0,796.0
2026-05-05,SC-F-S2MFPILW-26x16x4,B08R8DC5BB,Memory Foam Pillow,Pillows,8,13453.0,1688.0,15141.0,11733.0
2026-05-05,SC-F-SLMMFPILWSET1-BAM-S-25x15,B0GVF93GX9,Slim Pillow,Pillows,1,1193.0,211.0,1404.0,1059.0
2026-05-05,SC-F-SMFPILWSET1-BAM-S-22x14,B0F1Y416FR,Small Memory Foam Pillow,Pillows,2,1680.0,296.0,1976.0,1496.0
2026-05-05,SC-MFPILW-BAM-C-25x16,B09XFF5LPL,Contour Bamboo MF Pillow,Pillows,10,20424.0,1480.0,21904.0,17968.0
2026-05-05,SC-PETBEDORIG-N.Blue-L-46x32,B0FSSV4J2H,Pet Bed,Pet Bed,1,1439.0,352.0,1791.0,1306.0
2026-05-05,SC-PILLOW,B0822SXQGH,Memory Foam Pillow,Pillows,5,4182.0,1055.0,5237.0,3732.0
2026-05-05,SC-ULTM-K-75x72x8,B09XGPHT52,Ultima Mattress,Mattress,1,23269.0,1430.0,24699.0,22034.0
2026-05-05,SC72366,B078BRGTDM,Original Mattress,Mattress,1,8189.0,810.0,8999.0,7807.0
2026-05-05,SCP72488,B07PVC8NR5,Original Mattress,Mattress,1,11649.0,950.0,12599.0,9953.0
2026-05-05,SCP72608,B07MHZTP8Q,Original Mattress,Mattress,1,13969.0,1230.0,15199.0,11959.0
2026-05-05,SCP78728,B07JM7GQG4,Original Mattress,Mattress,1,17169.0,1230.0,18399.0,16249.0
2026-05-05,SCPROK78x72,B0822WWZRV,Protector,Bedding,1,844.0,191.0,1035.0,740.0
2026-05-05,SCPROS75x36,B0822V9JY4,Protector,Bedding,1,609.0,141.0,750.0,542.0
2026-05-06,SC-F-4TFOLD-BL-72X48,B0FHF65C2R,Tri-fold Mattress,Mattress,1,5589.0,810.0,6399.0,4746.0
2026-05-06,SC-F-COMF90x100,B08KTCGSQW,Reversible Comforter,Bedding,1,1669.0,330.0,1999.0,1477.0
2026-05-06,SC-F-CON-MFPILWS2-BAM-24x14,B09XFG77VR,Contour Bamboo MF Pillow,Pillows,1,1688.0,211.0,1899.0,1486.0
2026-05-06,SC-F-HYB-LATEX-K-72x70x6,B0F2TGQH37,Hybrid Latex Mattress,Mattress,1,16769.0,1230.0,17999.0,15146.0
2026-05-06,SC-F-HYB-LATEX-K-75x72x8,B09XFL1FR1,Hybrid Latex Mattress,Mattress,1,19464.0,1430.0,20894.0,18419.0
2026-05-06,SC-F-HYB-LATEX-K-78x72x6,B09XFKM8V6,Hybrid Latex Mattress,Mattress,1,17355.0,1230.0,18585.0,16477.0
2026-05-06,SC-F-HYB-LATEX-K-78x72x8,B09XGCSRXY,Hybrid Latex Mattress,Mattress,1,19969.0,1430.0,21399.0,18899.0
2026-05-06,SC-F-HYB-LATEX-Q-78x60x6,B09XGPZKTZ,Hybrid Latex Mattress,Mattress,1,14769.0,1230.0,15999.0,14769.0
2026-05-06,SC-F-LITEPILWPSET2-S-27X17,B0CV17V482,Fiber Lite,Pillows,1,701.0,148.0,849.0,633.0
2026-05-06,SC-F-LTX-ORTHO-K-72X72X8,B0G3C233F8,Latex Ortho Mattress,Mattress,1,17969.0,1230.0,19199.0,17969.0
2026-05-06,SC-F-LTX-ORTHO-K-78X72X6,B0G3BY1NZH,Latex Ortho Mattress,Mattress,2,32538.0,2460.0,34998.0,32003.0
2026-05-06,SC-F-LTX-ORTHO-Q-72x60x5,B0G7JSR2H8,Latex Ortho Mattress,Mattress,1,11049.0,950.0,11999.0,9142.0
2026-05-06,SC-F-LTX-ORTHO-Q-75X60X8,B0G3CTX1NC,Latex Ortho Mattress,Mattress,1,15569.0,1230.0,16799.0,15569.0
2026-05-06,SC-F-OBCHFTDSHEET-S-72x36,B0CWD1RQCT,Cotton Fitted Bedsheet,Bedding,1,940.0,198.0,1138.0,940.0
2026-05-06,SC-F-ORIG-K-72x72x4,B0G726PGD2,Original Mattress,Mattress,1,10821.0,950.0,11771.0,10232.0
2026-05-06,SC-F-ORIG-Q-72x60x4,B0G71QJRXS,Original Mattress,Mattress,1,8889.0,810.0,9699.0,8889.0
2026-05-06,SC-F-ORIG-S-72x30x6,B0BB7575JC,Original Mattress,Mattress,1,7369.0,810.0,8179.0,6982.0
2026-05-06,SC-F-PROT-K-72x72,B0822WG76C,Protector,Bedding,1,844.0,191.0,1035.0,740.0
2026-05-06,SC-F-PROT-K-75x72,B0822W6ZCG,Protector,Bedding,1,844.0,191.0,1035.0,844.0
2026-05-06,SC-F-PROT-Q-72x66,B0822VBPYC,Protector,Bedding,1,858.0,141.0,999.0,858.0
2026-05-06,SC-F-PROT-Q-75x60,B0822WH47T,Protector,Bedding,1,799.0,141.0,940.0,799.0
2026-05-06,SC-F-PROT-S-72x36,B0822W49Z9,Protector,Bedding,1,609.0,141.0,750.0,609.0
2026-05-06,SC-F-S2CLPILW27x18,B08R7MX63N,Cloud Pillow,Pillows,1,1688.0,211.0,1899.0,1688.0
2026-05-06,SC-F-S2MFPILW-26x16x4,B08R8DC5BB,Memory Foam Pillow,Pillows,7,11688.0,1477.0,13165.0,11246.0
2026-05-06,SC-F-S4MFPILW-26x16x4,B08R8DQ3T4,Memory Foam Pillow,Pillows,1,3588.0,211.0,3799.0,3588.0
2026-05-06,SC-F-SMFPILWSET1-BAM-S-22x14,B0F1Y416FR,Small Memory Foam Pillow,Pillows,1,851.0,148.0,999.0,759.0
2026-05-06,SC-F-ULTM-LATEX-Q-75x60x10,B0D58M16NS,Ultima Latex Mattress,Mattress,1,31769.0,1430.0,33199.0,31769.0
2026-05-06,SC-MFPILW-BAM-C-25x16,B09XFF5LPL,Contour Bamboo MF Pillow,Pillows,1,851.0,148.0,999.0,851.0
2026-05-06,SC72606,B078BNQ7M4,Original Mattress,Mattress,1,12749.0,950.0,13699.0,10896.0
2026-05-06,SCP72488,B07PVC8NR5,Original Mattress,Mattress,1,11649.0,950.0,12599.0,11649.0
2026-05-06,SCP75488,B07NLFVP6H,Original Mattress,Mattress,1,12049.0,950.0,12999.0,11399.0
2026-05-06,SCP78728,B07JM7GQG4,Original Mattress,Mattress,1,17169.0,1230.0,18399.0,14896.0
2026-05-06,SCPROK78x72,B0822WWZRV,Protector,Bedding,5,4129.0,955.0,5084.0,3937.0
2026-05-06,SCPROS75x36,B0822V9JY4,Protector,Bedding,1,609.0,141.0,750.0,563.0
2026-05-07,SC-F-4TFOLD-BL-72X48,B0FHF65C2R,Tri-fold Mattress,Mattress,2,11158.0,1620.0,12778.0,9504.0
2026-05-07,SC-F-CLPILW27x18,B08KT1QRHJ,Cloud Pillow,Pillows,1,831.0,148.0,979.0,831.0
2026-05-07,SC-F-CON-MFPILWS2-BAM-24x14,B09XFG77VR,Contour Bamboo MF Pillow,Pillows,1,1671.0,211.0,1882.0,1671.0
2026-05-07,SC-F-HYB-LATEX-K-72x70x6,B0F2TGQH37,Hybrid Latex Mattress,Mattress,1,16769.0,1230.0,17999.0,16219.0
2026-05-07,SC-F-HYB-LATEX-Q-78x60x6,B09XGPZKTZ,Hybrid Latex Mattress,Mattress,1,14769.0,1230.0,15999.0,14769.0
2026-05-07,SC-F-LITEPILWPSET2-S-27X17,B0CV17V482,Fiber Lite,Pillows,1,701.0,148.0,849.0,582.0
2026-05-07,SC-F-LTX-ORTHO-K-72X72X8,B0G3C233F8,Latex Ortho Mattress,Mattress,1,17927.0,1230.0,19157.0,17927.0
2026-05-07,SC-F-LTX-ORTHO-K-78X72X8,B0G3D21NYY,Latex Ortho Mattress,Mattress,1,18669.0,1230.0,19899.0,16315.0
2026-05-07,SC-F-LTX-ORTHO-K-78x72x5,B0G7JCBDJJ,Latex Ortho Mattress,Mattress,1,13827.0,950.0,14777.0,12888.0
2026-05-07,SC-F-MFPILWS2-CLT-S-25x16,B09XF8H7BK,CoolTEC MF Pillow,Pillows,1,4288.0,211.0,4499.0,4288.0
2026-05-07,SC-F-OBCHPILWCS-S-28x18,B0CWL313ZC,Cotton Pillow Case,Bedding,1,496.0,153.0,649.0,392.0
2026-05-07,SC-F-ORIG-D-72x48x10,B0BB7KCGYN,Original Mattress,Mattress,1,13449.0,950.0,14399.0,13449.0
2026-05-07,SC-F-ORIG-K-72x70x8,B0F2TGCPMR,Original Mattress,Mattress,1,16449.0,1230.0,17679.0,16449.0
2026-05-07,SC-F-ORIG-Q-72x60x5,B0G25BHBT6,Original Mattress,Mattress,1,11149.0,950.0,12099.0,10779.0
2026-05-07,SC-F-ORIG-S-72x36x4,B0G71BGCB3,Original Mattress,Mattress,2,12162.0,1620.0,13782.0,11832.0
2026-05-07,SC-F-PKCOMF-D-90x100,B09BYWZCXM,Reversible Comforter,Bedding,1,1769.0,330.0,2099.0,1769.0
2026-05-07,SC-F-PROT-K-72x72,B0822WG76C,Protector,Bedding,2,1636.0,382.0,2018.0,1426.0
2026-05-07,SC-F-PROT-Q-72x66,B0822VBPYC,Protector,Bedding,1,858.0,141.0,999.0,858.0
2026-05-07,SC-F-PROT-S-72x36,B0822W49Z9,Protector,Bedding,1,609.0,141.0,750.0,609.0
2026-05-07,SC-F-S2CLPILW27x18,B08R7MX63N,Cloud Pillow,Pillows,1,1688.0,211.0,1899.0,1392.0
2026-05-07,SC-F-S2MFPILW-26x16x4,B08R8DC5BB,Memory Foam Pillow,Pillows,7,11722.0,1477.0,13199.0,10788.0
2026-05-07,SC-F-S4MFPILW-26x16x4,B08R8DQ3T4,Memory Foam Pillow,Pillows,1,3588.0,211.0,3799.0,3588.0
2026-05-07,SC-F-SMFPILWSET1-BAM-S-22x14,B0F1Y416FR,Small Memory Foam Pillow,Pillows,2,1702.0,296.0,1998.0,1382.0
2026-05-07,SC-FK-PNC-BLACK,B0GLGGZ9M7,Mobility,Mobility,1,1204.0,220.0,1424.0,1072.0
2026-05-07,SC-MFPILW-BAM-C-25x16,B09XFF5LPL,Contour Bamboo MF Pillow,Pillows,10,8424.0,1480.0,9904.0,7539.0
2026-05-07,SC-PILLOW,B0822SXQGH,Memory Foam Pillow,Pillows,1,1488.0,211.0,1699.0,1488.0
2026-05-07,SC-ULTM-K-78x72x8,B09XGRWRST,Ultima Mattress,Mattress,1,23269.0,1430.0,24699.0,23269.0
2026-05-07,SC72486,B077Q9YRMY,Original Mattress,Mattress,1,10149.0,950.0,11099.0,9039.0
2026-05-07,SC78606,B0732WFNVL,Original Mattress,Mattress,1,13149.0,950.0,14099.0,11739.0
2026-05-07,SCP72488,B07PVC8NR5,Original Mattress,Mattress,1,11649.0,950.0,12599.0,10399.0
2026-05-07,SCP78728,B07JM7GQG4,Original Mattress,Mattress,1,17169.0,1230.0,18399.0,15919.0
2026-05-07,SCPROD75x48,B0822XBCF1,Protector,Bedding,2,1400.0,282.0,1682.0,1357.0
2026-05-07,SCPROK78x72,B0822WWZRV,Protector,Bedding,4,3376.0,764.0,4140.0,2842.0
2026-05-08,SC-78x60x10,B09BFD1ZB3,Original Mattress,Mattress,1,14489.0,1230.0,15719.0,14330.0
2026-05-08,SC-F-4TFOLD-BL-72X36,B0FHF2DKQZ,Tri-fold Mattress,Mattress,1,3749.0,810.0,4559.0,3615.0
2026-05-08,SC-F-4TFOLD-BL-72X48,B0FHF65C2R,Tri-fold Mattress,Mattress,8,41181.0,6480.0,47661.0,35103.0
2026-05-08,SC-F-72x72x10,B09BFCFQ9G,Original Mattress,Mattress,1,16223.0,1230.0,17453.0,15698.0
2026-05-08,SC-F-78x72x10,B09BFC81R8,Original Mattress,Mattress,1,17189.0,1430.0,18619.0,16630.0
2026-05-08,SC-F-CLPILW27x18,B08KT1QRHJ,Cloud Pillow,Pillows,1,801.0,148.0,949.0,649.0
2026-05-08,SC-F-CON-MFPILW-CLT-24x14,B09XFFBND4,Contour Bamboo MF Pillow,Pillows,1,1788.0,211.0,1999.0,1031.0
2026-05-08,SC-F-CON-MFPILWS2-BAM-24x14,B09XFG77VR,Contour Bamboo MF Pillow,Pillows,9,14870.0,1899.0,16769.0,10756.0
2026-05-08,SC-F-DCPILWSET1-BAM-25x15,B0F1937F9V,Dual Comfort Pillow,Pillows,1,1832.0,211.0,2043.0,1439.0
2026-05-08,SC-F-HYB-LATEX-K-72x70x6,B0F2TGQH37,Hybrid Latex Mattress,Mattress,4,58958.0,4920.0,63878.0,53422.0
2026-05-08,SC-F-HYB-LATEX-K-72x72x6,B09XGDZQPC,Hybrid Latex Mattress,Mattress,8,114162.0,9840.0,124002.0,95030.0
2026-05-08,SC-F-HYB-LATEX-K-72x72x8,B09XFMGSKV,Hybrid Latex Mattress,Mattress,4,66852.0,5720.0,72572.0,56740.0
2026-05-08,SC-F-HYB-LATEX-K-75x70x6,B0F2TGGZSR,Hybrid Latex Mattress,Mattress,2,29538.0,2460.0,31998.0,27034.0
2026-05-08,SC-F-HYB-LATEX-K-75x72x8,B09XFL1FR1,Hybrid Latex Mattress,Mattress,1,17129.0,1430.0,18559.0,16156.0
2026-05-08,SC-F-HYB-LATEX-K-78x72x6,B09XFKM8V6,Hybrid Latex Mattress,Mattress,13,198735.0,15990.0,214725.0,171930.0
2026-05-08,SC-F-HYB-LATEX-K-78x72x8,B09XGCSRXY,Hybrid Latex Mattress,Mattress,8,140750.0,11440.0,152190.0,121102.0
2026-05-08,SC-F-HYB-LATEX-Q-72x60x6,B09XGNVN9N,Hybrid Latex Mattress,Mattress,4,49376.0,4920.0,54296.0,42640.0
2026-05-08,SC-F-HYB-LATEX-Q-72x60x8,B09XFN2QX3,Hybrid Latex Mattress,Mattress,3,42767.0,3690.0,46457.0,39330.0
2026-05-08,SC-F-HYB-LATEX-Q-75x60x6,B09XGK6Q4L,Hybrid Latex Mattress,Mattress,4,50110.0,4920.0,55030.0,41586.0
2026-05-08,SC-F-HYB-LATEX-Q-75x60x8,B09XFRNJCD,Hybrid Latex Mattress,Mattress,5,72905.0,6150.0,79055.0,64296.0
2026-05-08,SC-F-HYB-LATEX-Q-78x60x6,B09XGPZKTZ,Hybrid Latex Mattress,Mattress,1,12953.0,1230.0,14183.0,9371.0
2026-05-08,SC-F-HYB-LATEX-Q-78x60x8,B09XFL1H1T,Hybrid Latex Mattress,Mattress,4,59555.0,4920.0,64475.0,53582.0
2026-05-08,SC-F-HYB-LATEX-S-72x36x8,B09XGCTNFC,Hybrid Latex Mattress,Mattress,1,9344.0,950.0,10294.0,7544.0
2026-05-08,SC-F-HYB-LATEX-S-75x36x6,B09XFLCPM3,Hybrid Latex Mattress,Mattress,1,8249.0,950.0,9199.0,7973.0
2026-05-08,SC-F-LITEPILWPSET2-S-27X17,B0CV17V482,Fiber Lite,Pillows,6,4124.0,888.0,5012.0,3724.0
2026-05-08,SC-F-LTX-ORTHO-D-72x48x5,B0G7J4C6NX,Latex Ortho Mattress,Mattress,3,25769.0,2850.0,28619.0,23570.0
2026-05-08,SC-F-LTX-ORTHO-K-72X72X6,B0G3C251F1,Latex Ortho Mattress,Mattress,1,13379.0,1230.0,14609.0,10688.0
2026-05-08,SC-F-LTX-ORTHO-K-75x72x5,B0G7JNQ78N,Latex Ortho Mattress,Mattress,1,12051.0,950.0,13001.0,10738.0
2026-05-08,SC-F-LTX-ORTHO-K-78X72X6,B0G3BY1NZH,Latex Ortho Mattress,Mattress,3,44351.0,3690.0,48041.0,38205.0
2026-05-08,SC-F-LTX-ORTHO-K-78X72X8,B0G3D21NYY,Latex Ortho Mattress,Mattress,2,33830.0,2460.0,36290.0,29029.0
2026-05-08,SC-F-LTX-ORTHO-K-78x72x5,B0G7JCBDJJ,Latex Ortho Mattress,Mattress,1,12495.0,950.0,13445.0,10175.0
2026-05-08,SC-F-LTX-ORTHO-Q-72x60x5,B0G7JSR2H8,Latex Ortho Mattress,Mattress,2,19986.0,1900.0,21886.0,17618.0
2026-05-08,SC-F-LTX-ORTHO-Q-75x60x5,B0G7JS5WXQ,Latex Ortho Mattress,Mattress,2,21190.0,1900.0,23090.0,17161.0
2026-05-08,SC-F-LTX-ORTHO-Q-78X60X6,B0G3CTR224,Latex Ortho Mattress,Mattress,1,12041.0,950.0,12991.0,9741.0
2026-05-08,SC-F-LTX-ORTHO-Q-78X60X8,B0G3CQPRB9,Latex Ortho Mattress,Mattress,1,14807.0,1230.0,16037.0,14646.0
2026-05-08,SC-F-LTX-ORTHO-S-72X36X6,B0G3CC722B,Latex Ortho Mattress,Mattress,1,7703.0,810.0,8513.0,7442.0
2026-05-08,SC-F-MFPILWS2-CLT-S-25x16,B09XF8H7BK,CoolTEC MF Pillow,Pillows,1,4288.0,211.0,4499.0,4188.0
2026-05-08,SC-F-NBQLTPROT-Q-75x60,B0GMJLZ45T,Protector,Bedding,1,1162.0,191.0,1353.0,765.0
2026-05-08,SC-F-ORIG-D-72x48x4,B0G71HHRVT,Original Mattress,Mattress,1,6987.0,810.0,7797.0,6909.0
2026-05-08,SC-F-ORIG-K-72x72x5,B0G25736BD,Original Mattress,Mattress,1,11392.0,950.0,12342.0,8774.0
2026-05-08,SC-F-ORIG-K-84x72x6,B0BB72TBNX,Original Mattress,Mattress,1,12781.0,1230.0,14011.0,10425.0
2026-05-08,SC-F-ORIG-Q-72x60x4,B0G71QJRXS,Original Mattress,Mattress,1,7661.0,810.0,8471.0,7384.0
2026-05-08,SC-F-ORIG-Q-72x60x5,B0G25BHBT6,Original Mattress,Mattress,2,18855.0,1900.0,20755.0,17175.0
2026-05-08,SC-F-ORIG-Q-75x60x4,B0G71MDVVD,Original Mattress,Mattress,1,7802.0,950.0,8752.0,6262.0
2026-05-08,SC-F-ORIG-Q-78x60x4,B0G71QBLSG,Original Mattress,Mattress,1,7826.0,950.0,8776.0,6122.0
2026-05-08,SC-F-ORIG-S-72x30x5,B0G256TW3Q,Original Mattress,Mattress,1,5974.0,810.0,6784.0,4966.0
2026-05-08,SC-F-ORIG-S-72x36x4,B0G71BGCB3,Original Mattress,Mattress,1,5170.0,810.0,5980.0,4749.0
2026-05-08,SC-F-PETORIG-L-32X46,B091CW7VX5,Pet Bed,Beds,1,1447.0,352.0,1799.0,1231.0
2026-05-08,SC-F-PKCOMF-D-90x100,B09BYWZCXM,Reversible Comforter,Bedding,1,1769.0,330.0,2099.0,1176.0
2026-05-08,SC-F-PKCOMF-S-90x60,B09BZ51DLD,Reversible Comforter,Bedding,1,1349.0,250.0,1599.0,1271.0
2026-05-08,SC-F-PROT-K-72x72,B0822WG76C,Protector,Bedding,5,4064.0,955.0,5019.0,2629.0
2026-05-08,SC-F-PROT-K-75x72,B0822W6ZCG,Protector,Bedding,2,1636.0,382.0,2018.0,1190.0
2026-05-08,SC-F-PROT-Q-72x60,B0822X8LZY,Protector,Bedding,7,7157.0,987.0,8144.0,6435.0
2026-05-08,SC-F-PROT-Q-75x60,B0822WH47T,Protector,Bedding,2,1598.0,282.0,1880.0,1304.0
2026-05-08,SC-F-PROT-Q-78x60,B0822WJWGS,Protector,Bedding,2,1594.0,282.0,1876.0,1242.0
2026-05-08,SC-F-PROT-S-72x36,B0822W49Z9,Protector,Bedding,1,571.0,141.0,712.0,451.0
2026-05-08,SC-F-PRPNPILWCS-S-28x18,B0CWL52SCG,Cotton Pillow Case,Bedding,1,396.0,153.0,549.0,308.0
2026-05-08,SC-F-S2CLPILW27x18,B08R7MX63N,Cloud Pillow,Pillows,3,5064.0,633.0,5697.0,4164.0
2026-05-08,SC-F-S2MFPILW-26x16x4,B08R8DC5BB,Memory Foam Pillow,Pillows,36,62613.0,7596.0,70209.0,45348.0
2026-05-08,SC-F-S4MFPILW-26x16x4,B08R8DQ3T4,Memory Foam Pillow,Pillows,4,14312.0,844.0,15156.0,12193.0
2026-05-08,SC-F-SLMMFPILWSET1-BAM-S-25x15,B0GVF93GX9,Slim Pillow,Pillows,1,1163.0,211.0,1374.0,895.0
2026-05-08,SC-F-SLMPILWSET2-S-26x16,B09XBNLXW7,Slim Pillow,Pillows,2,3156.0,422.0,3578.0,2255.0
2026-05-08,SC-F-SMFPILWSET1-BAM-S-22x14,B0F1Y416FR,Small Memory Foam Pillow,Pillows,3,2463.0,444.0,2907.0,1630.0
2026-05-08,SC-F-STPBFTDSHEET-K-78x72,B0DDCCN3MS,Sateen Fitted Sheets,Bedding,1,2211.0,198.0,2409.0,1735.0
2026-05-08,SC-F-TBLFTDSHEET-K-78x72,B0BF52YR1M,Cotton Fitted Bedsheet,Bedding,1,1601.0,198.0,1799.0,1313.0
2026-05-08,SC-F-TBLPILWCS-S-28x18,B0CWLCGJDC,Cotton Pillow Case,Bedding,1,405.0,144.0,549.0,317.0
2026-05-08,SC-F-ULTM-LATEX-K-72x72x8,B0D58LLWFN,Ultima Latex Mattress,Mattress,1,27969.0,1430.0,29399.0,26018.0
2026-05-08,SC-F-ULTM-LATEX-K-75x72x10,B0D58NNHGR,Ultima Latex Mattress,Mattress,1,31309.0,1430.0,32739.0,29326.0
2026-05-08,SC-F-ULTM-LATEX-K-75x72x8,B0D58LV9HN,Ultima Latex Mattress,Mattress,1,27929.0,1430.0,29359.0,24177.0
2026-05-08,SC-MFPILW-BAM-C-25x16,B09XFF5LPL,Contour Bamboo MF Pillow,Pillows,11,9029.0,1628.0,10657.0,7624.0
2026-05-08,SC-PILLOW,B0822SXQGH,Memory Foam Pillow,Pillows,1,1404.0,211.0,1615.0,1132.0
2026-05-08,SC-SLMPILW-S-26x16,B09XBMFFZY,Slim Pillow,Pillows,2,1556.0,296.0,1852.0,1269.0
2026-05-08,SC-SLSTFTDSHEET-K-78x72,B0C2ZQVLPS,Cotton Fitted Bedsheet,Bedding,2,7136.0,396.0,7532.0,5632.0
2026-05-08,SC-ULTM-K-78x72x8,B09XGRWRST,Ultima Mattress,Mattress,1,18589.0,1430.0,20019.0,15686.0
2026-05-08,SC-ULTM-Q-72x60x8,B09XGCYCSY,Ultima Mattress,Mattress,1,16279.0,1430.0,17709.0,15279.0
2026-05-08,SC-ULTM-Q-78x60x8,B09XGNTMB7,Ultima Mattress,Mattress,1,16279.0,1430.0,17709.0,12439.0
2026-05-08,SC-ULTM-S-72x36x8,B09XGQN59S,Ultima Mattress,Mattress,1,10499.0,950.0,11449.0,8954.0
2026-05-08,SC72366,B078BRGTDM,Original Mattress,Mattress,1,7017.0,810.0,7827.0,6462.0
2026-05-08,SC72486,B077Q9YRMY,Original Mattress,Mattress,3,26221.0,2850.0,29071.0,20353.0
2026-05-08,SC72606,B078BNQ7M4,Original Mattress,Mattress,4,43728.0,3800.0,47528.0,37062.0
2026-05-08,SC72726,B077QJVWBR,Original Mattress,Mattress,4,49784.0,4920.0,54704.0,44918.0
2026-05-08,SC75486,B077Q8RLCP,Original Mattress,Mattress,1,8929.0,950.0,9879.0,7055.0
2026-05-08,SC75606,B0732TMKP8,Original Mattress,Mattress,1,11209.0,950.0,12159.0,9003.0
2026-05-08,SC75726,B0732TFNYC,Original Mattress,Mattress,2,25166.0,2460.0,27626.0,24612.0
2026-05-08,SC78726,B0732Y4N37,Original Mattress,Mattress,7,89094.0,8610.0,97704.0,78195.0
2026-05-08,SCP72488,B07PVC8NR5,Original Mattress,Mattress,7,70249.0,6650.0,76899.0,61200.0
2026-05-08,SCP72608,B07MHZTP8Q,Original Mattress,Mattress,2,24010.0,2460.0,26470.0,23478.0
2026-05-08,SCP75728,B07MHZVDNP,Original Mattress,Mattress,1,14653.0,1230.0,15883.0,12294.0
2026-05-08,SCP78608,B07JN4C3NB,Original Mattress,Mattress,2,25658.0,2460.0,28118.0,22896.0
2026-05-08,SCP78728,B07JM7GQG4,Original Mattress,Mattress,3,44492.0,3690.0,48182.0,43097.0
2026-05-08,SCPROD75x48,B0822XBCF1,Protector,Bedding,8,9804.0,1128.0,10932.0,7732.0
2026-05-08,SCPROK78x72,B0822WWZRV,Protector,Bedding,17,17545.0,3247.0,20792.0,13359.0
2026-05-09,SC-78x60x10,B09BFD1ZB3,Original Mattress,Mattress,2,29154.0,2460.0,31614.0,24178.0
2026-05-09,SC-F-4TFOLD-BL-72X36,B0FHF2DKQZ,Tri-fold Mattress,Mattress,4,15678.0,3240.0,18918.0,12461.0
2026-05-09,SC-F-4TFOLD-BL-72X48,B0FHF65C2R,Tri-fold Mattress,Mattress,3,15542.0,2430.0,17972.0,11942.0
2026-05-09,SC-F-72x72x10,B09BFCFQ9G,Original Mattress,Mattress,1,16249.0,1230.0,17479.0,12068.0
2026-05-09,SC-F-75x72x10,B09BFC4KSB,Original Mattress,Mattress,2,33001.0,2860.0,35861.0,22430.0
2026-05-09,SC-F-CLD-SPR-K-75x72x8,B0DGTCXZ9M,Cloud Spring Mattress,Mattress,1,22569.0,1430.0,23999.0,17719.0
2026-05-09,SC-F-COMF90x60,B08KTCLX7R,Reversible Comforter,Bedding,4,13490.0,1000.0,14490.0,13198.0
2026-05-09,SC-F-CON-MFPILW-CLT-24x14,B09XFFBND4,Contour Bamboo MF Pillow,Pillows,1,1788.0,211.0,1999.0,1788.0
2026-05-09,SC-F-CON-MFPILWS2-BAM-24x14,B09XFG77VR,Contour Bamboo MF Pillow,Pillows,6,10087.0,1266.0,11353.0,8366.0
2026-05-09,SC-F-CTR-LTX-BAM-24x16,B0F2N7Q9H3,Contour Latex Pillow,Pillows,1,2188.0,211.0,2399.0,2188.0
2026-05-09,SC-F-DCPILWSET1-BAM-25x15,B0F1937F9V,Dual Comfort Pillow,Pillows,1,1938.0,211.0,2149.0,1938.0
2026-05-09,SC-F-HYB-LATEX-K-72x72x6,B09XGDZQPC,Hybrid Latex Mattress,Mattress,9,128600.0,11070.0,139670.0,100947.0
2026-05-09,SC-F-HYB-LATEX-K-72x72x8,B09XFMGSKV,Hybrid Latex Mattress,Mattress,10,167235.0,14300.0,181535.0,119456.0
2026-05-09,SC-F-HYB-LATEX-K-75x72x6,B09XFLVCHN,Hybrid Latex Mattress,Mattress,7,103332.0,8610.0,111942.0,73809.0
2026-05-09,SC-F-HYB-LATEX-K-75x72x8,B09XFL1FR1,Hybrid Latex Mattress,Mattress,4,68491.0,5720.0,74211.0,51217.0
2026-05-09,SC-F-HYB-LATEX-K-78x72x6,B09XFKM8V6,Hybrid Latex Mattress,Mattress,11,168529.0,13530.0,182059.0,122475.0
2026-05-09,SC-F-HYB-LATEX-K-78x72x8,B09XGCSRXY,Hybrid Latex Mattress,Mattress,19,334174.0,27170.0,361344.0,250997.0
2026-05-09,SC-F-HYB-LATEX-Q-72x60x6,B09XGNVN9N,Hybrid Latex Mattress,Mattress,6,74186.0,7380.0,81566.0,56629.0
2026-05-09,SC-F-HYB-LATEX-Q-72x60x8,B09XFN2QX3,Hybrid Latex Mattress,Mattress,6,85673.0,7380.0,93053.0,57879.0
2026-05-09,SC-F-HYB-LATEX-Q-75x60x6,B09XGK6Q4L,Hybrid Latex Mattress,Mattress,4,50332.0,4920.0,55252.0,39488.0
2026-05-09,SC-F-HYB-LATEX-Q-75x60x8,B09XFRNJCD,Hybrid Latex Mattress,Mattress,11,160480.0,13530.0,174010.0,113707.0
2026-05-09,SC-F-HYB-LATEX-Q-78x60x6,B09XGPZKTZ,Hybrid Latex Mattress,Mattress,10,129877.0,12300.0,142177.0,98371.0
2026-05-09,SC-F-HYB-LATEX-Q-78x60x8,B09XFL1H1T,Hybrid Latex Mattress,Mattress,10,149188.0,12300.0,161488.0,114415.0
2026-05-09,SC-F-HYB-LATEX-S-72x36x6,B09XFMX37N,Hybrid Latex Mattress,Mattress,1,8169.0,950.0,9119.0,6215.0
2026-05-09,SC-F-HYB-LATEX-S-75x36x6,B09XFLCPM3,Hybrid Latex Mattress,Mattress,2,16459.0,1900.0,18359.0,13125.0
2026-05-09,SC-F-LITEPILWPSET2-S-27X17,B0CV17V482,Fiber Lite,Pillows,1,701.0,148.0,849.0,701.0
2026-05-09,SC-F-LTX-ORTHO-D-72x48x5,B0G7J4C6NX,Latex Ortho Mattress,Mattress,4,35004.0,3800.0,38804.0,28691.0
2026-05-09,SC-F-LTX-ORTHO-K-72X72X8,B0G3C233F8,Latex Ortho Mattress,Mattress,2,32716.0,2460.0,35176.0,25999.0
2026-05-09,SC-F-LTX-ORTHO-K-75X72X8,B0G3CC4M7Y,Latex Ortho Mattress,Mattress,1,16985.0,1230.0,18215.0,16985.0
2026-05-09,SC-F-LTX-ORTHO-K-78X72X6,B0G3BY1NZH,Latex Ortho Mattress,Mattress,2,29581.0,2460.0,32041.0,22273.0
2026-05-09,SC-F-LTX-ORTHO-K-78X72X8,B0G3D21NYY,Latex Ortho Mattress,Mattress,5,84014.0,6150.0,90164.0,67279.0
2026-05-09,SC-F-LTX-ORTHO-Q-72X60X6,B0G3CDX1H6,Latex Ortho Mattress,Mattress,3,36747.0,2850.0,39597.0,35497.0
2026-05-09,SC-F-LTX-ORTHO-Q-72X60X8,B0G3CNC7P5,Latex Ortho Mattress,Mattress,3,41649.0,3690.0,45339.0,31095.0
2026-05-09,SC-F-LTX-ORTHO-Q-72x60x5,B0G7JSR2H8,Latex Ortho Mattress,Mattress,1,10071.0,950.0,11021.0,9169.0
2026-05-09,SC-F-LTX-ORTHO-Q-75X60X8,B0G3CTX1NC,Latex Ortho Mattress,Mattress,2,28294.0,2460.0,30754.0,21180.0
2026-05-09,SC-F-LTX-ORTHO-Q-75x60x5,B0G7JS5WXQ,Latex Ortho Mattress,Mattress,1,10665.0,950.0,11615.0,10665.0
2026-05-09,SC-F-LTX-ORTHO-S-72X36X6,B0G3CC722B,Latex Ortho Mattress,Mattress,3,23075.0,2430.0,25505.0,16695.0
2026-05-09,SC-F-LTX-ORTHO-S-72X36X8,B0G3C2WN23,Latex Ortho Mattress,Mattress,1,8553.0,950.0,9503.0,6651.0
2026-05-09,SC-F-OBCHPILWCS-S-28x18,B0CWL313ZC,Cotton Pillow Case,Bedding,1,464.0,153.0,617.0,464.0
2026-05-09,SC-F-ORIG-D-72x48x10,B0BB7KCGYN,Original Mattress,Mattress,2,23330.0,1900.0,25230.0,19735.0
2026-05-09,SC-F-ORIG-D-72x48x4,B0G71HHRVT,Original Mattress,Mattress,2,13874.0,1620.0,15494.0,9999.0
2026-05-09,SC-F-ORIG-K-72x70x8,B0F2TGCPMR,Original Mattress,Mattress,3,42819.0,3690.0,46509.0,31302.0
2026-05-09,SC-F-ORIG-K-72x72x4,B0G726PGD2,Original Mattress,Mattress,4,37284.0,3800.0,41084.0,31823.0
2026-05-09,SC-F-ORIG-K-72x72x5,B0G25736BD,Original Mattress,Mattress,2,22784.0,1900.0,24684.0,16608.0
2026-05-09,SC-F-ORIG-Q-72x60x4,B0G71QJRXS,Original Mattress,Mattress,1,7637.0,810.0,8447.0,7637.0
2026-05-09,SC-F-ORIG-Q-72x66x5,B0G256SMQZ,Original Mattress,Mattress,1,10974.0,950.0,11924.0,8588.0
2026-05-09,SC-F-ORIG-Q-72x66x8,B0B6CKXX6W,Original Mattress,Mattress,1,13790.0,1230.0,15020.0,10034.0
2026-05-09,SC-F-ORIG-Q-75x66x5,B0G256TCF3,Original Mattress,Mattress,1,11088.0,950.0,12038.0,8680.0
2026-05-09,SC-F-ORIG-S-72x30x5,B0G256TW3Q,Original Mattress,Mattress,1,6024.0,810.0,6834.0,4656.0
2026-05-09,SC-F-ORIG-S-72x36x4,B0G71BGCB3,Original Mattress,Mattress,1,5152.0,810.0,5962.0,3958.0
2026-05-09,SC-F-PKCOMF-D-90x100,B09BYWZCXM,Reversible Comforter,Bedding,2,4138.0,660.0,4798.0,3327.0
2026-05-09,SC-F-PROT-K-72x72,B0822WG76C,Protector,Bedding,1,844.0,191.0,1035.0,844.0
2026-05-09,SC-F-PROT-Q-75x60,B0822WH47T,Protector,Bedding,4,3196.0,564.0,3760.0,2956.0
2026-05-09,SC-F-PROT-Q-78x60,B0822WJWGS,Protector,Bedding,1,799.0,141.0,940.0,744.0
2026-05-09,SC-F-PROT-S-72x36,B0822W49Z9,Protector,Bedding,1,609.0,141.0,750.0,590.0
2026-05-09,SC-F-S2CLPILW27x18,B08R7MX63N,Cloud Pillow,Pillows,7,18540.0,1477.0,20017.0,17463.0
2026-05-09,SC-F-S2MFPILW-26x16x4,B08R8DC5BB,Memory Foam Pillow,Pillows,27,44880.0,5697.0,50577.0,37856.0
2026-05-09,SC-F-S4MFPILW-26x16x4,B08R8DQ3T4,Memory Foam Pillow,Pillows,2,7176.0,422.0,7598.0,6456.0
2026-05-09,SC-F-SLMPILWSET2-S-26x16,B09XBNLXW7,Slim Pillow,Pillows,2,3176.0,422.0,3598.0,2344.0
2026-05-09,SC-F-SMFPILWSET1-BAM-S-22x14,B0F1Y416FR,Small Memory Foam Pillow,Pillows,1,851.0,148.0,999.0,701.0
2026-05-09,SC-F-ULTM-LATEX-K-72x72x8,B0D58LLWFN,Ultima Latex Mattress,Mattress,3,83907.0,4290.0,88197.0,60733.0
2026-05-09,SC-F-ULTM-LATEX-K-75x72x10,B0D58NNHGR,Ultima Latex Mattress,Mattress,1,31327.0,1430.0,32757.0,23550.0
2026-05-09,SC-F-ULTM-LATEX-K-75x72x8,B0D58LV9HN,Ultima Latex Mattress,Mattress,5,139821.0,7150.0,146971.0,102981.0
2026-05-09,SC-F-ULTM-LATEX-K-78x72x10,B0D58MW6Z4,Ultima Latex Mattress,Mattress,2,62628.0,2860.0,65488.0,44131.0
2026-05-09,SC-F-ULTM-LATEX-K-78x72x8,B0D58NBSN9,Ultima Latex Mattress,Mattress,8,223719.0,11440.0,235159.0,170472.0
2026-05-09,SC-F-ULTM-LATEX-Q-75x60x8,B0D58MHJMG,Ultima Latex Mattress,Mattress,1,25405.0,1430.0,26835.0,19178.0
2026-05-09,SC-F-ULTM-LATEX-Q-78x60x8,B0D58N5B2F,Ultima Latex Mattress,Mattress,1,25427.0,1430.0,26857.0,19994.0
2026-05-09,SC-F-ULTM-LATEX-S-72x36x8,B0D58N56P9,Ultima Latex Mattress,Mattress,1,14729.0,1230.0,15959.0,11943.0
2026-05-09,SC-MFPILW-BAM-C-25x16,B09XFF5LPL,Contour Bamboo MF Pillow,Pillows,4,3354.0,592.0,3946.0,3354.0
2026-05-09,SC-PILLOW,B0822SXQGH,Memory Foam Pillow,Pillows,1,1488.0,211.0,1699.0,1488.0
2026-05-09,SC-ULTM-K-72x72x8,B09XGNVVYK,Ultima Mattress,Mattress,2,36915.0,2860.0,39775.0,30386.0
2026-05-09,SC-ULTM-K-75x72x8,B09XGPHT52,Ultima Mattress,Mattress,4,74321.0,5720.0,80041.0,50012.0
2026-05-09,SC-ULTM-K-78x72x8,B09XGRWRST,Ultima Mattress,Mattress,5,92945.0,7150.0,100095.0,70975.0
2026-05-09,SC-ULTM-Q-78x60x8,B09XGNTMB7,Ultima Mattress,Mattress,2,32558.0,2860.0,35418.0,27462.0
2026-05-09,SC-ULTM-S-72x36x8,B09XGQN59S,Ultima Mattress,Mattress,1,10599.0,950.0,11549.0,10599.0
2026-05-09,SC-ULTM-S-75x36x8,B09XGFNYTZ,Ultima Mattress,Mattress,1,10591.0,950.0,11541.0,10100.0
2026-05-09,SC72366,B078BRGTDM,Original Mattress,Mattress,2,14186.0,1620.0,15806.0,11039.0
2026-05-09,SC72486,B077Q9YRMY,Original Mattress,Mattress,2,17554.0,1900.0,19454.0,16135.0
2026-05-09,SC72606,B078BNQ7M4,Original Mattress,Mattress,3,32894.0,2850.0,35744.0,23810.0
2026-05-09,SC72726,B077QJVWBR,Original Mattress,Mattress,4,49757.0,4920.0,54677.0,35637.0
2026-05-09,SC75486,B077Q8RLCP,Original Mattress,Mattress,2,17808.0,1900.0,19708.0,12611.0
2026-05-09,SC75606,B0732TMKP8,Original Mattress,Mattress,1,11161.0,950.0,12111.0,8131.0
2026-05-09,SC75726,B0732TFNYC,Original Mattress,Mattress,2,25202.0,2460.0,27662.0,19584.0
2026-05-09,SC78486,B0732W7MRK,Original Mattress,Mattress,1,9172.0,950.0,10122.0,8876.0
2026-05-09,SC78606,B0732WFNVL,Original Mattress,Mattress,4,45417.0,3800.0,49217.0,37747.0
2026-05-09,SC78726,B0732Y4N37,Original Mattress,Mattress,11,139990.0,13530.0,153520.0,111704.0
2026-05-09,SCP72488,B07PVC8NR5,Original Mattress,Mattress,5,50195.0,4750.0,54945.0,38423.0
2026-05-09,SCP72608,B07MHZTP8Q,Original Mattress,Mattress,3,36207.0,3690.0,39897.0,32352.0
2026-05-09,SCP72728,B07M72KSRM,Original Mattress,Mattress,4,56635.0,4920.0,61555.0,39254.0
2026-05-09,SCP75488,B07NLFVP6H,Original Mattress,Mattress,2,20698.0,1900.0,22598.0,14611.0
2026-05-09,SCP75608,B07MBSJ553,Original Mattress,Mattress,1,12449.0,1230.0,13679.0,8926.0
2026-05-09,SCP78608,B07JN4C3NB,Original Mattress,Mattress,1,12729.0,1230.0,13959.0,8916.0
2026-05-09,SCP78728,B07JM7GQG4,Original Mattress,Mattress,6,89142.0,7380.0,96522.0,71037.0
2026-05-09,SCPROD75x48,B0822XBCF1,Protector,Bedding,3,2070.0,423.0,2493.0,2070.0
2026-05-09,SCPROK78x72,B0822WWZRV,Protector,Bedding,10,8971.0,1910.0,10881.0,8184.0
2026-05-10,SC-78x60x10,B09BFD1ZB3,Original Mattress,Mattress,1,14549.0,1230.0,15779.0,14099.0
2026-05-10,SC-BABY48244,B07Y37P1T3,Baby Mattress,Mattress,1,1474.0,457.0,1931.0,1384.0
2026-05-10,SC-F-4TFOLD-BL-72X36,B0FHF2DKQZ,Tri-fold Mattress,Mattress,2,7978.0,1620.0,9598.0,7978.0
2026-05-10,SC-F-4TFOLD-BL-72X48,B0FHF65C2R,Tri-fold Mattress,Mattress,6,31134.0,4860.0,35994.0,26291.0
2026-05-10,SC-F-72x72x10,B09BFCFQ9G,Original Mattress,Mattress,1,16217.0,1230.0,17447.0,12575.0
2026-05-10,SC-F-CON-MFPILWS2-BAM-24x14,B09XFG77VR,Contour Bamboo MF Pillow,Pillows,6,10060.0,1266.0,11326.0,8833.0
2026-05-10,SC-F-DYWHSTNPLWCS-P-32x20,B0CWZ9B4NQ,Satin Pillow Case,Bedding,2,2984.0,306.0,3290.0,2984.0
2026-05-10,SC-F-HYB-LATEX-K-72x72x6,B09XGDZQPC,Hybrid Latex Mattress,Mattress,9,128547.0,11070.0,139617.0,103417.0
2026-05-10,SC-F-HYB-LATEX-K-72x72x8,B09XFMGSKV,Hybrid Latex Mattress,Mattress,1,16729.0,1430.0,18159.0,12987.0
2026-05-10,SC-F-HYB-LATEX-K-75x72x6,B09XFLVCHN,Hybrid Latex Mattress,Mattress,1,14769.0,1230.0,15999.0,12415.0
2026-05-10,SC-F-HYB-LATEX-K-75x72x8,B09XFL1FR1,Hybrid Latex Mattress,Mattress,3,51375.0,4290.0,55665.0,39094.0
2026-05-10,SC-F-HYB-LATEX-K-78x72x6,B09XFKM8V6,Hybrid Latex Mattress,Mattress,7,107138.0,8610.0,115748.0,77616.0
2026-05-10,SC-F-HYB-LATEX-K-78x72x8,B09XGCSRXY,Hybrid Latex Mattress,Mattress,16,280986.0,22880.0,303866.0,209905.0
2026-05-10,SC-F-HYB-LATEX-Q-72x60x6,B09XGNVN9N,Hybrid Latex Mattress,Mattress,1,12369.0,1230.0,13599.0,12369.0
2026-05-10,SC-F-HYB-LATEX-Q-72x60x8,B09XFN2QX3,Hybrid Latex Mattress,Mattress,2,28578.0,2460.0,31038.0,26000.0
2026-05-10,SC-F-HYB-LATEX-Q-75x60x8,B09XFRNJCD,Hybrid Latex Mattress,Mattress,1,14609.0,1230.0,15839.0,10442.0
2026-05-10,SC-F-HYB-LATEX-Q-78x60x6,B09XGPZKTZ,Hybrid Latex Mattress,Mattress,1,13009.0,1230.0,14239.0,10123.0
2026-05-10,SC-F-HYB-LATEX-Q-78x60x8,B09XFL1H1T,Hybrid Latex Mattress,Mattress,4,59716.0,4920.0,64636.0,46528.0
2026-05-10,SC-F-HYB-LATEX-S-72x36x6,B09XFMX37N,Hybrid Latex Mattress,Mattress,1,8169.0,950.0,9119.0,6654.0
2026-05-10,SC-F-LITEPILWPSET2-S-27X17,B0CV17V482,Fiber Lite,Pillows,2,1360.0,296.0,1656.0,1360.0
2026-05-10,SC-F-LTX-ORTHO-D-72x48x5,B0G7J4C6NX,Latex Ortho Mattress,Mattress,2,17502.0,1900.0,19402.0,13938.0
2026-05-10,SC-F-LTX-ORTHO-K-72X72X6,B0G3C251F1,Latex Ortho Mattress,Mattress,1,14069.0,1230.0,15299.0,11009.0
2026-05-10,SC-F-LTX-ORTHO-K-75X72X8,B0G3CC4M7Y,Latex Ortho Mattress,Mattress,1,16967.0,1230.0,18197.0,12077.0
2026-05-10,SC-F-LTX-ORTHO-K-78X72X8,B0G3D21NYY,Latex Ortho Mattress,Mattress,2,33970.0,2460.0,36430.0,24119.0
2026-05-10,SC-F-LTX-ORTHO-K-78x72x5,B0G7JCBDJJ,Latex Ortho Mattress,Mattress,1,12515.0,950.0,13465.0,9917.0
2026-05-10,SC-F-LTX-ORTHO-Q-78X60X8,B0G3CQPRB9,Latex Ortho Mattress,Mattress,1,14807.0,1230.0,16037.0,11953.0
2026-05-10,SC-F-LTX-ORTHO-S-72X36X6,B0G3CC722B,Latex Ortho Mattress,Mattress,1,7703.0,810.0,8513.0,7703.0
2026-05-10,SC-F-LTX-ORTHO-S-72x36x5,B0G7HSDJXL,Latex Ortho Mattress,Mattress,1,7109.0,810.0,7919.0,5921.0
2026-05-10,SC-F-LTX-ORTHO-S-75X36X8,B0G3CC5QK3,Latex Ortho Mattress,Mattress,1,8905.0,950.0,9855.0,7519.0
2026-05-10,SC-F-OBCHPILWCS-S-28x18,B0CWL313ZC,Cotton Pillow Case,Bedding,2,1984.0,306.0,2290.0,1596.0
2026-05-10,SC-F-ORIG-D-72x48x10,B0BB7KCGYN,Original Mattress,Mattress,1,11665.0,950.0,12615.0,8635.0
2026-05-10,SC-F-ORIG-D-72x48x4,B0G71HHRVT,Original Mattress,Mattress,3,20936.0,2430.0,23366.0,19028.0
2026-05-10,SC-F-ORIG-Q-72x60x5,B0G25BHBT6,Original Mattress,Mattress,1,9598.0,950.0,10548.0,9598.0
2026-05-10,SC-F-ORIG-S-72x36x4,B0G71BGCB3,Original Mattress,Mattress,2,10327.0,1620.0,11947.0,9380.0
2026-05-10,SC-F-PROT-K-72x72,B0822WG76C,Protector,Bedding,4,3376.0,764.0,4140.0,3051.0
2026-05-10,SC-F-PROT-Q-75x60,B0822WH47T,Protector,Bedding,1,799.0,141.0,940.0,764.0
2026-05-10,SC-F-PROT-Q-78x60,B0822WJWGS,Protector,Bedding,3,2350.0,423.0,2773.0,2350.0
2026-05-10,SC-F-S2CLPILW27x18,B08R7MX63N,Cloud Pillow,Pillows,3,5052.0,633.0,5685.0,4517.0
2026-05-10,SC-F-S2MFPILW-26x16x4,B08R8DC5BB,Memory Foam Pillow,Pillows,18,30076.0,3798.0,33874.0,24192.0
2026-05-10,SC-F-S4CLPILW27x18,B08R8GN8KH,Cloud Pillow,Pillows,1,3409.0,211.0,3620.0,3159.0
2026-05-10,SC-F-S4CLPILW32x20,B08V53Z18N,Cloud Pillow,Pillows,1,3148.0,211.0,3359.0,3148.0
2026-05-10,SC-F-S4MFPILW-26x16x4,B08R8DQ3T4,Memory Foam Pillow,Pillows,1,3538.0,211.0,3749.0,3388.0
2026-05-10,SC-F-SMFPILWSET1-BAM-S-22x14,B0F1Y416FR,Small Memory Foam Pillow,Pillows,1,851.0,148.0,999.0,718.0
2026-05-10,SC-F-STMRFTDSHEET-K-78x72,B0DDCG62DZ,Sateen Fitted Sheets,Bedding,1,2226.0,198.0,2424.0,2226.0
2026-05-10,SC-F-ULTM-LATEX-K-75x72x10,B0D58NNHGR,Ultima Latex Mattress,Mattress,1,31329.0,1430.0,32759.0,21846.0
2026-05-10,SC-F-ULTM-LATEX-K-75x72x8,B0D58LV9HN,Ultima Latex Mattress,Mattress,3,83782.0,4290.0,88072.0,60099.0
2026-05-10,SC-F-ULTM-LATEX-K-78x72x8,B0D58NBSN9,Ultima Latex Mattress,Mattress,9,251624.0,12870.0,264494.0,181678.0
2026-05-10,SC-F-ULTM-LATEX-Q-75x60x8,B0D58MHJMG,Ultima Latex Mattress,Mattress,1,25449.0,1430.0,26879.0,17502.0
2026-05-10,SC-F-ULTM-LATEX-Q-78x60x8,B0D58N5B2F,Ultima Latex Mattress,Mattress,2,50898.0,2860.0,53758.0,37516.0
2026-05-10,SC-MFPILW-BAM-C-25x16,B09XFF5LPL,Contour Bamboo MF Pillow,Pillows,7,5864.0,1036.0,6900.0,5823.0
2026-05-10,SC-PILLOW,B0822SXQGH,Memory Foam Pillow,Pillows,1,1443.0,211.0,1654.0,1443.0
2026-05-10,SC-SLMPILW-S-26x16,B09XBMFFZY,Slim Pillow,Pillows,1,801.0,148.0,949.0,751.0
2026-05-10,SC-ULTM-K-72x72x8,B09XGNVVYK,Ultima Mattress,Mattress,1,18589.0,1430.0,20019.0,15337.0
2026-05-10,SC-ULTM-K-75x72x8,B09XGPHT52,Ultima Mattress,Mattress,2,37178.0,2860.0,40038.0,30147.0
2026-05-10,SC-ULTM-K-78x72x10,B09XGSHBKJ,Ultima Mattress,Mattress,2,43313.0,2860.0,46173.0,35510.0
2026-05-10,SC-ULTM-K-78x72x8,B09XGRWRST,Ultima Mattress,Mattress,3,55767.0,4290.0,60057.0,43429.0
2026-05-10,SC-ULTM-Q-72x60x8,B09XGCYCSY,Ultima Mattress,Mattress,1,16279.0,1430.0,17709.0,15607.0
2026-05-10,SC-ULTM-Q-75x60x8,B09XGPK5MG,Ultima Mattress,Mattress,1,16279.0,1430.0,17709.0,12578.0
2026-05-10,SC72366,B078BRGTDM,Original Mattress,Mattress,1,7093.0,810.0,7903.0,6246.0
2026-05-10,SC72486,B077Q9YRMY,Original Mattress,Mattress,2,17554.0,1900.0,19454.0,14896.0
2026-05-10,SC72606,B078BNQ7M4,Original Mattress,Mattress,3,32911.0,2850.0,35761.0,29329.0
2026-05-10,SC75606,B0732TMKP8,Original Mattress,Mattress,1,11209.0,950.0,12159.0,10055.0
2026-05-10,SC78486,B0732W7MRK,Original Mattress,Mattress,2,18438.0,1900.0,20338.0,16140.0
2026-05-10,SC78606,B0732WFNVL,Original Mattress,Mattress,2,22701.0,1900.0,24601.0,19619.0
2026-05-10,SC78726,B0732Y4N37,Original Mattress,Mattress,7,89246.0,8610.0,97856.0,71795.0
2026-05-10,SCORIG-78x72x6,,SCORIG-78x72x6,Other,1,14769.0,1230.0,15999.0,14269.0
2026-05-10,SCP72368,B07PXG7NPX,Original Mattress,Mattress,2,15720.0,1900.0,17620.0,14904.0
2026-05-10,SCP72488,B07PVC8NR5,Original Mattress,Mattress,2,20138.0,1900.0,22038.0,15094.0
2026-05-10,SCP72608,B07MHZTP8Q,Original Mattress,Mattress,1,12069.0,1230.0,13299.0,9489.0
2026-05-10,SCP72728,B07M72KSRM,Original Mattress,Mattress,3,42819.0,3690.0,46509.0,38641.0
2026-05-10,SCP75488,B07NLFVP6H,Original Mattress,Mattress,1,10373.0,950.0,11323.0,9806.0
2026-05-10,SCP78728,B07JM7GQG4,Original Mattress,Mattress,2,29741.0,2460.0,32201.0,23952.0
2026-05-10,SCPROD75x48,B0822XBCF1,Protector,Bedding,1,704.0,141.0,845.0,530.0
2026-05-10,SCPROK78x72,B0822WWZRV,Protector,Bedding,8,7107.0,1528.0,8635.0,6500.0
2026-05-11,SC-F-4TFOLD-BL-72X36,B0FHF2DKQZ,Tri-fold Mattress,Mattress,2,7978.0,1620.0,9598.0,6690.0
2026-05-11,SC-F-4TFOLD-BL-72X48,B0FHF65C2R,Tri-fold Mattress,Mattress,2,10252.0,1620.0,11872.0,9300.0
2026-05-11,SC-F-72x72x10,B09BFCFQ9G,Original Mattress,Mattress,1,16249.0,1230.0,17479.0,12603.0
2026-05-11,SC-F-CON-MFPILWS2-BAM-24x14,B09XFG77VR,Contour Bamboo MF Pillow,Pillows,4,6718.0,844.0,7562.0,5793.0
2026-05-11,SC-F-HYB-LATEX-D-72x48x8,B09XGGGNN9,Hybrid Latex Mattress,Mattress,1,12009.0,950.0,12959.0,11620.0
2026-05-11,SC-F-HYB-LATEX-K-72x72x6,B09XGDZQPC,Hybrid Latex Mattress,Mattress,4,57082.0,4920.0,62002.0,46655.0
2026-05-11,SC-F-HYB-LATEX-K-75x72x6,B09XFLVCHN,Hybrid Latex Mattress,Mattress,1,14769.0,1230.0,15999.0,10067.0
2026-05-11,SC-F-HYB-LATEX-K-75x72x8,B09XFL1FR1,Hybrid Latex Mattress,Mattress,2,34258.0,2860.0,37118.0,24024.0
2026-05-11,SC-F-HYB-LATEX-K-78x72x6,B09XFKM8V6,Hybrid Latex Mattress,Mattress,4,61276.0,4920.0,66196.0,43913.0
2026-05-11,SC-F-HYB-LATEX-K-78x72x8,B09XGCSRXY,Hybrid Latex Mattress,Mattress,9,158425.0,12870.0,171295.0,124635.0
2026-05-11,SC-F-HYB-LATEX-Q-72x60x8,B09XFN2QX3,Hybrid Latex Mattress,Mattress,2,28558.0,2460.0,31018.0,25273.0
2026-05-11,SC-F-HYB-LATEX-Q-75x60x6,B09XGK6Q4L,Hybrid Latex Mattress,Mattress,1,12609.0,1230.0,13839.0,9730.0
2026-05-11,SC-F-HYB-LATEX-Q-75x60x8,B09XFRNJCD,Hybrid Latex Mattress,Mattress,3,43827.0,3690.0,47517.0,35872.0
2026-05-11,SC-F-HYB-LATEX-Q-78x60x8,B09XFL1H1T,Hybrid Latex Mattress,Mattress,1,14929.0,1230.0,16159.0,10447.0
2026-05-11,SC-F-HYB-LATEX-S-72x30x6,B0C857R73C,Hybrid Latex Mattress,Mattress,1,7989.0,950.0,8939.0,7298.0
2026-05-11,SC-F-HYB-LATEX-S-72x36x6,B09XFMX37N,Hybrid Latex Mattress,Mattress,2,16308.0,1900.0,18208.0,12573.0
2026-05-11,SC-F-HYBPILWSET2-S-26x16,B09XF52Y5P,Hybrid Pillow,Pillows,1,3188.0,211.0,3399.0,3188.0
2026-05-11,SC-F-LITEPILWPSET2-S-27X17,B0CV17V482,Fiber Lite,Pillows,5,3502.0,740.0,4242.0,3502.0
2026-05-11,SC-F-LTX-ORTHO-D-72x48x5,B0G7J4C6NX,Latex Ortho Mattress,Mattress,1,8751.0,950.0,9701.0,8265.0
2026-05-11,SC-F-LTX-ORTHO-K-72X72X6,B0G3C251F1,Latex Ortho Mattress,Mattress,1,14133.0,1230.0,15363.0,9808.0
2026-05-11,SC-F-LTX-ORTHO-K-75X72X8,B0G3CC4M7Y,Latex Ortho Mattress,Mattress,1,16985.0,1230.0,18215.0,12091.0
2026-05-11,SC-F-LTX-ORTHO-K-78X72X8,B0G3D21NYY,Latex Ortho Mattress,Mattress,3,50955.0,3690.0,54645.0,41167.0
2026-05-11,SC-F-LTX-ORTHO-Q-75x60x5,B0G7JS5WXQ,Latex Ortho Mattress,Mattress,1,10665.0,950.0,11615.0,10310.0
2026-05-11,SC-F-LTX-ORTHO-S-72X36X6,B0G3CC722B,Latex Ortho Mattress,Mattress,1,7703.0,810.0,8513.0,7703.0
2026-05-11,SC-F-ORIG-D-72x48x4,B0G71HHRVT,Original Mattress,Mattress,1,6987.0,810.0,7797.0,5427.0
2026-05-11,SC-F-ORIG-K-72x70x6,B0F2TGN1KQ,Original Mattress,Mattress,1,12449.0,1230.0,13679.0,11734.0
2026-05-11,SC-F-ORIG-K-75x72x5,B0G253GWFF,Original Mattress,Mattress,1,11675.0,950.0,12625.0,10195.0
2026-05-11,SC-F-ORIG-Q-72x60x4,B0G71QJRXS,Original Mattress,Mattress,1,7686.0,810.0,8496.0,7426.0
2026-05-11,SC-F-ORIG-Q-72x60x5,B0G25BHBT6,Original Mattress,Mattress,1,9598.0,950.0,10548.0,8167.0
2026-05-11,SC-F-ORIG-Q-72x66x5,B0G256SMQZ,Original Mattress,Mattress,1,10974.0,950.0,11924.0,10974.0
2026-05-11,SC-F-ORIG-S-72x30x5,B0G256TW3Q,Original Mattress,Mattress,1,6044.0,810.0,6854.0,5015.0
2026-05-11,SC-F-ORIG-S-72x30x6,B0BB7575JC,Original Mattress,Mattress,1,6333.0,810.0,7143.0,5042.0
2026-05-11,SC-F-ORIG-S-72x36x4,B0G71BGCB3,Original Mattress,Mattress,1,4886.0,810.0,5696.0,4031.0
2026-05-11,SC-F-ORIG-S-72x36x5,B0G255BCC2,Original Mattress,Mattress,1,6782.0,810.0,7592.0,5642.0
2026-05-11,SC-F-PROT-K-72x72,B0822WG76C,Protector,Bedding,1,792.0,191.0,983.0,696.0
2026-05-11,SC-F-PROT-Q-72x60,B0822X8LZY,Protector,Bedding,3,2397.0,423.0,2820.0,2093.0
2026-05-11,SC-F-PROT-Q-75x60,B0822WH47T,Protector,Bedding,2,1598.0,282.0,1880.0,1512.0
2026-05-11,SC-F-PRPNPILWCS-S-28x18,B0CWL52SCG,Cotton Pillow Case,Bedding,1,371.0,153.0,524.0,249.0
2026-05-11,SC-F-S2CLPILW27x18,B08R7MX63N,Cloud Pillow,Pillows,1,1688.0,211.0,1899.0,1688.0
2026-05-11,SC-F-S2MFPILW-26x16x4,B08R8DC5BB,Memory Foam Pillow,Pillows,23,38665.0,4853.0,43518.0,31412.0
2026-05-11,SC-F-S4CLPILW32x20,B08V53Z18N,Cloud Pillow,Pillows,1,3148.0,211.0,3359.0,2795.0
2026-05-11,SC-F-S4MFPILW-26x16x4,B08R8DQ3T4,Memory Foam Pillow,Pillows,1,3588.0,211.0,3799.0,3274.0
2026-05-11,SC-F-ULTM-LATEX-K-72x72x8,B0D58LLWFN,Ultima Latex Mattress,Mattress,1,27969.0,1430.0,29399.0,20439.0
2026-05-11,SC-F-ULTM-LATEX-K-75x72x8,B0D58LV9HN,Ultima Latex Mattress,Mattress,2,55938.0,2860.0,58798.0,39318.0
2026-05-11,SC-F-ULTM-LATEX-K-78x72x8,B0D58NBSN9,Ultima Latex Mattress,Mattress,4,111835.0,5720.0,117555.0,80172.0
2026-05-11,SC-MFPILW-BAM-C-25x16,B09XFF5LPL,Contour Bamboo MF Pillow,Pillows,4,3391.0,592.0,3983.0,3340.0
2026-05-11,SC-PETBEDORIG-M.Red-L-46x32,B09XXW4L26,Pet Bed,Beds,1,1422.0,352.0,1774.0,1130.0
2026-05-11,SC-ULTM-K-72x72x8,B09XGNVVYK,Ultima Mattress,Mattress,1,18589.0,1430.0,20019.0,12996.0
2026-05-11,SC-ULTM-K-78x72x8,B09XGRWRST,Ultima Mattress,Mattress,4,74352.0,5720.0,80072.0,58377.0
2026-05-11,SC-ULTM-Q-72x60x10,B09XGTCS7M,Ultima Mattress,Mattress,1,18589.0,1430.0,20019.0,13995.0
2026-05-11,SC-ULTM-Q-75x60x8,B09XGPK5MG,Ultima Mattress,Mattress,2,32558.0,2860.0,35418.0,29199.0
2026-05-11,SC-ULTM-Q-78x60x10,B09XGPJ4CK,Ultima Mattress,Mattress,1,18589.0,1430.0,20019.0,17988.0
2026-05-11,SC-ULTM-Q-78x60x8,B09XGNTMB7,Ultima Mattress,Mattress,1,16279.0,1430.0,17709.0,15393.0
2026-05-11,SC-ULTM-S-78x36x8,B09XGM4M96,Ultima Mattress,Mattress,1,10599.0,950.0,11549.0,9503.0
2026-05-11,SC72486,B077Q9YRMY,Original Mattress,Mattress,5,43857.0,4750.0,48607.0,34487.0
2026-05-11,SC72726,B077QJVWBR,Original Mattress,Mattress,1,12449.0,1230.0,13679.0,12038.0
2026-05-11,SC75606,B0732TMKP8,Original Mattress,Mattress,1,11209.0,950.0,12159.0,10254.0
2026-05-11,SC78606,B0732WFNVL,Original Mattress,Mattress,2,22722.0,1900.0,24622.0,18238.0
2026-05-11,SC78726,B0732Y4N37,Original Mattress,Mattress,3,38259.0,3690.0,41949.0,35045.0
2026-05-11,SCP72608,B07MHZTP8Q,Original Mattress,Mattress,1,12069.0,1230.0,13299.0,8890.0
2026-05-11,SCP72728,B07M72KSRM,Original Mattress,Mattress,2,28494.0,2460.0,30954.0,24669.0
2026-05-11,SCP75488,B07NLFVP6H,Original Mattress,Mattress,2,20717.0,1900.0,22617.0,18452.0
2026-05-11,SCP75608,B07MBSJ553,Original Mattress,Mattress,2,24898.0,2460.0,27358.0,21213.0
2026-05-11,SCP78608,B07JN4C3NB,Original Mattress,Mattress,3,38487.0,3690.0,42177.0,35809.0
2026-05-11,SCP78728,B07JM7GQG4,Original Mattress,Mattress,3,44643.0,3690.0,48333.0,35347.0
2026-05-11,SCPROD75x48,B0822XBCF1,Protector,Bedding,4,2813.0,564.0,3377.0,2227.0
2026-05-11,SCPROK78x72,B0822WWZRV,Protector,Bedding,4,3575.0,764.0,4339.0,3357.0
2026-05-12,SC-BKNECKPILW-S-10x9,B0CJ9G9XVQ,Travel Neck Pillow,Pillows,2,1690.0,308.0,1998.0,1430.0
2026-05-12,SC-F-4TFOLD-BL-72X48,B0FHF65C2R,Tri-fold Mattress,Mattress,8,41264.0,6480.0,47744.0,33838.0
2026-05-12,SC-F-72x72x10,B09BFCFQ9G,Original Mattress,Mattress,2,32398.0,2460.0,34858.0,25466.0
2026-05-12,SC-F-75x72x10,B09BFC4KSB,Original Mattress,Mattress,2,33010.0,2860.0,35870.0,26236.0
2026-05-12,SC-F-CLPILW27x18,B08KT1QRHJ,Cloud Pillow,Pillows,4,3304.0,592.0,3896.0,3304.0
2026-05-12,SC-F-CON-MFPILWS2-BAM-24x14,B09XFG77VR,Contour Bamboo MF Pillow,Pillows,10,16880.0,2110.0,18990.0,14448.0
2026-05-12,SC-F-DGRPILWCS-S-28x18,B0CWL2NG34,Cotton Pillow Case,Bedding,2,778.0,270.0,1048.0,684.0
2026-05-12,SC-F-HYB-LATEX-K-72x72x6,B09XGDZQPC,Hybrid Latex Mattress,Mattress,12,171308.0,14760.0,186068.0,145064.0
2026-05-12,SC-F-HYB-LATEX-K-75x72x8,B09XFL1FR1,Hybrid Latex Mattress,Mattress,4,68400.0,5720.0,74120.0,54554.0
2026-05-12,SC-F-HYB-LATEX-K-78x72x6,B09XFKM8V6,Hybrid Latex Mattress,Mattress,6,91930.0,7380.0,99310.0,76706.0
2026-05-12,SC-F-HYB-LATEX-K-78x72x8,B09XGCSRXY,Hybrid Latex Mattress,Mattress,6,105632.0,8580.0,114212.0,86508.0
2026-05-12,SC-F-HYB-LATEX-Q-72x60x6,B09XGNVN9N,Hybrid Latex Mattress,Mattress,4,49476.0,4920.0,54396.0,44800.0
2026-05-12,SC-F-HYB-LATEX-Q-72x60x8,B09XFN2QX3,Hybrid Latex Mattress,Mattress,6,85734.0,7380.0,93114.0,72988.0
2026-05-12,SC-F-HYB-LATEX-Q-75x60x6,B09XGK6Q4L,Hybrid Latex Mattress,Mattress,4,50380.0,4920.0,55300.0,45138.0
2026-05-12,SC-F-HYB-LATEX-Q-75x60x8,B09XFRNJCD,Hybrid Latex Mattress,Mattress,6,87358.0,7380.0,94738.0,68400.0
2026-05-12,SC-F-HYB-LATEX-Q-78x60x6,B09XGPZKTZ,Hybrid Latex Mattress,Mattress,2,25962.0,2460.0,28422.0,21226.0
2026-05-12,SC-F-HYB-LATEX-Q-78x60x8,B09XFL1H1T,Hybrid Latex Mattress,Mattress,4,59648.0,4920.0,64568.0,56288.0
2026-05-12,SC-F-LTX-ORTHO-K-72X72X6,B0G3C251F1,Latex Ortho Mattress,Mattress,2,28188.0,2460.0,30648.0,22622.0
2026-05-12,SC-F-LTX-ORTHO-K-72X72X8,B0G3C233F8,Latex Ortho Mattress,Mattress,2,32782.0,2460.0,35242.0,32782.0
2026-05-12,SC-F-LTX-ORTHO-K-75x72x5,B0G7JNQ78N,Latex Ortho Mattress,Mattress,4,48204.0,3800.0,52004.0,43100.0
2026-05-12,SC-F-LTX-ORTHO-K-78X72X6,B0G3BY1NZH,Latex Ortho Mattress,Mattress,6,88842.0,7380.0,96222.0,78814.0
2026-05-12,SC-F-LTX-ORTHO-K-78X72X8,B0G3D21NYY,Latex Ortho Mattress,Mattress,8,135880.0,9840.0,145720.0,123592.0
2026-05-12,SC-F-ORIG-D-72x48x4,B0G71HHRVT,Original Mattress,Mattress,2,13974.0,1620.0,15594.0,13974.0
2026-05-12,SC-F-ORIG-K-72x70x8,B0F2TGCPMR,Original Mattress,Mattress,2,28346.0,2460.0,30806.0,27414.0
2026-05-12,SC-F-ORIG-K-72x72x5,B0G25736BD,Original Mattress,Mattress,2,22784.0,1900.0,24684.0,22784.0
2026-05-12,SC-F-ORIG-Q-72x60x4,B0G71QJRXS,Original Mattress,Mattress,2,15372.0,1620.0,16992.0,12822.0
2026-05-12,SC-F-ORIG-Q-72x66x5,B0G256SMQZ,Original Mattress,Mattress,2,21948.0,1900.0,23848.0,21948.0
2026-05-12,SC-F-ORIG-S-72x30x6,B0BB7575JC,Original Mattress,Mattress,2,12666.0,1620.0,14286.0,10328.0
2026-05-12,SC-F-ORIG-S-72x36x4,B0G71BGCB3,Original Mattress,Mattress,2,10372.0,1620.0,11992.0,8572.0
2026-05-12,SC-F-PKCOMF-D-90x100,B09BYWZCXM,Reversible Comforter,Bedding,2,4138.0,660.0,4798.0,3252.0
2026-05-12,SC-F-PROT-K-72x72,B0822WG76C,Protector,Bedding,2,1688.0,382.0,2070.0,1496.0
2026-05-12,SC-F-PROT-Q-72x60,B0822X8LZY,Protector,Bedding,2,1508.0,282.0,1790.0,1354.0
2026-05-12,SC-F-PROT-Q-78x60,B0822WJWGS,Protector,Bedding,2,1598.0,282.0,1880.0,1598.0
2026-05-12,SC-F-PROT-Q-78x66,B0822XLRG1,Protector,Bedding,4,3512.0,564.0,4076.0,2840.0
2026-05-12,SC-F-PROT-S-72x36,B0822W49Z9,Protector,Bedding,2,1218.0,282.0,1500.0,1204.0
2026-05-12,SC-F-S2CLPILW27x18,B08R7MX63N,Cloud Pillow,Pillows,2,3376.0,422.0,3798.0,3376.0
2026-05-12,SC-F-S2MFPILW-26x16x4,B08R8DC5BB,Memory Foam Pillow,Pillows,26,43608.0,5486.0,49094.0,36274.0
2026-05-12,SC-F-S4CLPILW27x18,B08R8GN8KH,Cloud Pillow,Pillows,4,13936.0,844.0,14780.0,13140.0
2026-05-12,SC-F-S4MFPILW-26x16x4,B08R8DQ3T4,Memory Foam Pillow,Pillows,2,7176.0,422.0,7598.0,7094.0
2026-05-12,SC-F-SMFPILWSET1-BAM-S-22x14,B0F1Y416FR,Small Memory Foam Pillow,Pillows,2,1702.0,296.0,1998.0,1702.0
2026-05-12,SC-F-STDMPILWCS-C-52x20,B0DDCQVPLC,Sateen Pillow Case,Bedding,2,1114.0,324.0,1438.0,1114.0
2026-05-12,SC-F-STPBPILWCS-S-28x18,B0DDCLWFTR,Sateen Pillow Case,Bedding,2,1294.0,324.0,1618.0,1294.0
2026-05-12,SC-F-ULTM-LATEX-K-75x72x10,B0D58NNHGR,Ultima Latex Mattress,Mattress,2,62658.0,2860.0,65518.0,50040.0
2026-05-12,SC-F-ULTM-LATEX-K-75x72x8,B0D58LV9HN,Ultima Latex Mattress,Mattress,4,111824.0,5720.0,117544.0,97448.0
2026-05-12,SC-F-ULTM-LATEX-K-78x72x8,B0D58NBSN9,Ultima Latex Mattress,Mattress,4,111852.0,5720.0,117572.0,90982.0
2026-05-12,SC-F-ULTM-LATEX-S-72x36x8,B0D58N56P9,Ultima Latex Mattress,Mattress,2,29458.0,2460.0,31918.0,27668.0
2026-05-12,SC-F-ULTM-LATEX-S-78x36x8,B0D58MC92Q,Ultima Latex Mattress,Mattress,2,27862.0,2460.0,30322.0,22114.0
2026-05-12,SC-F-WEDGE-BL,B0FLF9PR8K,Wedge Pillow,Pillows,2,3376.0,422.0,3798.0,3376.0
2026-05-12,SC-MFPILW-BAM-C-25x16,B09XFF5LPL,Contour Bamboo MF Pillow,Pillows,12,9862.0,1776.0,11638.0,9862.0
2026-05-12,SC-ULTM-K-75x72x8,B09XGPHT52,Ultima Mattress,Mattress,2,37178.0,2860.0,40038.0,29106.0
2026-05-12,SC-ULTM-K-78x72x8,B09XGRWRST,Ultima Mattress,Mattress,4,74176.0,5720.0,79896.0,57822.0
2026-05-12,SC-ULTM-Q-75x60x8,B09XGPK5MG,Ultima Mattress,Mattress,2,32552.0,2860.0,35412.0,25834.0
2026-05-12,SC72486,B077Q9YRMY,Original Mattress,Mattress,4,35090.0,3800.0,38890.0,30690.0
2026-05-12,SC72726,B077QJVWBR,Original Mattress,Mattress,2,24898.0,2460.0,27358.0,20514.0
2026-05-12,SC75726,B0732TFNYC,Original Mattress,Mattress,2,25170.0,2460.0,27630.0,20766.0
2026-05-12,SC78486,B0732W7MRK,Original Mattress,Mattress,2,18466.0,1900.0,20366.0,15426.0
2026-05-12,SC78726,B0732Y4N37,Original Mattress,Mattress,4,50472.0,4920.0,55392.0,45068.0
2026-05-12,SCP72728,B07M72KSRM,Original Mattress,Mattress,8,114128.0,9840.0,123968.0,103256.0
2026-05-12,SCP75488,B07NLFVP6H,Original Mattress,Mattress,2,19114.0,1900.0,21014.0,15632.0
2026-05-12,SCP75608,B07MBSJ553,Original Mattress,Mattress,6,74676.0,7380.0,82056.0,65086.0
2026-05-12,SCP78608,B07JN4C3NB,Original Mattress,Mattress,4,51316.0,4920.0,56236.0,49628.0
2026-05-12,SCP78728,B07JM7GQG4,Original Mattress,Mattress,10,148714.0,12300.0,161014.0,115994.0
2026-05-12,SCPROD75x48,B0822XBCF1,Protector,Bedding,2,1408.0,282.0,1690.0,1026.0
2026-05-12,SCPROK78x72,B0822WWZRV,Protector,Bedding,22,23240.0,4202.0,27442.0,18548.0
2026-05-13,SC-F-4TFOLD-BL-72X36,B0FHF2DKQZ,Tri-fold Mattress,Mattress,6,23934.0,4860.0,28794.0,23390.0
2026-05-13,SC-F-4TFOLD-BL-72X48,B0FHF65C2R,Tri-fold Mattress,Mattress,8,41446.0,6480.0,47926.0,36950.0
2026-05-13,SC-F-72x60x10,B09BFDR5TH,Original Mattress,Mattress,2,27634.0,2460.0,30094.0,26730.0
2026-05-13,SC-F-CLPILW27x18,B08KT1QRHJ,Cloud Pillow,Pillows,2,1682.0,296.0,1978.0,1682.0
2026-05-13,SC-F-CON-MFPILWS2-BAM-24x14,B09XFG77VR,Contour Bamboo MF Pillow,Pillows,8,20256.0,1688.0,21944.0,16550.0
2026-05-13,SC-F-CTR-LTX-BAM-24x16,B0F2N7Q9H3,Contour Latex Pillow,Pillows,6,21880.0,1266.0,23146.0,21160.0
2026-05-13,SC-F-DGRPILWCS-S-28x18,B0CWL2NG34,Cotton Pillow Case,Bedding,2,828.0,270.0,1098.0,666.0
2026-05-13,SC-F-HYB-LATEX-K-75x72x8,B09XFL1FR1,Hybrid Latex Mattress,Mattress,4,68516.0,5720.0,74236.0,54372.0
2026-05-13,SC-F-HYB-LATEX-K-78x72x6,B09XFKM8V6,Hybrid Latex Mattress,Mattress,6,91024.0,7380.0,98404.0,71546.0
2026-05-13,SC-F-HYB-LATEX-K-78x72x8,B09XGCSRXY,Hybrid Latex Mattress,Mattress,10,175764.0,14300.0,190064.0,153960.0
2026-05-13,SC-F-HYB-LATEX-Q-72x60x8,B09XFN2QX3,Hybrid Latex Mattress,Mattress,4,57156.0,4920.0,62076.0,44812.0
2026-05-13,SC-F-HYB-LATEX-Q-75x60x6,B09XGK6Q4L,Hybrid Latex Mattress,Mattress,4,50436.0,4920.0,55356.0,42128.0
2026-05-13,SC-F-HYB-LATEX-Q-75x60x8,B09XFRNJCD,Hybrid Latex Mattress,Mattress,6,87404.0,7380.0,94784.0,73970.0
2026-05-13,SC-F-HYB-LATEX-Q-78x60x6,B09XGPZKTZ,Hybrid Latex Mattress,Mattress,4,52036.0,4920.0,56956.0,43642.0
2026-05-13,SC-F-HYB-LATEX-Q-78x60x8,B09XFL1H1T,Hybrid Latex Mattress,Mattress,2,29858.0,2460.0,32318.0,28888.0
2026-05-13,SC-F-LITEPILWPSET2-S-27X17,B0CV17V482,Fiber Lite,Pillows,4,2804.0,592.0,3396.0,2566.0
2026-05-13,SC-F-LTX-ORTHO-D-72x48x5,B0G7J4C6NX,Latex Ortho Mattress,Mattress,4,34946.0,3800.0,38746.0,33760.0
2026-05-13,SC-F-LTX-ORTHO-K-78X72X8,B0G3D21NYY,Latex Ortho Mattress,Mattress,2,33878.0,2460.0,36338.0,27744.0
2026-05-13,SC-F-LTX-ORTHO-K-78x72x5,B0G7JCBDJJ,Latex Ortho Mattress,Mattress,2,25158.0,1900.0,27058.0,25158.0
2026-05-13,SC-F-LTX-ORTHO-Q-72X60X6,B0G3CDX1H6,Latex Ortho Mattress,Mattress,2,24498.0,1900.0,26398.0,23690.0
2026-05-13,SC-F-LTX-ORTHO-Q-75X60X6,B0G3BY4SK8,Latex Ortho Mattress,Mattress,2,24498.0,1900.0,26398.0,24498.0
2026-05-13,SC-F-LTX-ORTHO-Q-75X60X8,B0G3CTX1NC,Latex Ortho Mattress,Mattress,4,56588.0,4920.0,61508.0,51012.0
2026-05-13,SC-F-LTX-ORTHO-Q-78X60X8,B0G3CQPRB9,Latex Ortho Mattress,Mattress,2,29614.0,2460.0,32074.0,23906.0
2026-05-13,SC-F-ORIG-K-72x72x5,B0G25736BD,Original Mattress,Mattress,2,22784.0,1900.0,24684.0,21216.0
2026-05-13,SC-F-ORIG-Q-72x60x4,B0G71QJRXS,Original Mattress,Mattress,2,15372.0,1620.0,16992.0,15372.0
2026-05-13,SC-F-ORIG-Q-72x60x5,B0G25BHBT6,Original Mattress,Mattress,2,19196.0,1900.0,21096.0,16030.0
2026-05-13,SC-F-ORIG-Q-75x60x4,B0G71MDVVD,Original Mattress,Mattress,4,31254.0,3800.0,35054.0,26454.0
2026-05-13,SC-F-PETORIG-L-32X46,B091CW7VX5,Pet Bed,Beds,2,2884.0,704.0,3588.0,2618.0
2026-05-13,SC-F-PROT-D-78x48,B0822VYH6P,Protector,Bedding,2,1408.0,282.0,1690.0,1408.0
2026-05-13,SC-F-PROT-K-72x72,B0822WG76C,Protector,Bedding,12,13472.0,2292.0,15764.0,11262.0
2026-05-13,SC-F-PROT-Q-72x60,B0822X8LZY,Protector,Bedding,2,1598.0,282.0,1880.0,1444.0
2026-05-13,SC-F-PROT-Q-75x60,B0822WH47T,Protector,Bedding,6,4794.0,846.0,5640.0,3788.0
2026-05-13,SC-F-PROT-Q-78x60,B0822WJWGS,Protector,Bedding,2,1598.0,282.0,1880.0,1598.0
2026-05-13,SC-F-PROT-Q-78x66,B0822XLRG1,Protector,Bedding,2,1616.0,282.0,1898.0,1416.0
2026-05-13,SC-F-PROT-S-72x36,B0822W49Z9,Protector,Bedding,4,2360.0,564.0,2924.0,2360.0
2026-05-13,SC-F-PRPNPILWCS-S-28x18,B0CWL52SCG,Cotton Pillow Case,Bedding,4,1536.0,612.0,2148.0,1278.0
2026-05-13,SC-F-S2CLPILW27x18,B08R7MX63N,Cloud Pillow,Pillows,2,3376.0,422.0,3798.0,3376.0
2026-05-13,SC-F-S2MFPILW-26x16x4,B08R8DC5BB,Memory Foam Pillow,Pillows,30,50014.0,6330.0,56344.0,43036.0
2026-05-13,SC-F-SLMPILWSET2-S-26x16,B09XBNLXW7,Slim Pillow,Pillows,2,3170.0,422.0,3592.0,3146.0
2026-05-13,SC-F-ULTM-LATEX-K-72x72x8,B0D58LLWFN,Ultima Latex Mattress,Mattress,4,111876.0,5720.0,117596.0,96530.0
2026-05-13,SC-F-ULTM-LATEX-K-75x72x10,B0D58NNHGR,Ultima Latex Mattress,Mattress,2,62614.0,2860.0,65474.0,50002.0
2026-05-13,SC-F-ULTM-LATEX-K-75x72x8,B0D58LV9HN,Ultima Latex Mattress,Mattress,2,55938.0,2860.0,58798.0,44286.0
2026-05-13,SC-F-ULTM-LATEX-K-78x72x8,B0D58NBSN9,Ultima Latex Mattress,Mattress,10,279690.0,14300.0,293990.0,233626.0
2026-05-13,SC-F-ULTM-LATEX-Q-78x60x8,B0D58N5B2F,Ultima Latex Mattress,Mattress,2,50898.0,2860.0,53758.0,40120.0
2026-05-13,SC-MFPILW-BAM-C-25x16,B09XFF5LPL,Contour Bamboo MF Pillow,Pillows,12,13592.0,1776.0,15368.0,13384.0
2026-05-13,SC-SLMPILW-S-26x16,B09XBMFFZY,Slim Pillow,Pillows,2,1602.0,296.0,1898.0,1602.0
2026-05-13,SC-ULTM-K-78x72x10,B09XGSHBKJ,Ultima Mattress,Mattress,2,43244.0,2860.0,46104.0,41858.0
2026-05-13,SC-ULTM-Q-78x60x10,B09XGPJ4CK,Ultima Mattress,Mattress,2,37178.0,2860.0,40038.0,29166.0
2026-05-13,SC72486,B077Q9YRMY,Original Mattress,Mattress,4,35108.0,3800.0,38908.0,31294.0
2026-05-13,SC72726,B077QJVWBR,Original Mattress,Mattress,2,24748.0,2460.0,27208.0,23948.0
2026-05-13,SC78606,B0732WFNVL,Original Mattress,Mattress,6,68166.0,5700.0,73866.0,63060.0
2026-05-13,SCP72368,B07PXG7NPX,Original Mattress,Mattress,2,15730.0,1900.0,17630.0,15200.0
2026-05-13,SCP72608,B07MHZTP8Q,Original Mattress,Mattress,2,24088.0,2460.0,26548.0,23290.0
2026-05-13,SCP72728,B07M72KSRM,Original Mattress,Mattress,4,57092.0,4920.0,62012.0,55228.0
2026-05-13,SCP78608,B07JN4C3NB,Original Mattress,Mattress,4,51254.0,4920.0,56174.0,49566.0
2026-05-13,SCP78728,B07JM7GQG4,Original Mattress,Mattress,8,119004.0,9840.0,128844.0,100992.0
2026-05-13,SCPROD75x48,B0822XBCF1,Protector,Bedding,6,4224.0,846.0,5070.0,3342.0
2026-05-13,SCPROK78x72,B0822WWZRV,Protector,Bedding,20,17864.0,3820.0,21684.0,14964.0
2026-05-14,SC-BABY48244,B07Y37P1T3,Baby Mattress,Mattress,4,5968.0,1828.0,7796.0,5230.0
2026-05-14,SC-BKNECKPILW-S-10x9,B0CJ9G9XVQ,Travel Neck Pillow,Pillows,2,1690.0,308.0,1998.0,1430.0
2026-05-14,SC-F-4TFOLD-BL-72X48,B0FHF65C2R,Tri-fold Mattress,Mattress,10,51770.0,8100.0,59870.0,44660.0
2026-05-14,SC-F-72x60x10,B09BFDR5TH,Original Mattress,Mattress,4,55268.0,4920.0,60188.0,40228.0
2026-05-14,SC-F-72x72x10,B09BFCFQ9G,Original Mattress,Mattress,4,64996.0,4920.0,69916.0,49508.0
2026-05-14,SC-F-CFCOMF-D-90x100,B09BYVBCRW,Reversible Comforter,Bedding,2,3328.0,660.0,3988.0,3328.0
2026-05-14,SC-F-COMF90x100,B08KTCGSQW,Reversible Comforter,Bedding,2,3738.0,660.0,4398.0,3642.0
2026-05-14,SC-F-CON-MFPILWS2-BAM-24x14,B09XFG77VR,Contour Bamboo MF Pillow,Pillows,6,10054.0,1266.0,11320.0,7642.0
2026-05-14,SC-F-DGRDVTCOVER-S-90x60,B0CW9S9W8F,Cotton Duvet cover,Bedding,2,2742.0,512.0,3254.0,2742.0
2026-05-14,SC-F-DGRFTDSHEET-K-78x72,B0BF4ZF9PC,Cotton Fitted Bedsheet,Bedding,2,3202.0,396.0,3598.0,3124.0
2026-05-14,SC-F-HYB-LATEX-D-72x48x6,B09XFLYZ66,Hybrid Latex Mattress,Mattress,2,20338.0,1900.0,22238.0,15602.0
2026-05-14,SC-F-HYB-LATEX-D-72x48x8,B09XGGGNN9,Hybrid Latex Mattress,Mattress,2,23974.0,1900.0,25874.0,18442.0
2026-05-14,SC-F-HYB-LATEX-K-72x70x6,B0F2TGQH37,Hybrid Latex Mattress,Mattress,4,58876.0,4920.0,63796.0,46144.0
2026-05-14,SC-F-HYB-LATEX-K-72x70x8,B0F2TJJVDM,Hybrid Latex Mattress,Mattress,2,33938.0,2860.0,36798.0,25260.0
2026-05-14,SC-F-HYB-LATEX-K-72x72x6,B09XGDZQPC,Hybrid Latex Mattress,Mattress,18,256978.0,22140.0,279118.0,188382.0
2026-05-14,SC-F-HYB-LATEX-K-72x72x8,B09XFMGSKV,Hybrid Latex Mattress,Mattress,8,133022.0,11440.0,144462.0,98478.0
2026-05-14,SC-F-HYB-LATEX-K-75x72x6,B09XFLVCHN,Hybrid Latex Mattress,Mattress,2,29476.0,2460.0,31936.0,21638.0
2026-05-14,SC-F-HYB-LATEX-K-75x72x8,B09XFL1FR1,Hybrid Latex Mattress,Mattress,8,136952.0,11440.0,148392.0,101456.0
2026-05-14,SC-F-HYB-LATEX-K-78x72x6,B09XFKM8V6,Hybrid Latex Mattress,Mattress,12,183822.0,14760.0,198582.0,146582.0
2026-05-14,SC-F-HYB-LATEX-K-78x72x8,B09XGCSRXY,Hybrid Latex Mattress,Mattress,24,422582.0,34320.0,456902.0,330674.0
2026-05-14,SC-F-HYB-LATEX-Q-72x60x6,B09XGNVN9N,Hybrid Latex Mattress,Mattress,2,24738.0,2460.0,27198.0,24000.0
2026-05-14,SC-F-HYB-LATEX-Q-72x60x8,B09XFN2QX3,Hybrid Latex Mattress,Mattress,4,57156.0,4920.0,62076.0,41788.0
2026-05-14,SC-F-HYB-LATEX-Q-75x60x6,B09XGK6Q4L,Hybrid Latex Mattress,Mattress,2,25218.0,2460.0,27678.0,19460.0
2026-05-14,SC-F-HYB-LATEX-Q-75x60x8,B09XFRNJCD,Hybrid Latex Mattress,Mattress,2,29218.0,2460.0,31678.0,28358.0
2026-05-14,SC-F-HYB-LATEX-Q-78x60x6,B09XGPZKTZ,Hybrid Latex Mattress,Mattress,6,78054.0,7380.0,85434.0,67928.0
2026-05-14,SC-F-HYB-LATEX-Q-78x60x8,B09XFL1H1T,Hybrid Latex Mattress,Mattress,2,29858.0,2460.0,32318.0,21958.0
2026-05-14,SC-F-HYB-LATEX-S-72x36x6,B09XFMX37N,Hybrid Latex Mattress,Mattress,2,16338.0,1900.0,18238.0,13654.0
2026-05-14,SC-F-HYB-LATEX-S-75x36x6,B09XFLCPM3,Hybrid Latex Mattress,Mattress,6,49494.0,5700.0,55194.0,43130.0
2026-05-14,SC-F-LITEPILWPSET2-S-27X17,B0CV17V482,Fiber Lite,Pillows,2,1402.0,296.0,1698.0,1402.0
2026-05-14,SC-F-LTX-ORTHO-D-72x48x5,B0G7J4C6NX,Latex Ortho Mattress,Mattress,4,34956.0,3800.0,38756.0,31084.0
2026-05-14,SC-F-LTX-ORTHO-K-72X72X6,B0G3C251F1,Latex Ortho Mattress,Mattress,6,84828.0,7380.0,92208.0,64492.0
2026-05-14,SC-F-LTX-ORTHO-K-72X72X8,B0G3C233F8,Latex Ortho Mattress,Mattress,4,65564.0,4920.0,70484.0,49984.0
2026-05-14,SC-F-LTX-ORTHO-K-75x72x5,B0G7JNQ78N,Latex Ortho Mattress,Mattress,2,24064.0,1900.0,25964.0,18964.0
2026-05-14,SC-F-LTX-ORTHO-K-78X72X6,B0G3BY1NZH,Latex Ortho Mattress,Mattress,2,29564.0,2460.0,32024.0,22258.0
2026-05-14,SC-F-LTX-ORTHO-K-78X72X8,B0G3D21NYY,Latex Ortho Mattress,Mattress,14,237720.0,17220.0,254940.0,185162.0
2026-05-14,SC-F-LTX-ORTHO-K-78x72x5,B0G7JCBDJJ,Latex Ortho Mattress,Mattress,2,25158.0,1900.0,27058.0,24330.0
2026-05-14,SC-F-LTX-ORTHO-Q-78X60X8,B0G3CQPRB9,Latex Ortho Mattress,Mattress,4,59228.0,4920.0,64148.0,44604.0
2026-05-14,SC-F-LTX-ORTHO-S-75X30X6,B0G3BSHTRS,Latex Ortho Mattress,Mattress,2,13692.0,1620.0,15312.0,13232.0
2026-05-14,SC-F-NBQLTPROT-D-72x48,B0GGSPVDCG,Protector,Bedding,2,1794.0,382.0,2176.0,1794.0
2026-05-14,SC-F-ORIG-D-72x48x10,B0BB7KCGYN,Original Mattress,Mattress,4,46660.0,3800.0,50460.0,45902.0
2026-05-14,SC-F-ORIG-K-72x70x6,B0F2TGN1KQ,Original Mattress,Mattress,2,24898.0,2460.0,27358.0,24076.0
2026-05-14,SC-F-ORIG-K-72x70x8,B0F2TGCPMR,Original Mattress,Mattress,2,28308.0,2460.0,30768.0,21190.0
2026-05-14,SC-F-ORIG-K-72x72x4,B0G726PGD2,Original Mattress,Mattress,2,18694.0,1900.0,20594.0,14574.0
2026-05-14,SC-F-ORIG-K-78x72x5,B0G254DYHG,Original Mattress,Mattress,2,24206.0,1900.0,26106.0,23422.0
2026-05-14,SC-F-ORIG-Q-72x60x5,B0G25BHBT6,Original Mattress,Mattress,2,19196.0,1900.0,21096.0,19196.0
2026-05-14,SC-F-PROT-K-72x72,B0822WG76C,Protector,Bedding,8,6684.0,1528.0,8212.0,5622.0
2026-05-14,SC-F-PROT-Q-72x60,B0822X8LZY,Protector,Bedding,4,3196.0,564.0,3760.0,2598.0
2026-05-14,SC-F-PROT-Q-75x60,B0822WH47T,Protector,Bedding,2,1598.0,282.0,1880.0,1410.0
2026-05-14,SC-F-PROT-Q-78x66,B0822XLRG1,Protector,Bedding,2,1716.0,282.0,1998.0,1516.0
2026-05-14,SC-F-PROT-S-72x36,B0822W49Z9,Protector,Bedding,2,1166.0,282.0,1448.0,1166.0
2026-05-14,SC-F-PRPNPILWCS-S-28x18,B0CWL52SCG,Cotton Pillow Case,Bedding,2,792.0,306.0,1098.0,682.0
2026-05-14,SC-F-S2CLPILW27x18,B08R7MX63N,Cloud Pillow,Pillows,14,23212.0,2954.0,26166.0,19418.0
2026-05-14,SC-F-S2MFPILW-26x16x4,B08R8DC5BB,Memory Foam Pillow,Pillows,24,40396.0,5064.0,45460.0,33872.0
2026-05-14,SC-F-S4CLPILW32x20,B08V53Z18N,Cloud Pillow,Pillows,2,6096.0,422.0,6518.0,4964.0
2026-05-14,SC-F-S4MFPILW-26x16x4,B08R8DQ3T4,Memory Foam Pillow,Pillows,4,14352.0,844.0,15196.0,12006.0
2026-05-14,SC-F-SMFPILWSET1-BAM-S-22x14,B0F1Y416FR,Small Memory Foam Pillow,Pillows,4,3404.0,592.0,3996.0,3404.0
2026-05-14,SC-F-TBLPILWCS-S-28x18,B0CWLCGJDC,Cotton Pillow Case,Bedding,2,810.0,288.0,1098.0,550.0
2026-05-14,SC-F-ULTM-LATEX-D-75x48x8,B0D58MHQXQ,Ultima Latex Mattress,Mattress,2,39138.0,2860.0,41998.0,37878.0
2026-05-14,SC-F-ULTM-LATEX-K-75x72x10,B0D58NNHGR,Ultima Latex Mattress,Mattress,2,62658.0,2860.0,65518.0,47030.0
2026-05-14,SC-F-ULTM-LATEX-K-75x72x8,B0D58LV9HN,Ultima Latex Mattress,Mattress,2,55908.0,2860.0,58768.0,41610.0
2026-05-14,SC-F-ULTM-LATEX-K-78x72x8,B0D58NBSN9,Ultima Latex Mattress,Mattress,10,279230.0,14300.0,293530.0,208964.0
2026-05-14,SC-F-ULTM-LATEX-Q-75x60x8,B0D58MHJMG,Ultima Latex Mattress,Mattress,2,50898.0,2860.0,53758.0,37406.0
2026-05-14,SC-F-WTQLTPROT-Q-72x66,B0GGSNVFKZ,Protector,Bedding,4,5312.0,764.0,6076.0,5312.0
2026-05-14,SC-MFPILW-BAM-C-25x16,B09XFF5LPL,Contour Bamboo MF Pillow,Pillows,14,11848.0,2072.0,13920.0,11746.0
2026-05-14,SC-PETBEDORIG-M.Red-M-36x26,B0FSSV6NDR,Pet Bed,Beds,2,2062.0,704.0,2766.0,1778.0
2026-05-14,SC-PILLOW,B0822SXQGH,Memory Foam Pillow,Pillows,10,20716.0,2110.0,22826.0,20716.0
2026-05-14,SC-ULTM-K-72x72x8,B09XGNVVYK,Ultima Mattress,Mattress,2,37178.0,2860.0,40038.0,36376.0
2026-05-14,SC-ULTM-K-75x72x8,B09XGPHT52,Ultima Mattress,Mattress,2,37178.0,2860.0,40038.0,27204.0
2026-05-14,SC-ULTM-K-78x72x10,B09XGSHBKJ,Ultima Mattress,Mattress,8,169414.0,11440.0,180854.0,133812.0
2026-05-14,SC-ULTM-K-78x72x8,B09XGRWRST,Ultima Mattress,Mattress,6,111530.0,8580.0,120110.0,82942.0
2026-05-14,SC-ULTM-Q-72x60x10,B09XGTCS7M,Ultima Mattress,Mattress,2,37178.0,2860.0,40038.0,28814.0
2026-05-14,SC-ULTM-Q-72x60x8,B09XGCYCSY,Ultima Mattress,Mattress,2,32558.0,2860.0,35418.0,26426.0
2026-05-14,SC-ULTM-S-75x36x8,B09XGFNYTZ,Ultima Mattress,Mattress,2,21158.0,1900.0,23058.0,20642.0
2026-05-14,SC72366,B078BRGTDM,Original Mattress,Mattress,2,13756.0,1620.0,15376.0,11380.0
2026-05-14,SC72486,B077Q9YRMY,Original Mattress,Mattress,4,35108.0,3800.0,38908.0,27036.0
2026-05-14,SC72726,B077QJVWBR,Original Mattress,Mattress,2,24898.0,2460.0,27358.0,21420.0
2026-05-14,SC75486,B077Q8RLCP,Original Mattress,Mattress,4,35716.0,3800.0,39516.0,33252.0
2026-05-14,SC75606,B0732TMKP8,Original Mattress,Mattress,2,22418.0,1900.0,24318.0,19328.0
2026-05-14,SC75726,B0732TFNYC,Original Mattress,Mattress,4,50204.0,4920.0,55124.0,44112.0
2026-05-14,SC78606,B0732WFNVL,Original Mattress,Mattress,6,68028.0,5700.0,73728.0,62050.0
2026-05-14,SC78726,B0732Y4N37,Original Mattress,Mattress,2,25506.0,2460.0,27966.0,22708.0
2026-05-14,SCP72488,B07PVC8NR5,Original Mattress,Mattress,6,60334.0,5700.0,66034.0,49808.0
2026-05-14,SCP72608,B07MHZTP8Q,Original Mattress,Mattress,6,72214.0,7380.0,79594.0,69052.0
2026-05-14,SCP78728,B07JM7GQG4,Original Mattress,Mattress,5,74405.0,6150.0,80555.0,61881.0
2026-05-14,SCPROD75x48,B0822XBCF1,Protector,Bedding,4,2816.0,564.0,3380.0,2248.0
2026-05-14,SCPROK78x72,B0822WWZRV,Protector,Bedding,36,39404.0,6876.0,46280.0,29768.0
2026-05-15,SC-78x60x10,B09BFD1ZB3,Original Mattress,Mattress,1,14564.0,1230.0,15794.0,10944.0
2026-05-15,SC-F-CLPILW27x18,B08KT1QRHJ,Cloud Pillow,Pillows,5,4155.0,740.0,4895.0,3871.0
2026-05-15,SC-F-COMF90x100,B08KTCGSQW,Reversible Comforter,Bedding,1,1819.0,330.0,2149.0,1497.0
2026-05-15,SC-F-CON-MFPILWS2-BAM-24x14,B09XFG77VR,Contour Bamboo MF Pillow,Pillows,1,1593.0,211.0,1804.0,1166.0
2026-05-15,SC-F-CTR-LTX-BAM-24x16,B0F2N7Q9H3,Contour Latex Pillow,Pillows,1,2188.0,211.0,2399.0,1756.0
2026-05-15,SC-F-DCPILWSET1-BAM-25x15,B0F1937F9V,Dual Comfort Pillow,Pillows,1,1938.0,211.0,2149.0,1519.0
2026-05-15,SC-F-EVGRDVTCOVER-S-90x60,B0GTV5HPXV,Latex Topper,Bedding,1,1654.0,245.0,1899.0,1504.0
2026-05-15,SC-F-HYB-LATEX-D-72x48x6,B09XFLYZ66,Hybrid Latex Mattress,Mattress,4,40671.0,3800.0,44471.0,32784.0
2026-05-15,SC-F-HYB-LATEX-K-72x70x6,B0F2TGQH37,Hybrid Latex Mattress,Mattress,3,44240.0,3690.0,47930.0,32479.0
2026-05-15,SC-F-HYB-LATEX-K-72x72x6,B09XGDZQPC,Hybrid Latex Mattress,Mattress,4,57116.0,4920.0,62036.0,45394.0
2026-05-15,SC-F-HYB-LATEX-K-72x72x8,B09XFMGSKV,Hybrid Latex Mattress,Mattress,5,83578.0,7150.0,90728.0,62310.0
2026-05-15,SC-F-HYB-LATEX-K-75x72x6,B09XFLVCHN,Hybrid Latex Mattress,Mattress,2,29530.0,2460.0,31990.0,28616.0
2026-05-15,SC-F-HYB-LATEX-K-75x72x8,B09XFL1FR1,Hybrid Latex Mattress,Mattress,5,85620.0,7150.0,92770.0,67455.0
2026-05-15,SC-F-HYB-LATEX-K-78x72x6,B09XFKM8V6,Hybrid Latex Mattress,Mattress,9,137959.0,11070.0,149029.0,108170.0
2026-05-15,SC-F-HYB-LATEX-K-78x72x8,B09XGCSRXY,Hybrid Latex Mattress,Mattress,8,140751.0,11440.0,152191.0,106523.0
2026-05-15,SC-F-HYB-LATEX-Q-72x60x6,B09XGNVN9N,Hybrid Latex Mattress,Mattress,5,61752.0,6150.0,67902.0,50201.0
2026-05-15,SC-F-HYB-LATEX-Q-72x60x8,B09XFN2QX3,Hybrid Latex Mattress,Mattress,4,57122.0,4920.0,62042.0,46817.0
2026-05-15,SC-F-HYB-LATEX-Q-75x60x8,B09XFRNJCD,Hybrid Latex Mattress,Mattress,1,14609.0,1230.0,15839.0,14133.0
2026-05-15,SC-F-HYB-LATEX-Q-78x60x6,B09XGPZKTZ,Hybrid Latex Mattress,Mattress,2,25981.0,2460.0,28441.0,24450.0
2026-05-15,SC-F-HYB-LATEX-S-72x36x6,B09XFMX37N,Hybrid Latex Mattress,Mattress,1,8129.0,950.0,9079.0,6624.0
2026-05-15,SC-F-HYBPILWSET2-S-26x16,B09XF52Y5P,Hybrid Pillow,Pillows,2,6576.0,422.0,6998.0,6234.0
2026-05-15,SC-F-LITEPILWPSET2-S-27X17,B0CV17V482,Fiber Lite,Pillows,4,2804.0,592.0,3396.0,2642.0
2026-05-15,SC-F-LTX-ORTHO-D-72x48x5,B0G7J4C6NX,Latex Ortho Mattress,Mattress,1,8751.0,950.0,9701.0,6808.0
2026-05-15,SC-F-LTX-ORTHO-K-72X72X8,B0G3C233F8,Latex Ortho Mattress,Mattress,1,16391.0,1230.0,17621.0,12496.0
2026-05-15,SC-F-LTX-ORTHO-K-75X72X8,B0G3CC4M7Y,Latex Ortho Mattress,Mattress,3,50905.0,3690.0,54595.0,40213.0
2026-05-15,SC-F-LTX-ORTHO-K-75x72x5,B0G7JNQ78N,Latex Ortho Mattress,Mattress,2,24071.0,1900.0,25971.0,21117.0
2026-05-15,SC-F-LTX-ORTHO-K-78X72X6,B0G3BY1NZH,Latex Ortho Mattress,Mattress,2,29614.0,2460.0,32074.0,25958.0
2026-05-15,SC-F-LTX-ORTHO-K-78X72X8,B0G3D21NYY,Latex Ortho Mattress,Mattress,1,16985.0,1230.0,18215.0,16985.0
2026-05-15,SC-F-LTX-ORTHO-K-78x72x5,B0G7JCBDJJ,Latex Ortho Mattress,Mattress,1,12479.0,950.0,13429.0,9885.0
2026-05-15,SC-F-LTX-ORTHO-Q-72x60x5,B0G7JSR2H8,Latex Ortho Mattress,Mattress,1,10057.0,950.0,11007.0,10057.0
2026-05-15,SC-F-LTX-ORTHO-Q-75X60X6,B0G3BY4SK8,Latex Ortho Mattress,Mattress,1,12249.0,950.0,13199.0,9679.0
2026-05-15,SC-F-LTX-ORTHO-Q-75X60X8,B0G3CTX1NC,Latex Ortho Mattress,Mattress,2,28294.0,2460.0,30754.0,22329.0
2026-05-15,SC-F-LTX-ORTHO-Q-78X60X8,B0G3CQPRB9,Latex Ortho Mattress,Mattress,1,14807.0,1230.0,16037.0,11151.0
2026-05-15,SC-F-LTX-ORTHO-Q-78x60x5,B0G7HXS2LF,Latex Ortho Mattress,Mattress,1,11193.0,950.0,12143.0,11193.0
2026-05-15,SC-F-ORIG-K-84x72x8,B0BB75FZXB,Original Mattress,Mattress,1,15489.0,1230.0,16719.0,14987.0
2026-05-15,SC-F-PETORTHO-L-24x48,B091CVV1CN,Pet Bed,Beds,1,2044.0,352.0,2396.0,1908.0
2026-05-15,SC-F-PKCOMF-D-90x100,B09BYWZCXM,Reversible Comforter,Bedding,1,2034.0,330.0,2364.0,1674.0
2026-05-15,SC-F-PROT-K-72x72,B0822WG76C,Protector,Bedding,6,5019.0,1146.0,6165.0,4164.0
2026-05-15,SC-F-PROT-Q-72x60,B0822X8LZY,Protector,Bedding,4,3171.0,564.0,3735.0,2393.0
2026-05-15,SC-F-PROT-Q-78x60,B0822WJWGS,Protector,Bedding,3,2397.0,423.0,2820.0,2139.0
2026-05-15,SC-F-PROT-Q-78x66,B0822XLRG1,Protector,Bedding,1,858.0,141.0,999.0,766.0
2026-05-15,SC-F-PROT-S-72x36,B0822W49Z9,Protector,Bedding,1,609.0,141.0,750.0,507.0
2026-05-15,SC-F-PRPNPILWCS-S-28x18,B0CWL52SCG,Cotton Pillow Case,Bedding,3,1161.0,459.0,1620.0,897.0
2026-05-15,SC-F-S2CLPILW27x18,B08R7MX63N,Cloud Pillow,Pillows,2,3376.0,422.0,3798.0,2805.0
2026-05-15,SC-F-S2MFPILW-26x16x4,B08R8DC5BB,Memory Foam Pillow,Pillows,15,24953.0,3165.0,28118.0,20882.0
2026-05-15,SC-F-S4MFPILW-26x16x4,B08R8DQ3T4,Memory Foam Pillow,Pillows,1,3588.0,211.0,3799.0,3488.0
2026-05-15,SC-F-SMFPILWSET1-BAM-S-22x14,B0F1Y416FR,Small Memory Foam Pillow,Pillows,1,851.0,148.0,999.0,851.0
2026-05-15,SC-F-SUMCOMF-D-90x100,B0FCMKFPK3,Summer AC Comforter,Bedding,1,1709.0,290.0,1999.0,1427.0
2026-05-15,SC-F-TBLPILWCS-S-28x18,B0CWLCGJDC,Cotton Pillow Case,Bedding,1,405.0,144.0,549.0,283.0
2026-05-15,SC-F-ULTM-LATEX-D-72x48x8,B0D58MYX7J,Ultima Latex Mattress,Mattress,1,19560.0,1430.0,20990.0,14364.0
2026-05-15,SC-F-ULTM-LATEX-D-75x48x8,B0D58MHQXQ,Ultima Latex Mattress,Mattress,1,19569.0,1430.0,20999.0,15244.0
2026-05-15,SC-F-ULTM-LATEX-K-75x72x10,B0D58NNHGR,Ultima Latex Mattress,Mattress,2,62486.0,2860.0,65346.0,48475.0
2026-05-15,SC-F-ULTM-LATEX-K-75x72x8,B0D58LV9HN,Ultima Latex Mattress,Mattress,3,83907.0,4290.0,88197.0,62630.0
2026-05-15,SC-F-ULTM-LATEX-K-78x72x8,B0D58NBSN9,Ultima Latex Mattress,Mattress,4,111770.0,5720.0,117490.0,84534.0
2026-05-15,SC-F-ULTM-LATEX-Q-75x60x8,B0D58MHJMG,Ultima Latex Mattress,Mattress,1,25449.0,1430.0,26879.0,18544.0
2026-05-15,SC-F-ULTM-LATEX-Q-78x60x8,B0D58N5B2F,Ultima Latex Mattress,Mattress,1,25449.0,1430.0,26879.0,20107.0
2026-05-15,SC-Fk-ORIG-D-72x48x5,,SC-Fk-ORIG-D-72x48x5,Other,1,9949.0,950.0,10899.0,9622.0
2026-05-15,SC-MFPILW-BAM-C-25x16,B09XFF5LPL,Contour Bamboo MF Pillow,Pillows,8,6711.0,1184.0,7895.0,6711.0
2026-05-15,SC-PETBEDORIG-N.Blue-M-36x26,B0FSTDLQ3L,Pet Bed,Beds,1,1030.0,352.0,1382.0,835.0
2026-05-15,SC-SLSTFTDSHEET-Q-78x60,B0C2ZPK3PK,Cotton Fitted Bedsheet,Bedding,1,1701.0,198.0,1899.0,1701.0
2026-05-15,SC-ULTM-K-78x72x10,B09XGSHBKJ,Ultima Mattress,Mattress,1,21669.0,1430.0,23099.0,20976.0
2026-05-15,SC-ULTM-K-78x72x8,B09XGRWRST,Ultima Mattress,Mattress,3,55731.0,4290.0,60021.0,46225.0
2026-05-15,SC-ULTM-Q-78x60x10,B09XGPJ4CK,Ultima Mattress,Mattress,1,18589.0,1430.0,20019.0,14553.0
2026-05-15,SC-ULTM-Q-78x60x8,B09XGNTMB7,Ultima Mattress,Mattress,2,32543.0,2860.0,35403.0,24117.0
2026-05-15,SC-ULTM-S-72x36x8,B09XGQN59S,Ultima Mattress,Mattress,1,10599.0,950.0,11549.0,8697.0
2026-05-15,SC72366,B078BRGTDM,Original Mattress,Mattress,1,7093.0,810.0,7903.0,6855.0
2026-05-15,SC72486,B077Q9YRMY,Original Mattress,Mattress,1,8777.0,950.0,9727.0,6688.0
2026-05-15,SC72726,B077QJVWBR,Original Mattress,Mattress,4,49796.0,4920.0,54716.0,41291.0
2026-05-15,SC75366,B077Q9YRMV,Original Mattress,Mattress,1,7245.0,810.0,8055.0,6036.0
2026-05-15,SC75486,B077Q8RLCP,Original Mattress,Mattress,1,8910.0,950.0,9860.0,6790.0
2026-05-15,SC75606,B0732TMKP8,Original Mattress,Mattress,1,11209.0,950.0,12159.0,8777.0
2026-05-15,SC78486,B0732W7MRK,Original Mattress,Mattress,1,9233.0,950.0,10183.0,8927.0
2026-05-15,SC78606,B0732WFNVL,Original Mattress,Mattress,1,11307.0,950.0,12257.0,8855.0
2026-05-15,SC78726,B0732Y4N37,Original Mattress,Mattress,7,89139.0,8610.0,97749.0,74423.0
2026-05-15,SCP72368,B07PXG7NPX,Original Mattress,Mattress,2,15730.0,1900.0,17630.0,13777.0
2026-05-15,SCP72488,B07PVC8NR5,Original Mattress,Mattress,4,40171.0,3800.0,43971.0,36140.0
2026-05-15,SCP72608,B07MHZTP8Q,Original Mattress,Mattress,2,24138.0,2460.0,26598.0,21262.0
2026-05-15,SCP75488,B07NLFVP6H,Original Mattress,Mattress,2,20746.0,1900.0,22646.0,18332.0
2026-05-15,SCP75608,B07MBSJ553,Original Mattress,Mattress,2,24898.0,2460.0,27358.0,23213.0
2026-05-15,SCP78608,B07JN4C3NB,Original Mattress,Mattress,1,12829.0,1230.0,14059.0,12407.0
2026-05-15,SCP78728,B07JM7GQG4,Original Mattress,Mattress,5,74391.0,6150.0,80541.0,63601.0
2026-05-15,SCPROD75x48,B0822XBCF1,Protector,Bedding,2,1408.0,282.0,1690.0,1124.0
2026-05-15,SCPROK78x72,B0822WWZRV,Protector,Bedding,15,17022.0,2865.0,19887.0,13070.0
2026-05-16,SC-F-4TFOLD-BL-72X36,B0FHF2DKQZ,Tri-fold Mattress,Mattress,1,3989.0,810.0,4799.0,3853.0
2026-05-16,SC-F-72x72x10,B09BFCFQ9G,Original Mattress,Mattress,1,16249.0,1230.0,17479.0,15375.0
2026-05-16,SC-F-CON-MFPILWS2-BAM-24x14,B09XFG77VR,Contour Bamboo MF Pillow,Pillows,2,3326.0,422.0,3748.0,3049.0
2026-05-16,SC-F-CTR-LTX-BAM-24x16,B0F2N7Q9H3,Contour Latex Pillow,Pillows,1,2188.0,211.0,2399.0,2188.0
2026-05-16,SC-F-HYB-LATEX-K-78x72x6,B09XFKM8V6,Hybrid Latex Mattress,Mattress,1,17747.0,1230.0,18977.0,15888.0
2026-05-16,SC-F-HYB-LATEX-Q-72x60x8,B09XFN2QX3,Hybrid Latex Mattress,Mattress,2,33138.0,2460.0,35598.0,31255.0
2026-05-16,SC-F-HYB-LATEX-Q-75x60x6,B09XGK6Q4L,Hybrid Latex Mattress,Mattress,2,29314.0,2460.0,31774.0,24740.0
2026-05-16,SC-F-LITEPILWPSET2-S-27X17,B0CV17V482,Fiber Lite,Pillows,3,2103.0,444.0,2547.0,2018.0
2026-05-16,SC-F-LTX-ORTHO-K-78X72X8,B0G3D21NYY,Latex Ortho Mattress,Mattress,1,18069.0,1230.0,19299.0,16718.0
2026-05-16,SC-F-LTX-ORTHO-Q-72X60X6,B0G3CDX1H6,Latex Ortho Mattress,Mattress,1,13049.0,950.0,13999.0,12621.0
2026-05-16,SC-F-OBCHFTDSHEET-Q-75x60,B0CWCVD3Z8,Cotton Fitted Bedsheet,Bedding,1,1430.0,198.0,1628.0,1430.0
2026-05-16,SC-F-OBCHFTDSHEET-S-72x36,B0CWD1RQCT,Cotton Fitted Bedsheet,Bedding,1,940.0,198.0,1138.0,940.0
2026-05-16,SC-F-ORIG-D-72x48x10,B0BB7KCGYN,Original Mattress,Mattress,1,13449.0,950.0,14399.0,13017.0
2026-05-16,SC-F-ORIG-K-72x72x4,B0G726PGD2,Original Mattress,Mattress,2,21698.0,1900.0,23598.0,21698.0
2026-05-16,SC-F-ORIG-Q-72x60x4,B0G71QJRXS,Original Mattress,Mattress,1,8828.0,810.0,9638.0,8533.0
2026-05-16,SC-F-ORIG-Q-72x60x5,B0G25BHBT6,Original Mattress,Mattress,1,11149.0,950.0,12099.0,11149.0
2026-05-16,SC-F-ORIG-Q-75x60x5,B0G256HLCB,Original Mattress,Mattress,1,11749.0,950.0,12699.0,10443.0
2026-05-16,SC-F-ORIG-Q-78x60x5,B0G2569T27,Original Mattress,Mattress,1,11949.0,950.0,12899.0,11046.0
2026-05-16,SC-F-PKCOMF-S-90x60,B09BZ51DLD,Reversible Comforter,Bedding,1,1449.0,250.0,1699.0,1211.0
2026-05-16,SC-F-PROT-K-72x72,B0822WG76C,Protector,Bedding,1,844.0,191.0,1035.0,748.0
2026-05-16,SC-F-PROT-Q-75x60,B0822WH47T,Protector,Bedding,1,799.0,141.0,940.0,586.0
2026-05-16,SC-F-PROT-Q-78x60,B0822WJWGS,Protector,Bedding,1,785.0,141.0,926.0,691.0
2026-05-16,SC-F-PRPNPILWCS-S-28x18,B0CWL52SCG,Cotton Pillow Case,Bedding,4,3860.0,612.0,4472.0,3320.0
2026-05-16,SC-F-S2CLPILW27x18,B08R7MX63N,Cloud Pillow,Pillows,1,1688.0,211.0,1899.0,1421.0
2026-05-16,SC-F-S2MFPILW-26x16x4,B08R8DC5BB,Memory Foam Pillow,Pillows,16,36979.0,3376.0,40355.0,31079.0
2026-05-16,SC-F-S4MFPILW-26x16x4,B08R8DQ3T4,Memory Foam Pillow,Pillows,2,7061.0,422.0,7483.0,6829.0
2026-05-16,SC-F-SLSTFTDSHEET-Q-75x60,B0CWCRHS4B,Cotton Fitted Bedsheet,Bedding,1,1430.0,0.0,1430.0,1430.0
2026-05-16,SC-F-ULTM-LATEX-K-75x72x8,B0D58LV9HN,Ultima Latex Mattress,Mattress,1,32469.0,1430.0,33899.0,27407.0
2026-05-16,SC-F-ULTM-LATEX-K-78x72x8,B0D58NBSN9,Ultima Latex Mattress,Mattress,2,64839.0,2860.0,67699.0,59614.0
2026-05-16,SC-MFPILW-BAM-C-25x16,B09XFF5LPL,Contour Bamboo MF Pillow,Pillows,6,4994.0,888.0,5882.0,4994.0
2026-05-16,SC-PRPNFTDSHEET-K-78x72,B0C2ZNYG6Y,Cotton Fitted Bedsheet,Bedding,1,1701.0,198.0,1899.0,1511.0
2026-05-16,SC-ULTM-K-75x72x8,B09XGPHT52,Ultima Mattress,Mattress,1,23259.0,1430.0,24689.0,19619.0
2026-05-16,SC72486,B077Q9YRMY,Original Mattress,Mattress,1,10149.0,950.0,11099.0,9902.0
2026-05-16,SC78726,B0732Y4N37,Original Mattress,Mattress,1,14769.0,1230.0,15999.0,14289.0
2026-05-16,SCPROD75x48,B0822XBCF1,Protector,Bedding,2,1408.0,282.0,1690.0,1254.0
2026-05-16,SCPROK78x72,B0822WWZRV,Protector,Bedding,11,10912.0,2101.0,13013.0,8904.0
2026-05-17,SC-F-4TFOLD-BL-72X36,B0FHF2DKQZ,Tri-fold Mattress,Mattress,1,4589.0,810.0,5399.0,4427.0
2026-05-17,SC-F-4TFOLD-BL-72X48,B0FHF65C2R,Tri-fold Mattress,Mattress,1,5889.0,810.0,6699.0,4930.0
2026-05-17,SC-F-CON-MFPILWS2-BAM-24x14,B09XFG77VR,Contour Bamboo MF Pillow,Pillows,4,6657.0,844.0,7501.0,5818.0
2026-05-17,SC-F-CTR-LTX-BAM-24x16,B0F2N7Q9H3,Contour Latex Pillow,Pillows,3,10440.0,633.0,11073.0,8648.0
2026-05-17,SC-F-HYB-LATEX-D-72x48x6,B09XFLYZ66,Hybrid Latex Mattress,Mattress,1,11824.0,950.0,12774.0,11440.0
2026-05-17,SC-F-HYB-LATEX-K-72x70x6,B0F2TGQH37,Hybrid Latex Mattress,Mattress,1,17169.0,1230.0,18399.0,14961.0
2026-05-17,SC-F-HYB-LATEX-K-72x72x6,B09XGDZQPC,Hybrid Latex Mattress,Mattress,1,16569.0,1230.0,17799.0,14433.0
2026-05-17,SC-F-HYB-LATEX-K-78x72x8,B09XGCSRXY,Hybrid Latex Mattress,Mattress,1,20469.0,1430.0,21899.0,19387.0
2026-05-17,SC-F-HYB-LATEX-Q-72x60x8,B09XFN2QX3,Hybrid Latex Mattress,Mattress,2,33124.0,2460.0,35584.0,30988.0
2026-05-17,SC-F-HYB-LATEX-Q-75x60x6,B09XGK6Q4L,Hybrid Latex Mattress,Mattress,1,14246.0,1230.0,15476.0,13883.0
2026-05-17,SC-F-HYB-LATEX-Q-78x60x6,B09XGPZKTZ,Hybrid Latex Mattress,Mattress,1,15151.0,1230.0,16381.0,13184.0
2026-05-17,SC-F-LITEPILWPSET2-S-27X17,B0CV17V482,Fiber Lite,Pillows,2,1402.0,296.0,1698.0,1402.0
2026-05-17,SC-F-LTX-ORTHO-K-75x72x5,B0G7JNQ78N,Latex Ortho Mattress,Mattress,1,12824.0,950.0,13774.0,11859.0
2026-05-17,SC-F-LTX-ORTHO-K-78X72X8,B0G3D21NYY,Latex Ortho Mattress,Mattress,2,36087.0,2460.0,38547.0,32274.0
2026-05-17,SC-F-LTX-ORTHO-Q-72X60X6,B0G3CDX1H6,Latex Ortho Mattress,Mattress,1,13049.0,950.0,13999.0,12380.0
2026-05-17,SC-F-LTX-ORTHO-S-72x36x5,B0G7HSDJXL,Latex Ortho Mattress,Mattress,1,7589.0,810.0,8399.0,7589.0
2026-05-17,SC-F-LTX-ORTHO-S-75X30X6,B0G3BSHTRS,Latex Ortho Mattress,Mattress,1,7389.0,810.0,8199.0,7389.0
2026-05-17,SC-F-MFPILW-P-28x18,,SC-F-MFPILW-P-28x18,Other,1,1904.0,211.0,2115.0,1904.0
2026-05-17,SC-F-ORIG-D-72x48x10,B0BB7KCGYN,Original Mattress,Mattress,1,13449.0,950.0,14399.0,12357.0
2026-05-17,SC-F-ORIG-Q-72x60x4,B0G71QJRXS,Original Mattress,Mattress,1,8889.0,810.0,9699.0,8307.0
2026-05-17,SC-F-ORIG-Q-78x60x5,B0G2569T27,Original Mattress,Mattress,1,11949.0,950.0,12899.0,11949.0
2026-05-17,SC-F-PETORIG-M-26x36,B091CVL3WN,Pet Bed,Beds,1,1047.0,0.0,1047.0,905.0
2026-05-17,SC-F-PROT-K-72x72,B0822WG76C,Protector,Bedding,2,1688.0,382.0,2070.0,1497.0
2026-05-17,SC-F-PROT-K-75x72,B0822W6ZCG,Protector,Bedding,1,844.0,191.0,1035.0,844.0
2026-05-17,SC-F-PROT-Q-72x60,B0822X8LZY,Protector,Bedding,1,799.0,141.0,940.0,705.0
2026-05-17,SC-F-PROT-Q-75x60,B0822WH47T,Protector,Bedding,1,799.0,141.0,940.0,713.0
2026-05-17,SC-F-PROT-Q-78x60,B0822WJWGS,Protector,Bedding,2,1598.0,282.0,1880.0,1418.0
2026-05-17,SC-F-PROT-Q-78x66,B0822XLRG1,Protector,Bedding,1,778.0,141.0,919.0,551.0
2026-05-17,SC-F-S2MFPILW-26x16x4,B08R8DC5BB,Memory Foam Pillow,Pillows,16,26754.0,3376.0,30130.0,23164.0
2026-05-17,SC-F-S4MFPILW-26x16x4,B08R8DQ3T4,Memory Foam Pillow,Pillows,1,3588.0,211.0,3799.0,3588.0
2026-05-17,SC-F-SLMPILWSET2-S-26x16,B09XBNLXW7,Slim Pillow,Pillows,1,1588.0,211.0,1799.0,1318.0
2026-05-17,SC-F-SMFPILWSET1-BAM-S-22x14,B0F1Y416FR,Small Memory Foam Pillow,Pillows,4,13616.0,592.0,14208.0,13616.0
2026-05-17,SC-F-STDMPILWCS-C-52x20,B0DDCQVPLC,Sateen Pillow Case,Bedding,1,557.0,162.0,719.0,557.0
2026-05-17,SC-F-ULTM-LATEX-K-78x72x8,B0D58NBSN9,Ultima Latex Mattress,Mattress,1,32469.0,1430.0,33899.0,28257.0
2026-05-17,SC-FK-PSC-BL,B0FMP5Y17Y,Mobility,Mobility,1,1671.0,211.0,1882.0,1521.0
2026-05-17,SC-Fk-ORIG-D-72x48x5,,SC-Fk-ORIG-D-72x48x5,Other,1,9898.0,950.0,10848.0,9572.0
2026-05-17,SC-MFPILW-BAM-C-25x16,B09XFF5LPL,Contour Bamboo MF Pillow,Pillows,5,4131.0,740.0,4871.0,4131.0
2026-05-17,SC-PETBEDORTHO-M.Red-L-48X24,B0FSTDKK48,Pet Bed,Beds,1,2006.0,352.0,2358.0,1856.0
2026-05-17,SC-PILLOW,B0822SXQGH,Memory Foam Pillow,Pillows,2,2976.0,422.0,3398.0,2976.0
2026-05-17,SC-SLSTFTDSHEET-Q-78x60,B0C2ZPK3PK,Cotton Fitted Bedsheet,Bedding,2,3307.0,396.0,3703.0,3307.0
2026-05-17,SC-ULTM-K-78x72x8,B09XGRWRST,Ultima Mattress,Mattress,2,46266.0,2860.0,49126.0,43695.0
2026-05-17,SC-ULTM-S-72x30x8,B0B2RGMB2Z,Ultima Mattress,Mattress,1,12349.0,950.0,13299.0,12349.0
2026-05-17,SC72486,B077Q9YRMY,Original Mattress,Mattress,1,10093.0,950.0,11043.0,8502.0
2026-05-17,SC72726,B077QJVWBR,Original Mattress,Mattress,2,28913.0,2460.0,31373.0,28016.0
2026-05-17,SC75606,B0732TMKP8,Original Mattress,Mattress,1,12949.0,950.0,13899.0,12949.0
2026-05-17,SC75726,B0732TFNYC,Original Mattress,Mattress,1,14569.0,1230.0,15799.0,12295.0
2026-05-17,SC78606,B0732WFNVL,Original Mattress,Mattress,1,13149.0,950.0,14099.0,12080.0
2026-05-17,SC78726,B0732Y4N37,Original Mattress,Mattress,1,14769.0,1230.0,15999.0,14289.0
2026-05-17,SCP72608,B07MHZTP8Q,Original Mattress,Mattress,3,41840.0,3690.0,45530.0,41042.0
2026-05-17,SCP75608,B07MBSJ553,Original Mattress,Mattress,1,14469.0,1230.0,15699.0,12170.0
2026-05-17,SCP78608,B07JN4C3NB,Original Mattress,Mattress,2,29636.0,2460.0,32096.0,26796.0
2026-05-17,SCP78728,B07JM7GQG4,Original Mattress,Mattress,1,17169.0,1230.0,18399.0,15881.0
2026-05-17,SCPROK78x72,B0822WWZRV,Protector,Bedding,5,4192.0,955.0,5147.0,3417.0
2026-05-18,SC-F-4TFOLD-BL-72X36,B0FHF2DKQZ,Tri-fold Mattress,Mattress,1,4589.0,810.0,5399.0,4472.0
2026-05-18,SC-F-4TFOLD-BL-72X48,B0FHF65C2R,Tri-fold Mattress,Mattress,3,17667.0,2430.0,20097.0,16930.0
2026-05-18,SC-F-BDPILW19x50,B08KS2YSFR,Cuddle Pillow,Pillows,1,1519.0,211.0,1730.0,1519.0
2026-05-18,SC-F-CLPILW27x18,B08KT1QRHJ,Cloud Pillow,Pillows,2,1669.0,296.0,1965.0,1669.0
2026-05-18,SC-F-CON-MFPILWS2-BAM-24x14,B09XFG77VR,Contour Bamboo MF Pillow,Pillows,3,5064.0,633.0,5697.0,5044.0
2026-05-18,SC-F-CTR-LTX-BAM-24x16,B0F2N7Q9H3,Contour Latex Pillow,Pillows,1,2188.0,211.0,2399.0,2188.0
2026-05-18,SC-F-DGRPILWCS-C-52x20,B0CWL46VZK,Cotton Pillow Case,Bedding,1,305.0,0.0,305.0,305.0
2026-05-18,SC-F-GYQLTPROT-D-75x48,B0GGSMGDC8,Protector,Bedding,1,891.0,0.0,891.0,891.0
2026-05-18,SC-F-HYB-LATEX-D-72x48x8,B09XGGGNN9,Hybrid Latex Mattress,Mattress,1,13949.0,950.0,14899.0,12490.0
2026-05-18,SC-F-HYB-LATEX-K-75x72x6,B09XFLVCHN,Hybrid Latex Mattress,Mattress,1,17169.0,1230.0,18399.0,14385.0
2026-05-18,SC-F-HYB-LATEX-K-75x72x8,B09XFL1FR1,Hybrid Latex Mattress,Mattress,2,39738.0,2860.0,42598.0,38521.0
2026-05-18,SC-F-HYB-LATEX-K-78x72x8,B09XGCSRXY,Hybrid Latex Mattress,Mattress,2,40938.0,2860.0,43798.0,34523.0
2026-05-18,SC-F-LITEPILWPSET2-S-27X17,B0CV17V482,Fiber Lite,Pillows,2,1402.0,296.0,1698.0,1402.0
2026-05-18,SC-F-LTX-ORTHO-D-72x48x5,B0G7J4C6NX,Latex Ortho Mattress,Mattress,1,9349.0,950.0,10299.0,9349.0
2026-05-18,SC-F-LTX-ORTHO-K-72X72X8,B0G3C233F8,Latex Ortho Mattress,Mattress,1,17469.0,1230.0,18699.0,17469.0
2026-05-18,SC-F-LTX-ORTHO-K-75x72x5,B0G7JNQ78N,Latex Ortho Mattress,Mattress,1,12849.0,950.0,13799.0,12849.0
2026-05-18,SC-F-LTX-ORTHO-K-78X72X6,B0G3BY1NZH,Latex Ortho Mattress,Mattress,1,15769.0,1230.0,16999.0,13766.0
2026-05-18,SC-F-LTX-ORTHO-K-78X72X8,B0G3D21NYY,Latex Ortho Mattress,Mattress,1,18049.0,1230.0,19279.0,18049.0
2026-05-18,SC-F-LTX-ORTHO-Q-75X60X6,B0G3BY4SK8,Latex Ortho Mattress,Mattress,2,26098.0,1900.0,27998.0,23438.0
2026-05-18,SC-F-ORIG-D-72x48x4,B0G71HHRVT,Original Mattress,Mattress,1,8089.0,810.0,8899.0,8089.0
2026-05-18,SC-F-ORIG-K-72x70x6,B0F2TGN1KQ,Original Mattress,Mattress,1,14469.0,1230.0,15699.0,13998.0
2026-05-18,SC-F-ORIG-K-84x72x4,B0G723RLWX,Original Mattress,Mattress,1,11649.0,0.0,11649.0,11649.0
2026-05-18,SC-F-ORIG-Q-72x60x4,B0G71QJRXS,Original Mattress,Mattress,1,8889.0,810.0,9699.0,8592.0
2026-05-18,SC-F-PETORIG-L-32X46,B091CW7VX5,Pet Bed,Beds,1,1347.0,352.0,1699.0,1264.0
2026-05-18,SC-F-PKCOMF-D-90x100,B09BYWZCXM,Reversible Comforter,Bedding,1,1869.0,330.0,2199.0,1869.0
2026-05-18,SC-F-PROT-K-72x72,B0822WG76C,Protector,Bedding,1,844.0,191.0,1035.0,844.0
2026-05-18,SC-F-PROT-Q-75x60,B0822WH47T,Protector,Bedding,1,785.0,141.0,926.0,785.0
2026-05-18,SC-F-PROT-Q-78x60,B0822WJWGS,Protector,Bedding,1,799.0,141.0,940.0,799.0
2026-05-18,SC-F-PROT-S-72x36,B0822W49Z9,Protector,Bedding,1,609.0,141.0,750.0,609.0
2026-05-18,SC-F-PRPNDVTCOVER-S-90x60,B0CW9QFGB8,Cotton Duvet cover,Bedding,1,1543.0,0.0,1543.0,1543.0
2026-05-18,SC-F-S2CLPILW27x18,B08R7MX63N,Cloud Pillow,Pillows,1,1688.0,211.0,1899.0,1688.0
2026-05-18,SC-F-S2MFPILW-26x16x4,B08R8DC5BB,Memory Foam Pillow,Pillows,6,10128.0,1266.0,11394.0,10128.0
2026-05-18,SC-F-S4CLPILW27x18,B08R8GN8KH,Cloud Pillow,Pillows,1,3451.0,211.0,3662.0,3451.0
2026-05-18,SC-F-S4MFPILW-26x16x4,B08R8DQ3T4,Memory Foam Pillow,Pillows,1,3588.0,211.0,3799.0,3338.0
2026-05-18,SC-F-SMFPILWSET1-BAM-S-22x14,B0F1Y416FR,Small Memory Foam Pillow,Pillows,1,851.0,148.0,999.0,851.0
2026-05-18,SC-F-STDMPILWCS-C-52x20,B0DDCQVPLC,Sateen Pillow Case,Bedding,1,557.0,162.0,719.0,557.0
2026-05-18,SC-F-TBLPILWCS-P-32x20,B0CWL5YBZ6,Cotton Pillow Case,Bedding,1,504.0,0.0,504.0,504.0
2026-05-18,SC-F-TBLPILWCS-S-28x18,B0CWLCGJDC,Cotton Pillow Case,Bedding,2,763.0,288.0,1051.0,763.0
2026-05-18,SC-F-ULTM-LATEX-Q-75x60x8,B0D58MHJMG,Ultima Latex Mattress,Mattress,1,29569.0,1430.0,30999.0,24811.0
2026-05-18,SC-Fk-ORIG-D-72x48x5,,SC-Fk-ORIG-D-72x48x5,Other,1,9889.0,950.0,10839.0,9889.0
2026-05-18,SC-MFPILW-BAM-C-25x16,B09XFF5LPL,Contour Bamboo MF Pillow,Pillows,5,4148.0,740.0,4888.0,4148.0
2026-05-18,SC-PETBEDORIG-M.Red-L-46x32,B09XXW4L26,Pet Bed,Beds,1,1320.0,352.0,1672.0,1220.0
2026-05-18,SC-ULTM-K-78x72x8,B09XGRWRST,Ultima Mattress,Mattress,1,23269.0,1430.0,24699.0,22528.0
2026-05-18,SC-ULTM-Q-78x60x8,B09XGNTMB7,Ultima Mattress,Mattress,1,20333.0,1430.0,21763.0,18190.0
2026-05-18,SC72486,B077Q9YRMY,Original Mattress,Mattress,2,20298.0,1900.0,22198.0,19743.0
2026-05-18,SC78606,B0732WFNVL,Original Mattress,Mattress,1,13149.0,950.0,14099.0,12162.0
2026-05-18,SC78726,B0732Y4N37,Original Mattress,Mattress,4,59066.0,4920.0,63986.0,56060.0
2026-05-18,SCP78728,B07JM7GQG4,Original Mattress,Mattress,2,34338.0,2460.0,36798.0,33234.0
2026-05-18,SCPROK78x72,B0822WWZRV,Protector,Bedding,4,3376.0,764.0,4140.0,3376.0
2026-05-19,SC-F-4TFOLD-BL-72X36,B0FHF2DKQZ,Tri-fold Mattress,Mattress,1,4575.0,810.0,5385.0,4575.0
2026-05-19,SC-F-4TFOLD-BL-72X48,B0FHF65C2R,Tri-fold Mattress,Mattress,1,5689.0,810.0,6499.0,5299.0
2026-05-19,SC-F-DGRPILWCS-P-32x20,B0CWL5BWP4,Cotton Pillow Case,Bedding,1,504.0,0.0,504.0,504.0
2026-05-19,SC-F-HYB-LATEX-D-72x48x6,B09XFLYZ66,Hybrid Latex Mattress,Mattress,3,35545.0,2850.0,38395.0,33126.0
2026-05-19,SC-F-HYB-LATEX-K-72x70x6,B0F2TGQH37,Hybrid Latex Mattress,Mattress,1,17169.0,1230.0,18399.0,14394.0
2026-05-19,SC-F-HYB-LATEX-K-72x72x6,B09XGDZQPC,Hybrid Latex Mattress,Mattress,1,16569.0,1230.0,17799.0,14433.0
2026-05-19,SC-F-HYB-LATEX-K-72x72x8,B09XFMGSKV,Hybrid Latex Mattress,Mattress,1,19469.0,1430.0,20899.0,18902.0
2026-05-19,SC-F-HYB-LATEX-K-78x72x8,B09XGCSRXY,Hybrid Latex Mattress,Mattress,2,40938.0,2860.0,43798.0,33406.0
2026-05-19,SC-F-HYB-LATEX-Q-78x60x6,B09XGPZKTZ,Hybrid Latex Mattress,Mattress,1,15069.0,1230.0,16299.0,13113.0
2026-05-19,SC-F-HYB-LATEX-Q-84X60X6,B0FWLXY81Q,Hybrid Latex Mattress,Mattress,1,17169.0,0.0,17169.0,17169.0
2026-05-19,SC-F-LITEPILWPSET2-S-27X17,B0CV17V482,Fiber Lite,Pillows,2,1402.0,296.0,1698.0,1402.0
2026-05-19,SC-F-LTX-ORTHO-K-72X72X6,B0G3C251F1,Latex Ortho Mattress,Mattress,1,15069.0,1230.0,16299.0,15069.0
2026-05-19,SC-F-LTX-ORTHO-K-78X72X6,B0G3BY1NZH,Latex Ortho Mattress,Mattress,1,15769.0,1230.0,16999.0,15769.0
2026-05-19,SC-F-LTX-ORTHO-Q-72X60X8,B0G3CNC7P5,Latex Ortho Mattress,Mattress,2,29538.0,2460.0,31998.0,27583.0
2026-05-19,SC-F-ORIG-K-72x70x6,B0F2TGN1KQ,Original Mattress,Mattress,1,14419.0,1230.0,15649.0,12171.0
2026-05-19,SC-F-ORIG-K-72x72x4,B0G726PGD2,Original Mattress,Mattress,1,10849.0,950.0,11799.0,10849.0
2026-05-19,SC-F-ORIG-Q-72x60x4,B0G71QJRXS,Original Mattress,Mattress,2,17726.0,1620.0,19346.0,17109.0
2026-05-19,SC-F-ORIG-Q-72x60x5,B0G25BHBT6,Original Mattress,Mattress,2,22298.0,1900.0,24198.0,19992.0
2026-05-19,SC-F-PROT-K-72x72,B0822WG76C,Protector,Bedding,1,844.0,191.0,1035.0,844.0
2026-05-19,SC-F-PROT-Q-72x60,B0822X8LZY,Protector,Bedding,3,2385.0,423.0,2808.0,2385.0
2026-05-19,SC-F-PROT-Q-78x66,B0822XLRG1,Protector,Bedding,1,858.0,141.0,999.0,858.0
2026-05-19,SC-F-PRPNPILWCS-S-28x18,B0CWL52SCG,Cotton Pillow Case,Bedding,1,386.0,153.0,539.0,386.0
2026-05-19,SC-F-S2CLPILW27x18,B08R7MX63N,Cloud Pillow,Pillows,1,1688.0,211.0,1899.0,1688.0
2026-05-19,SC-F-S2MFPILW-26x16x4,B08R8DC5BB,Memory Foam Pillow,Pillows,6,10064.0,1266.0,11330.0,10064.0
2026-05-19,SC-F-SUMPKCOMF-D-90x100,B0FCMD3F6P,Summer AC Comforter,Bedding,1,1609.0,0.0,1609.0,1609.0
2026-05-19,SC-F-ULTM-LATEX-K-75x72x10,B0D58NNHGR,Ultima Latex Mattress,Mattress,1,36369.0,1430.0,37799.0,34235.0
2026-05-19,SC-F-ULTM-LATEX-K-78x72x8,B0D58NBSN9,Ultima Latex Mattress,Mattress,1,32469.0,1430.0,33899.0,29831.0
2026-05-19,SC-FK-PBC-BLACK,B0GLG771PX,Mobility,Mobility,1,1249.0,250.0,1499.0,1167.0
2026-05-19,SC-MFPILW-BAM-C-25x16,B09XFF5LPL,Contour Bamboo MF Pillow,Pillows,6,5017.0,888.0,5905.0,5017.0
2026-05-19,SC72486,B077Q9YRMY,Original Mattress,Mattress,1,10149.0,950.0,11099.0,9902.0
2026-05-19,SC75606,B0732TMKP8,Original Mattress,Mattress,2,25894.0,1900.0,27794.0,24116.0
2026-05-19,SC78606,B0732WFNVL,Original Mattress,Mattress,3,39447.0,2850.0,42297.0,36950.0
2026-05-19,SC78726,B0732Y4N37,Original Mattress,Mattress,2,29503.0,2460.0,31963.0,28543.0
2026-05-19,SCP72608,B07MHZTP8Q,Original Mattress,Mattress,1,13969.0,1230.0,15199.0,13630.0
2026-05-19,SCP75608,B07MBSJ553,Original Mattress,Mattress,1,14469.0,1230.0,15699.0,13998.0
2026-05-19,SCP78608,B07JN4C3NB,Original Mattress,Mattress,1,14758.0,1230.0,15988.0,14275.0
2026-05-19,SCP78728,B07JM7GQG4,Original Mattress,Mattress,1,17147.0,1230.0,18377.0,16595.0
2026-05-19,SCPROD75x48,B0822XBCF1,Protector,Bedding,1,704.0,141.0,845.0,704.0
2026-05-19,SCPROK78x72,B0822WWZRV,Protector,Bedding,4,3376.0,764.0,4140.0,3376.0
2026-05-20,SC-F-CON-MFPILWS2-BAM-24x14,B09XFG77VR,Contour Bamboo MF Pillow,Pillows,2,3301.0,422.0,3723.0,3301.0
2026-05-20,SC-F-CTR-LTX-BAM-24x16,B0F2N7Q9H3,Contour Latex Pillow,Pillows,1,2188.0,211.0,2399.0,2188.0
2026-05-20,SC-F-DGRPILWCS-P-32x20,B0CWL5BWP4,Cotton Pillow Case,Bedding,1,504.0,0.0,504.0,504.0
2026-05-20,SC-F-HYB-LATEX-D-72x48x6,B09XFLYZ66,Hybrid Latex Mattress,Mattress,2,23669.0,1900.0,25569.0,20195.0
2026-05-20,SC-F-HYB-LATEX-D-72x48x8,B09XGGGNN9,Hybrid Latex Mattress,Mattress,1,13949.0,950.0,14899.0,13502.0
2026-05-20,SC-F-HYB-LATEX-K-75x72x6,B09XFLVCHN,Hybrid Latex Mattress,Mattress,1,17169.0,1230.0,18399.0,16739.0
2026-05-20,SC-F-HYB-LATEX-Q-78x60x8,B09XFL1H1T,Hybrid Latex Mattress,Mattress,1,17369.0,1230.0,18599.0,16811.0
2026-05-20,SC-F-LITEPILWPSET2-S-27X17,B0CV17V482,Fiber Lite,Pillows,1,659.0,148.0,807.0,659.0
2026-05-20,SC-F-LTX-ORTHO-K-72X72X8,B0G3C233F8,Latex Ortho Mattress,Mattress,1,17469.0,1230.0,18699.0,16022.0
2026-05-20,SC-F-LTX-ORTHO-K-75X72X8,B0G3CC4M7Y,Latex Ortho Mattress,Mattress,1,18069.0,1230.0,19299.0,18069.0
2026-05-20,SC-F-LTX-ORTHO-K-78X72X6,B0G3BY1NZH,Latex Ortho Mattress,Mattress,2,31538.0,2460.0,33998.0,31538.0
2026-05-20,SC-F-LTX-ORTHO-K-78x72x5,B0G7JCBDJJ,Latex Ortho Mattress,Mattress,3,40047.0,2850.0,42897.0,38760.0
2026-05-20,SC-F-LTX-ORTHO-Q-72X60X6,B0G3CDX1H6,Latex Ortho Mattress,Mattress,1,13027.0,950.0,13977.0,12112.0
2026-05-20,SC-F-LTX-ORTHO-Q-75X60X6,B0G3BY4SK8,Latex Ortho Mattress,Mattress,1,13049.0,950.0,13999.0,13049.0
2026-05-20,SC-F-LTX-ORTHO-S-72X36X6,B0G3CC722B,Latex Ortho Mattress,Mattress,1,8189.0,810.0,8999.0,8189.0
2026-05-20,SC-F-LTX-ORTHO-S-75X30X6,B0G3BSHTRS,Latex Ortho Mattress,Mattress,1,7364.0,810.0,8174.0,7114.0
2026-05-20,SC-F-OBCHPILWCS-S-28x18,B0CWL313ZC,Cotton Pillow Case,Bedding,1,465.0,153.0,618.0,465.0
2026-05-20,SC-F-ORIG-K-72x70x8,B0F2TGCPMR,Original Mattress,Mattress,1,16469.0,1230.0,17699.0,15584.0
2026-05-20,SC-F-ORIG-Q-72x60x4,B0G71QJRXS,Original Mattress,Mattress,1,8889.0,810.0,9699.0,8253.0
2026-05-20,SC-F-ORIG-S-72x30x5,B0G256TW3Q,Original Mattress,Mattress,1,6989.0,810.0,7799.0,6785.0
2026-05-20,SC-F-PROT-Q-72x60,B0822X8LZY,Protector,Bedding,1,799.0,141.0,940.0,799.0
2026-05-20,SC-F-PROT-Q-75x60,B0822WH47T,Protector,Bedding,1,779.0,141.0,920.0,779.0
2026-05-20,SC-F-S2CLPILW27x18,B08R7MX63N,Cloud Pillow,Pillows,1,1670.0,211.0,1881.0,1670.0
2026-05-20,SC-F-S2MFPILW-26x16x4,B08R8DC5BB,Memory Foam Pillow,Pillows,6,9853.0,1266.0,11119.0,9853.0
2026-05-20,SC-F-S4MFPILW-26x16x4,B08R8DQ3T4,Memory Foam Pillow,Pillows,3,17940.0,633.0,18573.0,17940.0
2026-05-20,SC-F-TBLPILWCS-S-28x18,B0CWLCGJDC,Cotton Pillow Case,Bedding,2,1580.0,288.0,1868.0,1580.0
2026-05-20,SC-F-ULTM-LATEX-Q-75x60x8,B0D58MHJMG,Ultima Latex Mattress,Mattress,1,25069.0,1430.0,26499.0,24315.0
2026-05-20,SC-F-ULTM-LATEX-Q-78x60x8,B0D58N5B2F,Ultima Latex Mattress,Mattress,1,29569.0,1430.0,30999.0,25712.0
2026-05-20,SC-MFPILW-BAM-C-25x16,B09XFF5LPL,Contour Bamboo MF Pillow,Pillows,4,3404.0,592.0,3996.0,3404.0
2026-05-20,SC-ULTM-K-75x72x8,B09XGPHT52,Ultima Mattress,Mattress,1,23219.0,1430.0,24649.0,20086.0
2026-05-20,SC-ULTM-K-78x72x8,B09XGRWRST,Ultima Mattress,Mattress,1,23269.0,1430.0,24699.0,22528.0
2026-05-20,SC72486,B077Q9YRMY,Original Mattress,Mattress,1,10149.0,950.0,11099.0,8839.0
2026-05-20,SC72726,B077QJVWBR,Original Mattress,Mattress,1,14469.0,1230.0,15699.0,13388.0
2026-05-20,SC78606,B0732WFNVL,Original Mattress,Mattress,2,26270.0,1900.0,28170.0,25888.0
2026-05-20,SCP75608,B07MBSJ553,Original Mattress,Mattress,1,14469.0,1230.0,15699.0,13998.0
2026-05-20,SCP78608,B07JN4C3NB,Original Mattress,Mattress,1,14869.0,1230.0,16099.0,13379.0
2026-05-20,SCPROK78x72,B0822WWZRV,Protector,Bedding,5,4220.0,955.0,5175.0,4220.0
2026-05-21,SC-78x60x10,B09BFD1ZB3,Original Mattress,Mattress,2,33731.0,2460.0,36191.0,31065.0
2026-05-21,SC-BABY48244,B07Y37P1T3,Baby Mattress,Mattress,1,1742.0,457.0,2199.0,1687.0
2026-05-21,SC-F-CLPILW27x18,B08KT1QRHJ,Cloud Pillow,Pillows,1,851.0,148.0,999.0,851.0
2026-05-21,SC-F-CON-MFPILWS2-BAM-24x14,B09XFG77VR,Contour Bamboo MF Pillow,Pillows,1,1688.0,211.0,1899.0,1688.0
2026-05-21,SC-F-HYB-LATEX-D-72x48x8,B09XGGGNN9,Hybrid Latex Mattress,Mattress,3,41733.0,2850.0,44583.0,37655.0
2026-05-21,SC-F-HYB-LATEX-K-72x70x8,B0F2TJJVDM,Hybrid Latex Mattress,Mattress,1,19769.0,1430.0,21199.0,19133.0
2026-05-21,SC-F-HYB-LATEX-K-78x72x8,B09XGCSRXY,Hybrid Latex Mattress,Mattress,1,20449.0,1430.0,21879.0,16792.0
2026-05-21,SC-F-HYB-LATEX-Q-72x60x8,B09XFN2QX3,Hybrid Latex Mattress,Mattress,2,33138.0,2460.0,35598.0,32655.0
2026-05-21,SC-F-HYB-LATEX-Q-75x60x8,B09XFRNJCD,Hybrid Latex Mattress,Mattress,1,16946.0,1230.0,18176.0,16400.0
2026-05-21,SC-F-HYB-LATEX-Q-78x60x6,B09XGPZKTZ,Hybrid Latex Mattress,Mattress,1,15149.0,1230.0,16379.0,12855.0
2026-05-21,SC-F-HYB-LATEX-S-72x36x6,B09XFMX37N,Hybrid Latex Mattress,Mattress,1,8149.0,950.0,9099.0,7860.0
2026-05-21,SC-F-LITEPILWPSET2-S-27X17,B0CV17V482,Fiber Lite,Pillows,4,2804.0,592.0,3396.0,2804.0
2026-05-21,SC-F-LTX-ORTHO-K-72X72X6,B0G3C251F1,Latex Ortho Mattress,Mattress,1,15069.0,1230.0,16299.0,13602.0
2026-05-21,SC-F-LTX-ORTHO-K-78X72X6,B0G3BY1NZH,Latex Ortho Mattress,Mattress,2,31522.0,2460.0,33982.0,31522.0
2026-05-21,SC-F-LTX-ORTHO-K-78X72X8,B0G3D21NYY,Latex Ortho Mattress,Mattress,1,18069.0,1230.0,19299.0,18069.0
2026-05-21,SC-F-LTX-ORTHO-K-78x72x5,B0G7JCBDJJ,Latex Ortho Mattress,Mattress,1,13281.0,950.0,14231.0,11999.0
2026-05-21,SC-F-LTX-ORTHO-Q-78x60x5,B0G7HXS2LF,Latex Ortho Mattress,Mattress,1,11929.0,950.0,12879.0,11542.0
2026-05-21,SC-F-LTX-ORTHO-S-72X36X6,B0G3CC722B,Latex Ortho Mattress,Mattress,1,8145.0,810.0,8955.0,6980.0
2026-05-21,SC-F-LTX-ORTHO-S-75X30X6,B0G3BSHTRS,Latex Ortho Mattress,Mattress,1,7389.0,810.0,8199.0,7389.0
2026-05-21,SC-F-ORIG-D-72x48x10,B0BB7KCGYN,Original Mattress,Mattress,1,13449.0,950.0,14399.0,13128.0
2026-05-21,SC-F-ORIG-K-75x72x5,B0G253GWFF,Original Mattress,Mattress,1,13549.0,950.0,14499.0,12573.0
2026-05-21,SC-F-ORIG-K-84x72x6,B0BB72TBNX,Original Mattress,Mattress,1,15269.0,1230.0,16499.0,14774.0
2026-05-21,SC-F-ORIG-S-72x30x5,B0G256TW3Q,Original Mattress,Mattress,1,6989.0,810.0,7799.0,6989.0
2026-05-21,SC-F-PROT-Q-72x66,B0822VBPYC,Protector,Bedding,1,833.0,141.0,974.0,833.0
2026-05-21,SC-F-PROT-Q-78x60,B0822WJWGS,Protector,Bedding,1,752.0,141.0,893.0,752.0
2026-05-21,SC-F-PRPNPILWCS-S-28x18,B0CWL52SCG,Cotton Pillow Case,Bedding,1,359.0,153.0,512.0,359.0
2026-05-21,SC-F-S2CLPILW27x18,B08R7MX63N,Cloud Pillow,Pillows,1,1688.0,211.0,1899.0,1688.0
2026-05-21,SC-F-S2MFPILW-26x16x4,B08R8DC5BB,Memory Foam Pillow,Pillows,6,10128.0,1266.0,11394.0,10128.0
2026-05-21,SC-F-S4MFPILW-26x16x4,B08R8DQ3T4,Memory Foam Pillow,Pillows,2,7176.0,422.0,7598.0,7176.0
2026-05-21,SC-F-SLMMFPILWSET1-BAM-S-25x15,B0GVF93GX9,Slim Pillow,Pillows,1,1203.0,211.0,1414.0,1203.0
2026-05-21,SC-F-SMFPILWSET1-BAM-S-22x14,B0F1Y416FR,Small Memory Foam Pillow,Pillows,2,1702.0,296.0,1998.0,1702.0
2026-05-21,SC-F-STMRPILWCS-S-28x18,B0DDCN42RW,Sateen Pillow Case,Bedding,1,647.0,0.0,647.0,647.0
2026-05-21,SC-F-ULTM-LATEX-K-75x72x8,B0D58LV9HN,Ultima Latex Mattress,Mattress,1,32469.0,1430.0,33899.0,31649.0
2026-05-21,SC-MFPILW-BAM-C-25x16,B09XFF5LPL,Contour Bamboo MF Pillow,Pillows,5,4192.0,740.0,4932.0,4192.0
2026-05-21,SC-MFPILW-CLT-S-25x16,B09XF967YW,CoolTEC MF Pillow,Pillows,1,2088.0,211.0,2299.0,2088.0
2026-05-21,SC72606,B078BNQ7M4,Original Mattress,Mattress,3,38203.0,2850.0,41053.0,33915.0
2026-05-21,SC78606,B0732WFNVL,Original Mattress,Mattress,1,13149.0,950.0,14099.0,12726.0
2026-05-21,SC78726,B0732Y4N37,Original Mattress,Mattress,1,14769.0,1230.0,15999.0,14335.0
2026-05-21,SCP72608,B07MHZTP8Q,Original Mattress,Mattress,1,13969.0,1230.0,15199.0,13557.0
2026-05-21,SCP75608,B07MBSJ553,Original Mattress,Mattress,1,14469.0,1230.0,15699.0,14469.0
2026-05-21,SCP78728,B07JM7GQG4,Original Mattress,Mattress,1,17169.0,1230.0,18399.0,16617.0
2026-05-21,SCPROD75x48,B0822XBCF1,Protector,Bedding,1,704.0,141.0,845.0,704.0
2026-05-21,SCPROK78x72,B0822WWZRV,Protector,Bedding,4,3331.0,764.0,4095.0,3331.0
2026-05-22,SC-F-4TFOLD-BL-72X36,B0FHF2DKQZ,Tri-fold Mattress,Mattress,1,4589.0,810.0,5399.0,4049.0
2026-05-22,SC-F-4TFOLD-BL-72X48,B0FHF65C2R,Tri-fold Mattress,Mattress,3,17667.0,2430.0,20097.0,16729.0
2026-05-22,SC-F-72x72x10,B09BFCFQ9G,Original Mattress,Mattress,1,18769.0,1230.0,19999.0,18169.0
2026-05-22,SC-F-CLPILW27x18,B08KT1QRHJ,Cloud Pillow,Pillows,1,851.0,148.0,999.0,851.0
2026-05-22,SC-F-CON-MFPILWS2-BAM-24x14,B09XFG77VR,Contour Bamboo MF Pillow,Pillows,2,3241.0,422.0,3663.0,3241.0
2026-05-22,SC-F-CTR-LTX-BAM-24x16,B0F2N7Q9H3,Contour Latex Pillow,Pillows,1,2176.0,211.0,2387.0,2176.0
2026-05-22,SC-F-HYB-LATEX-D-72x48x8,B09XGGGNN9,Hybrid Latex Mattress,Mattress,1,13866.0,950.0,14816.0,13419.0
2026-05-22,SC-F-HYB-LATEX-K-75x72x8,B09XFL1FR1,Hybrid Latex Mattress,Mattress,1,19845.0,1430.0,21275.0,17717.0
2026-05-22,SC-F-HYB-LATEX-K-78x72x6,B09XFKM8V6,Hybrid Latex Mattress,Mattress,5,88789.0,6150.0,94939.0,84868.0
2026-05-22,SC-F-HYB-LATEX-K-78x72x8,B09XGCSRXY,Hybrid Latex Mattress,Mattress,2,40918.0,2860.0,43778.0,39604.0
2026-05-22,SC-F-HYB-LATEX-Q-72x60x6,B09XGNVN9N,Hybrid Latex Mattress,Mattress,1,14369.0,1230.0,15599.0,13901.0
2026-05-22,SC-F-HYB-LATEX-Q-72x60x8,B09XFN2QX3,Hybrid Latex Mattress,Mattress,1,16569.0,1230.0,17799.0,16086.0
2026-05-22,SC-F-HYB-LATEX-Q-78x60x8,B09XFL1H1T,Hybrid Latex Mattress,Mattress,1,17340.0,1230.0,18570.0,14739.0
2026-05-22,SC-F-HYBPILWSET2-S-26x16,B09XF52Y5P,Hybrid Pillow,Pillows,1,3288.0,211.0,3499.0,3288.0
2026-05-22,SC-F-LITEPILWPSET2-S-27X17,B0CV17V482,Fiber Lite,Pillows,2,1402.0,296.0,1698.0,1402.0
2026-05-22,SC-F-LTX-ORTHO-K-78X72X6,B0G3BY1NZH,Latex Ortho Mattress,Mattress,2,31538.0,2460.0,33998.0,31538.0
2026-05-22,SC-F-LTX-ORTHO-K-78X72X8,B0G3D21NYY,Latex Ortho Mattress,Mattress,1,18069.0,1230.0,19299.0,18069.0
2026-05-22,SC-F-LTX-ORTHO-Q-72X60X8,B0G3CNC7P5,Latex Ortho Mattress,Mattress,1,14669.0,1230.0,15899.0,12443.0
2026-05-22,SC-F-LTX-ORTHO-Q-75X60X8,B0G3CTX1NC,Latex Ortho Mattress,Mattress,1,15069.0,1230.0,16299.0,14253.0
2026-05-22,SC-F-LTX-ORTHO-Q-78x60x5,B0G7HXS2LF,Latex Ortho Mattress,Mattress,2,23898.0,1900.0,25798.0,23503.0
2026-05-22,SC-F-LTX-ORTHO-S-75x36x5,B0G7J4C6P3,Latex Ortho Mattress,Mattress,1,7589.0,0.0,7589.0,7337.0
2026-05-22,SC-F-ORIG-D-72x48x10,B0BB7KCGYN,Original Mattress,Mattress,1,13449.0,950.0,14399.0,13017.0
2026-05-22,SC-F-ORIG-Q-72x60x5,B0G25BHBT6,Original Mattress,Mattress,2,22298.0,1900.0,24198.0,22298.0
2026-05-22,SC-F-PETORTHO-XL-28x52,,SC-F-PETORTHO-XL-28x52,Other,1,4047.0,352.0,4399.0,3908.0
2026-05-22,SC-F-PROT-D-78x48,B0822VYH6P,Protector,Bedding,3,3520.0,423.0,3943.0,3520.0
2026-05-22,SC-F-PROT-S-72x36,B0822W49Z9,Protector,Bedding,1,609.0,141.0,750.0,609.0
2026-05-22,SC-F-S2CLPILW27x18,B08R7MX63N,Cloud Pillow,Pillows,1,1688.0,211.0,1899.0,1688.0
2026-05-22,SC-F-S2MFPILW-26x16x4,B08R8DC5BB,Memory Foam Pillow,Pillows,5,8306.0,1055.0,9361.0,8306.0
2026-05-22,SC-F-S4MFPILW-26x16x4,B08R8DQ3T4,Memory Foam Pillow,Pillows,1,3588.0,211.0,3799.0,3588.0
2026-05-22,SC-F-SMFPILWSET1-BAM-S-22x14,B0F1Y416FR,Small Memory Foam Pillow,Pillows,1,826.0,148.0,974.0,826.0
2026-05-22,SC-F-STPBPILWCS-S-28x18,B0DDCLWFTR,Sateen Pillow Case,Bedding,1,607.0,162.0,769.0,607.0
2026-05-22,SC-F-SUPRSOFTPILW-S-25x16,B0CRHS55FC,Marshmallow Pillow,Pillows,1,1488.0,211.0,1699.0,1468.0
2026-05-22,SC-F-ULTM-LATEX-D-72x48x8,B0D58MYX7J,Ultima Latex Mattress,Mattress,1,22769.0,1430.0,24199.0,19139.0
2026-05-22,SC-F-ULTM-LATEX-K-75x72x8,B0D58LV9HN,Ultima Latex Mattress,Mattress,1,32469.0,1430.0,33899.0,26746.0
2026-05-22,SC-FK-LSC-BL,B0FMNM4TKZ,Mobility,Mobility,1,732.0,167.0,899.0,678.0
2026-05-22,SC-MFPILW-BAM-C-25x16,B09XFF5LPL,Contour Bamboo MF Pillow,Pillows,6,10204.0,888.0,11092.0,10204.0
2026-05-22,SC-SLMPILW-S-26x16,B09XBMFFZY,Slim Pillow,Pillows,1,773.0,148.0,921.0,773.0
2026-05-22,SC-ULTM-K-78x72x8,B09XGRWRST,Ultima Mattress,Mattress,1,23244.0,1430.0,24674.0,20332.0
2026-05-22,SC72486,B077Q9YRMY,Original Mattress,Mattress,1,10149.0,950.0,11099.0,9816.0
2026-05-22,SC72606,B078BNQ7M4,Original Mattress,Mattress,1,12749.0,950.0,13699.0,12338.0
2026-05-22,SC72726,B077QJVWBR,Original Mattress,Mattress,2,28938.0,2460.0,31398.0,26740.0
2026-05-22,SC75366,B077Q9YRMV,Original Mattress,Mattress,1,8389.0,810.0,9199.0,8113.0
2026-05-22,SC75726,B0732TFNYC,Original Mattress,Mattress,1,14524.0,1230.0,15754.0,14172.0
2026-05-22,SC78726,B0732Y4N37,Original Mattress,Mattress,1,12769.0,1230.0,13999.0,10809.0
2026-05-22,SCP75608,B07MBSJ553,Original Mattress,Mattress,3,43407.0,3690.0,47097.0,37411.0
2026-05-22,SCP78608,B07JN4C3NB,Original Mattress,Mattress,1,14869.0,1230.0,16099.0,14386.0
2026-05-22,SCP78728,B07JM7GQG4,Original Mattress,Mattress,1,17141.0,1230.0,18371.0,16642.0
2026-05-22,SCPROK78x72,B0822WWZRV,Protector,Bedding,4,3376.0,764.0,4140.0,3376.0
2026-05-22,SCPROS75x36,B0822V9JY4,Protector,Bedding,1,571.0,141.0,712.0,571.0
2026-05-23,SC-F-4TFOLD-BL-72X36,B0FHF2DKQZ,Tri-fold Mattress,Mattress,1,4564.0,810.0,5374.0,3894.0
2026-05-23,SC-F-4TFOLD-BL-72X48,B0FHF65C2R,Tri-fold Mattress,Mattress,2,11778.0,1620.0,13398.0,11376.0
2026-05-23,SC-F-CLPILW27x18,B08KT1QRHJ,Cloud Pillow,Pillows,1,851.0,148.0,999.0,851.0
2026-05-23,SC-F-CTR-LTX-BAM-24x16,B0F2N7Q9H3,Contour Latex Pillow,Pillows,1,2143.0,211.0,2354.0,2143.0
2026-05-23,SC-F-HYB-LATEX-D-72x48x6,B09XFLYZ66,Hybrid Latex Mattress,Mattress,3,35547.0,2850.0,38397.0,33024.0
2026-05-23,SC-F-HYB-LATEX-K-72x72x8,B09XFMGSKV,Hybrid Latex Mattress,Mattress,1,19469.0,1430.0,20899.0,19004.0
2026-05-23,SC-F-HYB-LATEX-K-75x72x6,B09XFLVCHN,Hybrid Latex Mattress,Mattress,1,17169.0,1230.0,18399.0,14593.0
2026-05-23,SC-F-HYB-LATEX-K-78x72x6,B09XFKM8V6,Hybrid Latex Mattress,Mattress,1,17746.0,1230.0,18976.0,15692.0
2026-05-23,SC-F-HYB-LATEX-Q-72x60x6,B09XGNVN9N,Hybrid Latex Mattress,Mattress,1,14282.0,1230.0,15512.0,13859.0
2026-05-23,SC-F-HYB-LATEX-Q-72x60x8,B09XFN2QX3,Hybrid Latex Mattress,Mattress,1,16569.0,1230.0,17799.0,16035.0
2026-05-23,SC-F-HYB-LATEX-Q-75x60x6,B09XGK6Q4L,Hybrid Latex Mattress,Mattress,1,14569.0,1230.0,15799.0,14092.0
2026-05-23,SC-F-HYB-LATEX-Q-78x60x6,B09XGPZKTZ,Hybrid Latex Mattress,Mattress,1,15069.0,1230.0,16299.0,12787.0
2026-05-23,SC-F-HYB-LATEX-Q-78x60x8,B09XFL1H1T,Hybrid Latex Mattress,Mattress,4,69453.0,4920.0,74373.0,60746.0
2026-05-23,SC-F-HYB-LATEX-S-72x36x6,B09XFMX37N,Hybrid Latex Mattress,Mattress,4,38104.0,3800.0,41904.0,33181.0
2026-05-23,SC-F-LITEPILWPSET2-S-27X17,B0CV17V482,Fiber Lite,Pillows,4,2787.0,592.0,3379.0,2752.0
2026-05-23,SC-F-LTX-ORTHO-D-72x48x5,B0G7J4C6NX,Latex Ortho Mattress,Mattress,1,9249.0,950.0,10199.0,9249.0
2026-05-23,SC-F-LTX-ORTHO-K-75x72x5,B0G7JNQ78N,Latex Ortho Mattress,Mattress,1,12849.0,950.0,13799.0,12849.0
2026-05-23,SC-F-LTX-ORTHO-K-78X72X6,B0G3BY1NZH,Latex Ortho Mattress,Mattress,1,15769.0,1230.0,16999.0,15769.0
2026-05-23,SC-F-LTX-ORTHO-K-78X72X8,B0G3D21NYY,Latex Ortho Mattress,Mattress,1,18040.0,1230.0,19270.0,18040.0
2026-05-23,SC-F-LTX-ORTHO-K-78x72x5,B0G7JCBDJJ,Latex Ortho Mattress,Mattress,1,13349.0,950.0,14299.0,13349.0
2026-05-23,SC-F-LTX-ORTHO-S-72x36x5,B0G7HSDJXL,Latex Ortho Mattress,Mattress,1,5589.0,810.0,6399.0,5077.0
2026-05-23,SC-F-MFPILW-P-28x18,,SC-F-MFPILW-P-28x18,Other,2,7484.0,422.0,7906.0,7484.0
2026-05-23,SC-F-ORIG-D-78x48x5,B0G25656L7,Original Mattress,Mattress,1,10504.0,0.0,10504.0,10504.0
2026-05-23,SC-F-ORIG-K-72x72x4,B0G726PGD2,Original Mattress,Mattress,1,10849.0,950.0,11799.0,10849.0
2026-05-23,SC-F-ORIG-Q-78x60x5,B0G2569T27,Original Mattress,Mattress,1,11949.0,950.0,12899.0,11949.0
2026-05-23,SC-F-ORIG-S-72x30x5,B0G256TW3Q,Original Mattress,Mattress,1,6987.0,810.0,7797.0,6635.0
2026-05-23,SC-F-PETORIG-L-32X46,B091CW7VX5,Pet Bed,Beds,2,2657.0,704.0,3361.0,2376.0
2026-05-23,SC-F-PETORIG-M-26x36,B091CVL3WN,Pet Bed,Beds,1,1047.0,0.0,1047.0,897.0
2026-05-23,SC-F-PROT-K-72x72,B0822WG76C,Protector,Bedding,1,844.0,191.0,1035.0,844.0
2026-05-23,SC-F-PROT-K-75x72,B0822W6ZCG,Protector,Bedding,3,4220.0,573.0,4793.0,4220.0
2026-05-23,SC-F-PROT-Q-72x66,B0822VBPYC,Protector,Bedding,1,858.0,141.0,999.0,858.0
2026-05-23,SC-F-S2CLPILW27x18,B08R7MX63N,Cloud Pillow,Pillows,3,5010.0,633.0,5643.0,5010.0
2026-05-23,SC-F-S2MFPILW-26x16x4,B08R8DC5BB,Memory Foam Pillow,Pillows,4,6600.0,844.0,7444.0,6600.0
2026-05-23,SC-F-SLSTPILWCS-C-52x20,,SC-F-SLSTPILWCS-C-52x20,Other,1,391.0,0.0,391.0,391.0
2026-05-23,SC-F-STDMPILWCS-S-28x18,B0DDCNGK8X,Sateen Pillow Case,Bedding,1,647.0,0.0,647.0,647.0
2026-05-23,SC-F-STMRPILWCS-S-28x18,B0DDCN42RW,Sateen Pillow Case,Bedding,1,647.0,0.0,647.0,647.0
2026-05-23,SC-FK-CNC-BLK-SMALL,,SC-FK-CNC-BLK-SMALL,Other,1,835.0,0.0,835.0,706.0
2026-05-23,SC-MFPILW-BAM-C-25x16,B09XFF5LPL,Contour Bamboo MF Pillow,Pillows,5,4218.0,740.0,4958.0,4218.0
2026-05-23,SC-ULTM-K-75x72x8,B09XGPHT52,Ultima Mattress,Mattress,1,23269.0,1430.0,24699.0,23269.0
2026-05-23,SC75606,B0732TMKP8,Original Mattress,Mattress,1,12949.0,950.0,13899.0,12949.0
2026-05-23,SCP75608,B07MBSJ553,Original Mattress,Mattress,1,14469.0,1230.0,15699.0,14469.0
2026-05-23,SCP78608,B07JN4C3NB,Original Mattress,Mattress,1,14769.0,1230.0,15999.0,12529.0
2026-05-24,SC-BKNECKPILW-S-10x9,B0CJ9G9XVQ,Travel Neck Pillow,Pillows,1,795.0,154.0,949.0,795.0
2026-05-24,SC-F-4TFOLD-BL-72X48,B0FHF65C2R,Tri-fold Mattress,Mattress,3,17597.0,2430.0,20027.0,16280.0
2026-05-24,SC-F-CTR-LTX-BAM-24x16,B0F2N7Q9H3,Contour Latex Pillow,Pillows,2,4353.0,422.0,4775.0,4353.0
2026-05-24,SC-F-DGRDVTCOVER-S-90x60,B0CW9S9W8F,Cotton Duvet cover,Bedding,1,1543.0,256.0,1799.0,1543.0
2026-05-24,SC-F-DGRPILWCS-P-32x20,B0CWL5BWP4,Cotton Pillow Case,Bedding,1,504.0,0.0,504.0,504.0
2026-05-24,SC-F-DGRPILWCS-S-28x18,B0CWL2NG34,Cotton Pillow Case,Bedding,1,404.0,135.0,539.0,404.0
2026-05-24,SC-F-HYB-LATEX-D-72x48x6,B09XFLYZ66,Hybrid Latex Mattress,Mattress,1,11849.0,950.0,12799.0,11465.0
2026-05-24,SC-F-HYB-LATEX-D-72x48x8,B09XGGGNN9,Hybrid Latex Mattress,Mattress,1,13949.0,950.0,14899.0,13502.0
2026-05-24,SC-F-HYB-LATEX-K-72x72x8,B09XFMGSKV,Hybrid Latex Mattress,Mattress,4,77793.0,5720.0,83513.0,71237.0
2026-05-24,SC-F-HYB-LATEX-K-78x70x6,B0F2TGBG5V,Hybrid Latex Mattress,Mattress,1,17169.0,1230.0,18399.0,15010.0
2026-05-24,SC-F-HYB-LATEX-K-78x72x8,B09XGCSRXY,Hybrid Latex Mattress,Mattress,1,20469.0,1430.0,21899.0,19812.0
2026-05-24,SC-F-HYB-LATEX-Q-75x60x6,B09XGK6Q4L,Hybrid Latex Mattress,Mattress,2,29338.0,2460.0,31798.0,28384.0
2026-05-24,SC-F-HYB-LATEX-Q-78x60x6,B09XGPZKTZ,Hybrid Latex Mattress,Mattress,2,30338.0,2460.0,32798.0,25746.0
2026-05-24,SC-F-HYB-LATEX-Q-78x60x8,B09XFL1H1T,Hybrid Latex Mattress,Mattress,1,17369.0,1230.0,18599.0,14443.0
2026-05-24,SC-F-LITEPILWPSET2-S-27X17,B0CV17V482,Fiber Lite,Pillows,4,2754.0,592.0,3346.0,2719.0
2026-05-24,SC-F-LTX-ORTHO-K-72X72X6,B0G3C251F1,Latex Ortho Mattress,Mattress,1,15069.0,1230.0,16299.0,14469.0
2026-05-24,SC-F-LTX-ORTHO-K-78X72X6,B0G3BY1NZH,Latex Ortho Mattress,Mattress,1,15769.0,1230.0,16999.0,13389.0
2026-05-24,SC-F-LTX-ORTHO-K-78X72X8,B0G3D21NYY,Latex Ortho Mattress,Mattress,2,36088.0,2460.0,38548.0,36088.0
2026-05-24,SC-F-LTX-ORTHO-K-78x72x5,B0G7JCBDJJ,Latex Ortho Mattress,Mattress,1,13349.0,950.0,14299.0,13349.0
2026-05-24,SC-F-ORIG-K-72x72x5,B0G25736BD,Original Mattress,Mattress,1,13149.0,950.0,14099.0,12718.0
2026-05-24,SC-F-ORIG-K-78x72x5,B0G254DYHG,Original Mattress,Mattress,1,14049.0,950.0,14999.0,13599.0
2026-05-24,SC-F-ORIG-Q-75x66x5,B0G256TCF3,Original Mattress,Mattress,1,12949.0,950.0,13899.0,12949.0
2026-05-24,SC-F-ORIG-Q-78x60x4,B0G71QBLSG,Original Mattress,Mattress,1,9349.0,950.0,10299.0,9349.0
2026-05-24,SC-F-PETORTHO-M-28x26,B091CWJV2X,Pet Bed,Beds,1,1747.0,0.0,1747.0,1617.0
2026-05-24,SC-F-PROT-K-72x72,B0822WG76C,Protector,Bedding,2,1688.0,382.0,2070.0,1688.0
2026-05-24,SC-F-PROT-Q-78x66,B0822XLRG1,Protector,Bedding,1,858.0,141.0,999.0,858.0
2026-05-24,SC-F-PRPNPILWCS-S-28x18,B0CWL52SCG,Cotton Pillow Case,Bedding,3,1930.0,459.0,2389.0,1930.0
2026-05-24,SC-F-S2CLPILW27x18,B08R7MX63N,Cloud Pillow,Pillows,2,3376.0,422.0,3798.0,3376.0
2026-05-24,SC-F-S2MFPILW-26x16x4,B08R8DC5BB,Memory Foam Pillow,Pillows,4,6752.0,844.0,7596.0,6752.0
2026-05-24,SC-F-SLMMFPILWSET1-BAM-S-25x15,B0GVF93GX9,Slim Pillow,Pillows,1,1203.0,211.0,1414.0,1203.0
2026-05-24,SC-F-SMFPILWSET1-BAM-S-22x14,B0F1Y416FR,Small Memory Foam Pillow,Pillows,1,851.0,148.0,999.0,851.0
2026-05-24,SC-F-STDMPILWCS-C-52x20,B0DDCQVPLC,Sateen Pillow Case,Bedding,1,557.0,162.0,719.0,557.0
2026-05-24,SC-F-TBLFTDSHEET-K-78x72,B0BF52YR1M,Cotton Fitted Bedsheet,Bedding,1,1701.0,198.0,1899.0,1701.0
2026-05-24,SC-MFPILW-BAM-C-25x16,B09XFF5LPL,Contour Bamboo MF Pillow,Pillows,2,1684.0,296.0,1980.0,1684.0
2026-05-24,SC-OBCHFTDSHEET-K-78x72,B0BX6PXMT9,Cotton Fitted Bedsheet,Bedding,1,1839.0,198.0,2037.0,1839.0
2026-05-24,SC-PILLOW,B0822SXQGH,Memory Foam Pillow,Pillows,3,7440.0,633.0,8073.0,7440.0
2026-05-24,SC-SLMPILW-S-26x16,B09XBMFFZY,Slim Pillow,Pillows,2,1602.0,296.0,1898.0,1602.0
2026-05-24,SC78726,B0732Y4N37,Original Mattress,Mattress,1,14769.0,1230.0,15999.0,14289.0
2026-05-24,SCP75608,B07MBSJ553,Original Mattress,Mattress,1,14469.0,1230.0,15699.0,13541.0
2026-05-24,SCP78608,B07JN4C3NB,Original Mattress,Mattress,1,14869.0,1230.0,16099.0,14869.0
2026-05-24,SCPROK78x72,B0822WWZRV,Protector,Bedding,4,3376.0,764.0,4140.0,3376.0
2026-05-25,SC-F-4TFOLD-BL-72X36,B0FHF2DKQZ,Tri-fold Mattress,Mattress,2,9178.0,1620.0,10798.0,7966.0
2026-05-25,SC-F-4TFOLD-BL-72X48,B0FHF65C2R,Tri-fold Mattress,Mattress,4,23532.0,3240.0,26772.0,22068.0
2026-05-25,SC-F-HYB-LATEX-K-78x72x6,B09XFKM8V6,Hybrid Latex Mattress,Mattress,1,17769.0,1230.0,18999.0,16461.0
2026-05-25,SC-F-HYB-LATEX-Q-75x60x6,B09XGK6Q4L,Hybrid Latex Mattress,Mattress,2,29335.0,2460.0,31795.0,27035.0
2026-05-25,SC-F-HYB-LATEX-Q-75x60x8,B09XFRNJCD,Hybrid Latex Mattress,Mattress,1,16969.0,1230.0,18199.0,16423.0
2026-05-25,SC-F-HYB-LATEX-Q-78x60x6,B09XGPZKTZ,Hybrid Latex Mattress,Mattress,1,15096.0,1230.0,16326.0,12808.0
2026-05-25,SC-F-LTX-ORTHO-K-72X72X8,B0G3C233F8,Latex Ortho Mattress,Mattress,1,17469.0,1230.0,18699.0,16958.0
2026-05-25,SC-F-LTX-ORTHO-K-78X72X6,B0G3BY1NZH,Latex Ortho Mattress,Mattress,1,15755.0,1230.0,16985.0,13375.0
2026-05-25,SC-F-LTX-ORTHO-K-78x72x5,B0G7JCBDJJ,Latex Ortho Mattress,Mattress,2,26698.0,1900.0,28598.0,26261.0
2026-05-25,SC-F-LTX-ORTHO-Q-78x60x5,B0G7HXS2LF,Latex Ortho Mattress,Mattress,1,11919.0,950.0,12869.0,11532.0
2026-05-25,SC-F-LTX-ORTHO-S-72X36X6,B0G3CC722B,Latex Ortho Mattress,Mattress,1,8189.0,810.0,8999.0,8189.0
2026-05-25,SC-F-ORIG-K-72x72x5,B0G25736BD,Original Mattress,Mattress,1,13149.0,950.0,14099.0,13149.0
2026-05-25,SC-F-ORIG-Q-78x60x4,B0G71QBLSG,Original Mattress,Mattress,1,9349.0,950.0,10299.0,9349.0
2026-05-25,SC-F-ORIG-S-72x36x4,B0G71BGCB3,Original Mattress,Mattress,1,4999.0,810.0,5809.0,4576.0
2026-05-25,SC-F-P-72x48,B0822VTPQ4,Protector,Bedding,1,704.0,0.0,704.0,704.0
2026-05-25,SC-F-S2MFPILW-26x16x4,B08R8DC5BB,Memory Foam Pillow,Pillows,1,1663.0,211.0,1874.0,1663.0
2026-05-25,SC-Fk-ORIG-D-72x48x5,,SC-Fk-ORIG-D-72x48x5,Other,1,9885.0,950.0,10835.0,9885.0
2026-05-25,SC78726,B0732Y4N37,Original Mattress,Mattress,1,14769.0,1230.0,15999.0,14289.0
2026-05-25,SCP78608,B07JN4C3NB,Original Mattress,Mattress,1,14842.0,1230.0,16072.0,12591.0
2026-05-25,SCPROK78x72,B0822WWZRV,Protector,Bedding,2,1688.0,382.0,2070.0,1688.0
